#
# There is insufficient memory for the Java Runtime Environment to continue.
# Native memory allocation (mmap) failed to map 65536 bytes. Error detail: Failed to commit metaspace.
# Possible reasons:
#   The system is out of physical RAM or swap space
#   This process is running with CompressedOops enabled, and the Java Heap may be blocking the growth of the native heap
# Possible solutions:
#   Reduce memory load on the system
#   Increase physical memory or swap space
#   Check if swap backing store is full
#   Decrease Java heap size (-Xmx/-Xms)
#   Decrease number of Java threads
#   Decrease Java thread stack sizes (-Xss)
#   Set larger code cache with -XX:ReservedCodeCacheSize=
#   JVM is running with Unscaled Compressed Oops mode in which the Java heap is
#     placed in the first 4GB address space. The Java Heap base address is the
#     maximum limit for the native heap growth. Please use -XX:HeapBaseMinAddress
#     to set the Java Heap base and to place the Java Heap above 4GB virtual address.
# This output file may be truncated or incomplete.
#
#  Out of Memory Error (virtualSpaceNode.cpp:113), pid=36512, tid=34148
#
# JRE version: OpenJDK Runtime Environment (25.0.3) (build 25.0.3+-15898627-b508.16)
# Java VM: OpenJDK 64-Bit Server VM (25.0.3+-15898627-b508.16, mixed mode, emulated-client, tiered, compressed oops, compressed class ptrs, serial gc, windows-amd64)
# No core dump will be written. Minidumps are not enabled by default on client versions of Windows
#

---------------  S U M M A R Y ------------

Command Line: --add-opens=java.base/java.lang=ALL-UNNAMED --add-opens=java.base/java.lang.invoke=ALL-UNNAMED --add-opens=java.base/java.util=ALL-UNNAMED --add-opens=java.prefs/java.util.prefs=ALL-UNNAMED --add-exports=jdk.compiler/com.sun.tools.javac.api=ALL-UNNAMED --add-exports=jdk.compiler/com.sun.tools.javac.util=ALL-UNNAMED --add-opens=java.base/java.util=ALL-UNNAMED --add-opens=java.prefs/java.util.prefs=ALL-UNNAMED --add-opens=java.base/java.nio.charset=ALL-UNNAMED --add-opens=java.base/java.net=ALL-UNNAMED --add-opens=java.base/java.util.concurrent=ALL-UNNAMED --add-opens=java.base/java.util.concurrent.atomic=ALL-UNNAMED --add-opens=java.xml/javax.xml.namespace=ALL-UNNAMED --add-opens=java.base/java.time=ALL-UNNAMED --enable-native-access=ALL-UNNAMED -XX:MaxMetaspaceSize=384m -XX:+UseSerialGC -XX:TieredStopAtLevel=1 -Xmx1G -Dfile.encoding=UTF-8 -Duser.country=US -Duser.language=en -Duser.variant -javaagent:C:\Users\Mannona\.gradle\wrapper\dists\gradle-9.3.1-all\9ot9r568e8zfvvd4mn8rbu1j0\gradle-9.3.1\lib\agents\gradle-instrumentation-agent-9.3.1.jar org.gradle.launcher.daemon.bootstrap.GradleDaemon 9.3.1

Host: Intel(R) Core(TM) i7-8850H CPU @ 2.60GHz, 12 cores, 15G,  Windows 11 , 64 bit Build 26100 (10.0.26100.9444)
Time: Sun Sep 20 13:54:05 2026 Egypt Daylight Time elapsed time: 208.295313 seconds (0d 0h 3m 28s)

---------------  T H R E A D  ---------------

Current thread (0x000001f4bfb98030):  JavaThread "Daemon worker"        [_thread_in_vm, id=34148, stack(0x000000aa0ec00000,0x000000aa0ed00000) (1024K)]

Stack: [0x000000aa0ec00000,0x000000aa0ed00000]
Native frames: (J=compiled Java code, j=interpreted, Vv=VM code, C=native code)
V  [jvm.dll+0x7bf039]  (no source info available)
V  [jvm.dll+0x78912d]  (no source info available)
V  [jvm.dll+0xa0e615]  (no source info available)
V  [jvm.dll+0xa10c94]  (no source info available)
V  [jvm.dll+0xa11393]  (no source info available)
V  [jvm.dll+0x30a116]  (no source info available)
V  [jvm.dll+0xa0a6fe]  (no source info available)
V  [jvm.dll+0x753f35]  (no source info available)
V  [jvm.dll+0x2647e1]  (no source info available)
V  [jvm.dll+0x2645ae]  (no source info available)
V  [jvm.dll+0x756a89]  (no source info available)
V  [jvm.dll+0x756668]  (no source info available)
V  [jvm.dll+0x2a84dc]  (no source info available)
V  [jvm.dll+0x75497e]  (no source info available)
V  [jvm.dll+0x304527]  (no source info available)
V  [jvm.dll+0x304991]  (no source info available)
V  [jvm.dll+0x81c53f]  (no source info available)
V  [jvm.dll+0x81d3ef]  (no source info available)
V  [jvm.dll+0x46d4f2]  (no source info available)
V  [jvm.dll+0x46c0ac]  (no source info available)
V  [jvm.dll+0x46c048]  (no source info available)
V  [jvm.dll+0x47e9ba]  (no source info available)
C  0x000001f4b6d17c4f  (no source info available)

The last pc belongs to new (printed below).
Java frames: (J=compiled Java code, j=interpreted, Vv=VM code)
j  com.android.sdklib.repository.LoggerProgressIndicatorWrapper.throwableToString(Ljava/lang/Throwable;)Ljava/lang/String;+9
j  com.android.sdklib.repository.LoggerProgressIndicatorWrapper.logWarning(Ljava/lang/String;Ljava/lang/Throwable;)V+27
j  com.android.repository.api.DelegatingProgressIndicator.lambda$logWarning$6(Ljava/lang/String;Ljava/lang/Throwable;Lcom/android/repository/api/ProgressIndicator;)V+3
j  com.android.repository.api.DelegatingProgressIndicator$$Lambda+0x000000004ac2d3c8.accept(Ljava/lang/Object;)V+12
J 24635 c1 java.util.concurrent.ConcurrentHashMap$KeySetView.forEach(Ljava/util/function/Consumer;)V java.base@25.0.3 (63 bytes) @ 0x000001f4b864aa74 [0x000001f4b864a980+0x00000000000000f4]
j  com.android.repository.api.DelegatingProgressIndicator.logWarning(Ljava/lang/String;Ljava/lang/Throwable;)V+11
j  com.android.repository.impl.installer.BasicInstaller.doPrepare(Ljava/nio/file/Path;Lcom/android/repository/api/ProgressIndicator;)Z+293
j  com.android.repository.impl.installer.AbstractPackageOperation.prepare(Lcom/android/repository/api/ProgressIndicator;)Z+331
j  com.android.builder.sdk.DefaultSdkLoader.installRemotePackages(Ljava/util/List;Lcom/android/repository/api/RepoManager;Lcom/android/repository/api/Downloader;Lcom/android/repository/api/ProgressIndicator;)Ljava/util/Map;+202
j  com.android.builder.sdk.DefaultSdkLoader.installSdkTool(Lcom/android/builder/sdk/SdkLibData;Ljava/lang/String;)Ljava/io/File;+122
j  com.android.build.gradle.internal.SdkHandler.installNdk(Lcom/android/repository/Revision;)Ljava/io/File;+50
j  com.android.build.gradle.internal.cxx.configure.NdkLocatorKt.findNdkPathImpl(Ljava/lang/String;Ljava/lang/String;Ljava/lang/String;Ljava/io/File;Ljava/util/List;Lkotlin/jvm/functions/Function1;Lcom/android/build/gradle/internal/SdkHandler;)Lcom/android/build/gradle/internal/cxx/configure/NdkLocatorRecord;+679
j  com.android.build.gradle.internal.cxx.configure.NdkLocator.findNdkPath(Z)Lcom/android/build/gradle/internal/cxx/configure/NdkLocatorRecord;+60
j  com.android.build.gradle.internal.ndk.NdkHandler.getNdkStatus(Z)Lcom/android/build/gradle/internal/ndk/NdkInstallStatus;+5
j  com.android.build.gradle.internal.ndk.NdkHandler.getNdkPlatform(Z)Lcom/android/build/gradle/internal/ndk/NdkInstallStatus;+27
j  com.android.build.gradle.internal.cxx.gradle.generator.CxxConfigurationModelKt.tryCreateConfigurationParameters(Lcom/android/build/gradle/options/ProjectOptions;Lcom/android/build/gradle/internal/component/VariantCreationConfig;)Lcom/android/build/gradle/internal/cxx/gradle/generator/CxxConfigurationParameters;+186
j  com.android.build.gradle.internal.cxx.configure.CxxCreateGradleTasksKt.createCxxTasks(Lcom/android/prefs/AndroidLocationsProvider;Lcom/android/build/gradle/internal/SdkComponentsBuildService;Lcom/android/builder/errors/IssueReporter;Lcom/android/build/gradle/internal/tasks/factory/TaskFactory;Lcom/android/build/gradle/options/ProjectOptions;Ljava/util/Collection;Lorg/gradle/api/Project;)V+228
j  com.android.build.gradle.internal.VariantTaskManager.createTopLevelTasks(Lcom/android/builder/core/ComponentType;Lcom/android/build/gradle/internal/variant/VariantModel;)V+210
j  com.android.build.gradle.internal.VariantTaskManager.createTasks(Lcom/android/builder/core/ComponentType;Lcom/android/build/gradle/internal/variant/VariantModel;)V+365
j  com.android.build.gradle.internal.plugins.BasePlugin.createAndroidTasks(Lorg/gradle/api/Project;)V+1103
j  com.android.build.gradle.internal.plugins.BasePlugin$createTasks$2$1.call()V+8
j  com.android.build.gradle.internal.profile.NoOpAnalyticsConfiguratorService.recordBlock(Lcom/google/wireless/android/sdk/stats/GradleBuildProfileSpan$ExecutionType;Ljava/lang/String;Ljava/lang/String;Lcom/android/builder/profile/Recorder$VoidBlock;)V+21
j  com.android.build.gradle.internal.plugins.BasePlugin$createTasks$2.accept(Lorg/gradle/api/Project;)V+63
j  com.android.build.gradle.internal.plugins.BasePlugin$createTasks$2.accept(Ljava/lang/Object;)V+5
j  com.android.build.gradle.internal.crash.CrashReporting$afterEvaluate$1.execute(Lorg/gradle/api/Project;)V+12
j  com.android.build.gradle.internal.crash.CrashReporting$afterEvaluate$1.execute(Ljava/lang/Object;)V+5
J 7420 c1 org.gradle.internal.code.DefaultUserCodeApplicationContext$CurrentApplication$1.execute(Ljava/lang/Object;)V (79 bytes) @ 0x000001f4b77a0ae4 [0x000001f4b77a0a00+0x00000000000000e4]
j  org.gradle.configuration.internal.DefaultListenerBuildOperationDecorator$BuildOperationEmittingAction$1.run(Lorg/gradle/internal/operations/BuildOperationContext;)V+11
J 7352 c1 org.gradle.internal.operations.DefaultBuildOperationRunner$1.execute(Lorg/gradle/internal/operations/BuildOperation;Lorg/gradle/internal/operations/BuildOperationContext;)V (10 bytes) @ 0x000001f4b778db14 [0x000001f4b778da80+0x0000000000000094]
J 6889 c1 org.gradle.internal.operations.DefaultBuildOperationRunner$2.execute(Lorg/gradle/internal/operations/BuildOperationDescriptor;Lorg/gradle/internal/operations/BuildOperationState;Lorg/gradle/internal/operations/BuildOperationState;Lorg/gradle/internal/operations/DefaultBuildOperationRunner$ReadableBuildOperationContext;Lorg/gradle/internal/operations/DefaultBuildOperationRunner$BuildOperationExecutionListener;)Lorg/gradle/internal/operations/BuildOperation; (110 bytes) @ 0x000001f4b7719b2c [0x000001f4b7719a80+0x00000000000000ac]
J 8183 c1 org.gradle.internal.operations.DefaultBuildOperationRunner$2.execute(Lorg/gradle/internal/operations/BuildOperationDescriptor;Lorg/gradle/internal/operations/BuildOperationState;Lorg/gradle/internal/operations/BuildOperationState;Lorg/gradle/internal/operations/DefaultBuildOperationRunner$ReadableBuildOperationContext;Lorg/gradle/internal/operations/DefaultBuildOperationRunner$BuildOperationExecutionListener;)Ljava/lang/Object; (12 bytes) @ 0x000001f4b78599c4 [0x000001f4b7859980+0x0000000000000044]
J 8174 c1 org.gradle.internal.operations.DefaultBuildOperationRunner.execute(Lorg/gradle/internal/operations/BuildOperationDescriptor$Builder;Lorg/gradle/internal/operations/DefaultBuildOperationRunner$BuildOperationExecution;)Ljava/lang/Object; (147 bytes) @ 0x000001f4b785a4ac [0x000001f4b7859f80+0x000000000000052c]
J 7351 c1 org.gradle.internal.operations.DefaultBuildOperationRunner.run(Lorg/gradle/internal/operations/RunnableBuildOperation;)V (9 bytes) @ 0x000001f4b778de94 [0x000001f4b778dd80+0x0000000000000114]
j  org.gradle.configuration.internal.DefaultListenerBuildOperationDecorator$BuildOperationEmittingAction.execute(Ljava/lang/Object;)V+24
j  org.gradle.internal.event.BroadcastDispatch$ActionInvocationHandler.dispatch(Lorg/gradle/internal/dispatch/MethodInvocation;)V+24
j  org.gradle.internal.event.BroadcastDispatch$ActionInvocationHandler.dispatch(Ljava/lang/Object;)V+5
J 2524 c1 org.gradle.internal.event.AbstractBroadcastDispatch.dispatch(Lorg/gradle/internal/dispatch/MethodInvocation;Lorg/gradle/internal/dispatch/Dispatch;)V (74 bytes) @ 0x000001f4b725e2ec [0x000001f4b725e280+0x000000000000006c]
J 2522 c1 org.gradle.internal.event.BroadcastDispatch$SingletonDispatch.dispatch(Ljava/lang/Object;)V (9 bytes) @ 0x000001f4b725caec [0x000001f4b725ca80+0x000000000000006c]
J 8262 c1 org.gradle.internal.event.AbstractBroadcastDispatch.dispatch(Lorg/gradle/internal/dispatch/MethodInvocation;Ljava/util/Iterator;)V (194 bytes) @ 0x000001f4b786bd8c [0x000001f4b786bc80+0x000000000000010c]
J 4429 c1 org.gradle.internal.event.AbstractBroadcastDispatch.dispatch(Lorg/gradle/internal/dispatch/MethodInvocation;Ljava/util/List;)V (65 bytes) @ 0x000001f4b74b152c [0x000001f4b74b1480+0x00000000000000ac]
J 9905 c1 org.gradle.internal.event.BroadcastDispatch$CompositeDispatch.dispatch(Ljava/lang/Object;)V (9 bytes) @ 0x000001f4b7a372ec [0x000001f4b7a37280+0x000000000000006c]
J 6934 c1 org.gradle.internal.event.ListenerBroadcast.dispatch(Ljava/lang/Object;)V (9 bytes) @ 0x000001f4b7725df4 [0x000001f4b7725d80+0x0000000000000074]
J 6502 c1 org.gradle.internal.dispatch.ProxyDispatchAdapter$DispatchingInvocationHandler.invoke(Ljava/lang/Object;Ljava/lang/reflect/Method;[Ljava/lang/Object;)Ljava/lang/Object; (266 bytes) @ 0x000001f4b76af554 [0x000001f4b76aea80+0x0000000000000ad4]
j  jdk.proxy1.$Proxy69.afterEvaluate(Lorg/gradle/api/Project;Lorg/gradle/api/ProjectState;)V+20 jdk.proxy1
j  org.gradle.configuration.project.LifecycleProjectEvaluator$NotifyAfterEvaluate$1.execute(Lorg/gradle/api/ProjectEvaluationListener;)V+15
j  org.gradle.configuration.project.LifecycleProjectEvaluator$NotifyAfterEvaluate$1.execute(Ljava/lang/Object;)V+5
j  org.gradle.api.internal.project.DefaultProject.stepEvaluationListener(Lorg/gradle/api/ProjectEvaluationListener;Lorg/gradle/api/Action;)Lorg/gradle/api/ProjectEvaluationListener;+19
j  org.gradle.configuration.project.LifecycleProjectEvaluator$NotifyAfterEvaluate.run(Lorg/gradle/internal/operations/BuildOperationContext;)V+25
J 7352 c1 org.gradle.internal.operations.DefaultBuildOperationRunner$1.execute(Lorg/gradle/internal/operations/BuildOperation;Lorg/gradle/internal/operations/BuildOperationContext;)V (10 bytes) @ 0x000001f4b778db14 [0x000001f4b778da80+0x0000000000000094]
J 6889 c1 org.gradle.internal.operations.DefaultBuildOperationRunner$2.execute(Lorg/gradle/internal/operations/BuildOperationDescriptor;Lorg/gradle/internal/operations/BuildOperationState;Lorg/gradle/internal/operations/BuildOperationState;Lorg/gradle/internal/operations/DefaultBuildOperationRunner$ReadableBuildOperationContext;Lorg/gradle/internal/operations/DefaultBuildOperationRunner$BuildOperationExecutionListener;)Lorg/gradle/internal/operations/BuildOperation; (110 bytes) @ 0x000001f4b7719b2c [0x000001f4b7719a80+0x00000000000000ac]
J 8183 c1 org.gradle.internal.operations.DefaultBuildOperationRunner$2.execute(Lorg/gradle/internal/operations/BuildOperationDescriptor;Lorg/gradle/internal/operations/BuildOperationState;Lorg/gradle/internal/operations/BuildOperationState;Lorg/gradle/internal/operations/DefaultBuildOperationRunner$ReadableBuildOperationContext;Lorg/gradle/internal/operations/DefaultBuildOperationRunner$BuildOperationExecutionListener;)Ljava/lang/Object; (12 bytes) @ 0x000001f4b78599c4 [0x000001f4b7859980+0x0000000000000044]
J 8174 c1 org.gradle.internal.operations.DefaultBuildOperationRunner.execute(Lorg/gradle/internal/operations/BuildOperationDescriptor$Builder;Lorg/gradle/internal/operations/DefaultBuildOperationRunner$BuildOperationExecution;)Ljava/lang/Object; (147 bytes) @ 0x000001f4b785a4ac [0x000001f4b7859f80+0x000000000000052c]
J 7351 c1 org.gradle.internal.operations.DefaultBuildOperationRunner.run(Lorg/gradle/internal/operations/RunnableBuildOperation;)V (9 bytes) @ 0x000001f4b778de94 [0x000001f4b778dd80+0x0000000000000114]
j  org.gradle.configuration.project.LifecycleProjectEvaluator$EvaluateProject.lambda$run$0(Lorg/gradle/internal/operations/BuildOperationContext;Lorg/gradle/api/internal/project/ProjectInternal;)V+102
j  org.gradle.configuration.project.LifecycleProjectEvaluator$EvaluateProject$$Lambda+0x000000004984dfd8.accept(Ljava/lang/Object;)V+12
j  org.gradle.api.internal.project.DefaultProjectStateRegistry$ProjectStateImpl.lambda$applyToMutableState$0(Ljava/util/function/Consumer;Lorg/gradle/api/internal/project/ProjectInternal;)Ljava/lang/Object;+2
j  org.gradle.api.internal.project.DefaultProjectStateRegistry$ProjectStateImpl$$Lambda+0x000000004984e250.apply(Ljava/lang/Object;)Ljava/lang/Object;+8
j  org.gradle.api.internal.project.DefaultProjectStateRegistry$ProjectStateImpl.lambda$fromMutableState$1(Ljava/util/function/Function;)Ljava/lang/Object;+5
j  org.gradle.api.internal.project.DefaultProjectStateRegistry$ProjectStateImpl$$Lambda+0x000000004984e4d8.get()Ljava/lang/Object;+8
j  org.gradle.api.internal.project.DefaultProjectStateRegistry$ProjectStateImpl.runWithModelLock(Ljava/util/function/Supplier;)Ljava/lang/Object;+89
j  org.gradle.api.internal.project.DefaultProjectStateRegistry$ProjectStateImpl.fromMutableState(Ljava/util/function/Function;)Ljava/lang/Object;+8
j  org.gradle.api.internal.project.DefaultProjectStateRegistry$ProjectStateImpl.applyToMutableState(Ljava/util/function/Consumer;)V+7
j  org.gradle.configuration.project.LifecycleProjectEvaluator$EvaluateProject.run(Lorg/gradle/internal/operations/BuildOperationContext;)V+16
J 7352 c1 org.gradle.internal.operations.DefaultBuildOperationRunner$1.execute(Lorg/gradle/internal/operations/BuildOperation;Lorg/gradle/internal/operations/BuildOperationContext;)V (10 bytes) @ 0x000001f4b778db14 [0x000001f4b778da80+0x0000000000000094]
J 6889 c1 org.gradle.internal.operations.DefaultBuildOperationRunner$2.execute(Lorg/gradle/internal/operations/BuildOperationDescriptor;Lorg/gradle/internal/operations/BuildOperationState;Lorg/gradle/internal/operations/BuildOperationState;Lorg/gradle/internal/operations/DefaultBuildOperationRunner$ReadableBuildOperationContext;Lorg/gradle/internal/operations/DefaultBuildOperationRunner$BuildOperationExecutionListener;)Lorg/gradle/internal/operations/BuildOperation; (110 bytes) @ 0x000001f4b7719b2c [0x000001f4b7719a80+0x00000000000000ac]
J 8183 c1 org.gradle.internal.operations.DefaultBuildOperationRunner$2.execute(Lorg/gradle/internal/operations/BuildOperationDescriptor;Lorg/gradle/internal/operations/BuildOperationState;Lorg/gradle/internal/operations/BuildOperationState;Lorg/gradle/internal/operations/DefaultBuildOperationRunner$ReadableBuildOperationContext;Lorg/gradle/internal/operations/DefaultBuildOperationRunner$BuildOperationExecutionListener;)Ljava/lang/Object; (12 bytes) @ 0x000001f4b78599c4 [0x000001f4b7859980+0x0000000000000044]
J 8174 c1 org.gradle.internal.operations.DefaultBuildOperationRunner.execute(Lorg/gradle/internal/operations/BuildOperationDescriptor$Builder;Lorg/gradle/internal/operations/DefaultBuildOperationRunner$BuildOperationExecution;)Ljava/lang/Object; (147 bytes) @ 0x000001f4b785a4ac [0x000001f4b7859f80+0x000000000000052c]
J 7351 c1 org.gradle.internal.operations.DefaultBuildOperationRunner.run(Lorg/gradle/internal/operations/RunnableBuildOperation;)V (9 bytes) @ 0x000001f4b778de94 [0x000001f4b778dd80+0x0000000000000114]
j  org.gradle.configuration.project.LifecycleProjectEvaluator.evaluate(Lorg/gradle/api/internal/project/ProjectInternal;Lorg/gradle/api/internal/project/ProjectStateInternal;)V+42
j  org.gradle.api.internal.project.DefaultProject.evaluateUnchecked()Lorg/gradle/api/internal/project/ProjectInternal;+20
j  org.gradle.api.internal.project.ProjectLifecycleController.lambda$ensureSelfConfigured$2()V+4
j  org.gradle.api.internal.project.ProjectLifecycleController$$Lambda+0x000000004984c268.run()V+4
j  org.gradle.internal.model.StateTransitionController.lambda$doTransition$14(Ljava/lang/Runnable;)Lorg/gradle/internal/build/ExecutionResult;+1
j  org.gradle.internal.model.StateTransitionController$$Lambda+0x00000000495915b0.get()Ljava/lang/Object;+4
j  org.gradle.internal.model.StateTransitionController.doTransition(Lorg/gradle/internal/model/StateTransitionController$State;Lorg/gradle/internal/model/StateTransitionController$State;Ljava/util/function/Supplier;)Lorg/gradle/internal/build/ExecutionResult;+24
j  org.gradle.internal.model.StateTransitionController.doTransition(Lorg/gradle/internal/model/StateTransitionController$State;Lorg/gradle/internal/model/StateTransitionController$State;Ljava/lang/Runnable;)V+9
j  org.gradle.internal.model.StateTransitionController.lambda$maybeTransitionIfNotCurrentlyTransitioning$10(Lorg/gradle/internal/model/StateTransitionController$State;Lorg/gradle/internal/model/StateTransitionController$State;Ljava/lang/Runnable;)V+16
j  org.gradle.internal.model.StateTransitionController$$Lambda+0x000000004984c4d0.run()V+16
j  org.gradle.internal.work.DefaultSynchronizer.withLock(Ljava/lang/Runnable;)V+6
j  org.gradle.internal.model.StateTransitionController.maybeTransitionIfNotCurrentlyTransitioning(Lorg/gradle/internal/model/StateTransitionController$State;Lorg/gradle/internal/model/StateTransitionController$State;Ljava/lang/Runnable;)V+13
j  org.gradle.api.internal.project.ProjectLifecycleController.ensureSelfConfigured()V+16
j  org.gradle.api.internal.project.DefaultProjectStateRegistry$ProjectStateImpl.ensureConfigured()V+19
j  org.gradle.api.internal.project.DefaultProject.evaluationDependsOn(Lorg/gradle/api/internal/project/ProjectInternal;)Lorg/gradle/api/Project;+40
j  org.gradle.api.internal.project.DefaultProject.evaluationDependsOn(Ljava/lang/String;)Lorg/gradle/api/Project;+26
j  org.gradle.api.internal.project.MutableStateAccessAwareProject.evaluationDependsOn(Ljava/lang/String;)Lorg/gradle/api/Project;+12
j  Build_gradle$3.execute(Lorg/gradle/api/Project;)V+14
j  Build_gradle$3.execute(Ljava/lang/Object;)V+5
J 7358 c1 org.gradle.api.internal.DefaultMutationGuard$1.execute(Ljava/lang/Object;)V (67 bytes) @ 0x000001f4b778f40c [0x000001f4b778f300+0x000000000000010c]
j  org.gradle.internal.Actions.with(Ljava/lang/Object;Lorg/gradle/api/Action;)Ljava/lang/Object;+2
j  org.gradle.api.internal.project.BuildOperationCrossProjectConfigurator$1.run(Lorg/gradle/internal/operations/BuildOperationContext;)V+20
J 7352 c1 org.gradle.internal.operations.DefaultBuildOperationRunner$1.execute(Lorg/gradle/internal/operations/BuildOperation;Lorg/gradle/internal/operations/BuildOperationContext;)V (10 bytes) @ 0x000001f4b778db14 [0x000001f4b778da80+0x0000000000000094]
J 6889 c1 org.gradle.internal.operations.DefaultBuildOperationRunner$2.execute(Lorg/gradle/internal/operations/BuildOperationDescriptor;Lorg/gradle/internal/operations/BuildOperationState;Lorg/gradle/internal/operations/BuildOperationState;Lorg/gradle/internal/operations/DefaultBuildOperationRunner$ReadableBuildOperationContext;Lorg/gradle/internal/operations/DefaultBuildOperationRunner$BuildOperationExecutionListener;)Lorg/gradle/internal/operations/BuildOperation; (110 bytes) @ 0x000001f4b7719b2c [0x000001f4b7719a80+0x00000000000000ac]
J 8183 c1 org.gradle.internal.operations.DefaultBuildOperationRunner$2.execute(Lorg/gradle/internal/operations/BuildOperationDescriptor;Lorg/gradle/internal/operations/BuildOperationState;Lorg/gradle/internal/operations/BuildOperationState;Lorg/gradle/internal/operations/DefaultBuildOperationRunner$ReadableBuildOperationContext;Lorg/gradle/internal/operations/DefaultBuildOperationRunner$BuildOperationExecutionListener;)Ljava/lang/Object; (12 bytes) @ 0x000001f4b78599c4 [0x000001f4b7859980+0x0000000000000044]
J 8174 c1 org.gradle.internal.operations.DefaultBuildOperationRunner.execute(Lorg/gradle/internal/operations/BuildOperationDescriptor$Builder;Lorg/gradle/internal/operations/DefaultBuildOperationRunner$BuildOperationExecution;)Ljava/lang/Object; (147 bytes) @ 0x000001f4b785a4ac [0x000001f4b7859f80+0x000000000000052c]
J 7351 c1 org.gradle.internal.operations.DefaultBuildOperationRunner.run(Lorg/gradle/internal/operations/RunnableBuildOperation;)V (9 bytes) @ 0x000001f4b778de94 [0x000001f4b778dd80+0x0000000000000114]
j  org.gradle.api.internal.project.BuildOperationCrossProjectConfigurator.lambda$runProjectConfigureAction$0(Lorg/gradle/api/internal/project/ProjectInternal;Lorg/gradle/api/Action;Lorg/gradle/api/internal/project/ProjectInternal;)V+15
j  org.gradle.api.internal.project.BuildOperationCrossProjectConfigurator$$Lambda+0x000000004a6ce778.accept(Ljava/lang/Object;)V+16
j  org.gradle.api.internal.project.DefaultProjectStateRegistry$ProjectStateImpl.lambda$applyToMutableState$0(Ljava/util/function/Consumer;Lorg/gradle/api/internal/project/ProjectInternal;)Ljava/lang/Object;+2
j  org.gradle.api.internal.project.DefaultProjectStateRegistry$ProjectStateImpl$$Lambda+0x000000004984e250.apply(Ljava/lang/Object;)Ljava/lang/Object;+8
j  org.gradle.api.internal.project.DefaultProjectStateRegistry$ProjectStateImpl.lambda$fromMutableState$1(Ljava/util/function/Function;)Ljava/lang/Object;+5
j  org.gradle.api.internal.project.DefaultProjectStateRegistry$ProjectStateImpl$$Lambda+0x000000004984e4d8.get()Ljava/lang/Object;+8
j  org.gradle.api.internal.project.DefaultProjectStateRegistry$ProjectStateImpl.runWithModelLock(Ljava/util/function/Supplier;)Ljava/lang/Object;+89
j  org.gradle.api.internal.project.DefaultProjectStateRegistry$ProjectStateImpl.fromMutableState(Ljava/util/function/Function;)Ljava/lang/Object;+8
j  org.gradle.api.internal.project.DefaultProjectStateRegistry$ProjectStateImpl.applyToMutableState(Ljava/util/function/Consumer;)V+7
j  org.gradle.api.internal.project.BuildOperationCrossProjectConfigurator.runProjectConfigureAction(Lorg/gradle/api/internal/project/ProjectInternal;Lorg/gradle/api/Action;)V+14
j  org.gradle.api.internal.project.BuildOperationCrossProjectConfigurator.access$100(Lorg/gradle/api/internal/project/BuildOperationCrossProjectConfigurator;Lorg/gradle/api/internal/project/ProjectInternal;Lorg/gradle/api/Action;)V+3
j  org.gradle.api.internal.project.BuildOperationCrossProjectConfigurator$BlockConfigureBuildOperation.run(Lorg/gradle/internal/operations/BuildOperationContext;)V+38
J 7352 c1 org.gradle.internal.operations.DefaultBuildOperationRunner$1.execute(Lorg/gradle/internal/operations/BuildOperation;Lorg/gradle/internal/operations/BuildOperationContext;)V (10 bytes) @ 0x000001f4b778db14 [0x000001f4b778da80+0x0000000000000094]
J 6889 c1 org.gradle.internal.operations.DefaultBuildOperationRunner$2.execute(Lorg/gradle/internal/operations/BuildOperationDescriptor;Lorg/gradle/internal/operations/BuildOperationState;Lorg/gradle/internal/operations/BuildOperationState;Lorg/gradle/internal/operations/DefaultBuildOperationRunner$ReadableBuildOperationContext;Lorg/gradle/internal/operations/DefaultBuildOperationRunner$BuildOperationExecutionListener;)Lorg/gradle/internal/operations/BuildOperation; (110 bytes) @ 0x000001f4b7719b2c [0x000001f4b7719a80+0x00000000000000ac]
J 8183 c1 org.gradle.internal.operations.DefaultBuildOperationRunner$2.execute(Lorg/gradle/internal/operations/BuildOperationDescriptor;Lorg/gradle/internal/operations/BuildOperationState;Lorg/gradle/internal/operations/BuildOperationState;Lorg/gradle/internal/operations/DefaultBuildOperationRunner$ReadableBuildOperationContext;Lorg/gradle/internal/operations/DefaultBuildOperationRunner$BuildOperationExecutionListener;)Ljava/lang/Object; (12 bytes) @ 0x000001f4b78599c4 [0x000001f4b7859980+0x0000000000000044]
J 8174 c1 org.gradle.internal.operations.DefaultBuildOperationRunner.execute(Lorg/gradle/internal/operations/BuildOperationDescriptor$Builder;Lorg/gradle/internal/operations/DefaultBuildOperationRunner$BuildOperationExecution;)Ljava/lang/Object; (147 bytes) @ 0x000001f4b785a4ac [0x000001f4b7859f80+0x000000000000052c]
J 7351 c1 org.gradle.internal.operations.DefaultBuildOperationRunner.run(Lorg/gradle/internal/operations/RunnableBuildOperation;)V (9 bytes) @ 0x000001f4b778de94 [0x000001f4b778dd80+0x0000000000000114]
j  org.gradle.api.internal.project.BuildOperationCrossProjectConfigurator.runBlockConfigureAction(Lorg/gradle/internal/operations/BuildOperationDescriptor$Builder;Ljava/lang/Iterable;Lorg/gradle/api/Action;)V+16
j  org.gradle.api.internal.project.BuildOperationCrossProjectConfigurator.subprojects(Ljava/lang/Iterable;Lorg/gradle/api/Action;)V+6
j  org.gradle.api.internal.project.DefaultProject.subprojects(Lorg/gradle/api/internal/project/ProjectInternal;Lorg/gradle/api/Action;)V+10
j  org.gradle.api.internal.project.DefaultProject.subprojects(Lorg/gradle/api/Action;)V+3
j  Build_gradle.<init>(Lorg/gradle/kotlin/dsl/support/KotlinScriptHost;Lorg/gradle/api/Project;)V+133
j  Program.execute(Lorg/gradle/kotlin/dsl/execution/ExecutableProgram$Host;Lorg/gradle/kotlin/dsl/support/KotlinScriptHost;)V+11
j  org.gradle.kotlin.dsl.execution.Interpreter$ProgramHost.eval(Lorg/gradle/kotlin/dsl/execution/CompiledScript;Lorg/gradle/kotlin/dsl/support/KotlinScriptHost;)V+89
j  org.gradle.kotlin.dsl.execution.Interpreter$ProgramHost.evaluateSecondStageOf(Lorg/gradle/kotlin/dsl/execution/ExecutableProgram$StagedProgram;Lorg/gradle/kotlin/dsl/support/KotlinScriptHost;Ljava/lang/String;Lorg/gradle/internal/hash/HashCode;Lorg/gradle/internal/classpath/ClassPath;)V+198
j  Program.execute(Lorg/gradle/kotlin/dsl/execution/ExecutableProgram$Host;Lorg/gradle/kotlin/dsl/support/KotlinScriptHost;)V+145
j  org.gradle.kotlin.dsl.execution.Interpreter$ProgramHost.eval(Lorg/gradle/kotlin/dsl/execution/CompiledScript;Lorg/gradle/kotlin/dsl/support/KotlinScriptHost;)V+89
j  org.gradle.kotlin.dsl.execution.Interpreter.eval(Ljava/lang/Object;Lorg/gradle/groovy/scripts/ScriptSource;Lorg/gradle/internal/hash/HashCode;Lorg/gradle/api/initialization/dsl/ScriptHandler;Lorg/gradle/api/internal/initialization/ClassLoaderScope;Lorg/gradle/api/internal/initialization/ClassLoaderScope;ZLjava/util/EnumSet;)V+213
j  org.gradle.kotlin.dsl.provider.StandardKotlinScriptEvaluator.evaluate(Ljava/lang/Object;Lorg/gradle/groovy/scripts/ScriptSource;Lorg/gradle/api/initialization/dsl/ScriptHandler;Lorg/gradle/api/internal/initialization/ClassLoaderScope;Lorg/gradle/api/internal/initialization/ClassLoaderScope;ZLjava/util/EnumSet;)V+167
j  org.gradle.kotlin.dsl.provider.KotlinScriptPluginFactory.create$lambda$0(Lorg/gradle/kotlin/dsl/provider/KotlinScriptPluginFactory;Lorg/gradle/groovy/scripts/ScriptSource;Lorg/gradle/api/internal/initialization/ClassLoaderScope;Lorg/gradle/api/initialization/dsl/ScriptHandler;Lorg/gradle/api/internal/initialization/ClassLoaderScope;ZLjava/lang/Object;)Lkotlin/Unit;+48
j  org.gradle.kotlin.dsl.provider.KotlinScriptPluginFactory$$Lambda+0x000000004970ba00.invoke(Ljava/lang/Object;)Ljava/lang/Object;+25
j  org.gradle.kotlin.dsl.provider.KotlinScriptPlugin.apply(Ljava/lang/Object;)V+22
j  org.gradle.configuration.BuildOperationScriptPlugin$1.run(Lorg/gradle/internal/operations/BuildOperationContext;)V+11
J 7352 c1 org.gradle.internal.operations.DefaultBuildOperationRunner$1.execute(Lorg/gradle/internal/operations/BuildOperation;Lorg/gradle/internal/operations/BuildOperationContext;)V (10 bytes) @ 0x000001f4b778db14 [0x000001f4b778da80+0x0000000000000094]
J 6889 c1 org.gradle.internal.operations.DefaultBuildOperationRunner$2.execute(Lorg/gradle/internal/operations/BuildOperationDescriptor;Lorg/gradle/internal/operations/BuildOperationState;Lorg/gradle/internal/operations/BuildOperationState;Lorg/gradle/internal/operations/DefaultBuildOperationRunner$ReadableBuildOperationContext;Lorg/gradle/internal/operations/DefaultBuildOperationRunner$BuildOperationExecutionListener;)Lorg/gradle/internal/operations/BuildOperation; (110 bytes) @ 0x000001f4b7719b2c [0x000001f4b7719a80+0x00000000000000ac]
J 8183 c1 org.gradle.internal.operations.DefaultBuildOperationRunner$2.execute(Lorg/gradle/internal/operations/BuildOperationDescriptor;Lorg/gradle/internal/operations/BuildOperationState;Lorg/gradle/internal/operations/BuildOperationState;Lorg/gradle/internal/operations/DefaultBuildOperationRunner$ReadableBuildOperationContext;Lorg/gradle/internal/operations/DefaultBuildOperationRunner$BuildOperationExecutionListener;)Ljava/lang/Object; (12 bytes) @ 0x000001f4b78599c4 [0x000001f4b7859980+0x0000000000000044]
J 8174 c1 org.gradle.internal.operations.DefaultBuildOperationRunner.execute(Lorg/gradle/internal/operations/BuildOperationDescriptor$Builder;Lorg/gradle/internal/operations/DefaultBuildOperationRunner$BuildOperationExecution;)Ljava/lang/Object; (147 bytes) @ 0x000001f4b785a4ac [0x000001f4b7859f80+0x000000000000052c]
J 7351 c1 org.gradle.internal.operations.DefaultBuildOperationRunner.run(Lorg/gradle/internal/operations/RunnableBuildOperation;)V (9 bytes) @ 0x000001f4b778de94 [0x000001f4b778dd80+0x0000000000000114]
j  org.gradle.configuration.BuildOperationScriptPlugin.lambda$apply$0(Ljava/lang/Object;Lorg/gradle/internal/code/UserCodeApplicationId;)V+14
j  org.gradle.configuration.BuildOperationScriptPlugin$$Lambda+0x0000000049714e28.execute(Ljava/lang/Object;)V+12
j  org.gradle.internal.code.DefaultUserCodeApplicationContext.apply(Lorg/gradle/internal/code/UserCodeSource;Lorg/gradle/api/Action;)V+37
j  org.gradle.configuration.BuildOperationScriptPlugin.apply(Ljava/lang/Object;)V+71
j  org.gradle.configuration.project.BuildScriptProcessor$$Lambda+0x00000000498869b8.accept(Ljava/lang/Object;)V+8
j  org.gradle.api.internal.project.DefaultProjectStateRegistry$ProjectStateImpl.lambda$applyToMutableState$0(Ljava/util/function/Consumer;Lorg/gradle/api/internal/project/ProjectInternal;)Ljava/lang/Object;+2
j  org.gradle.api.internal.project.DefaultProjectStateRegistry$ProjectStateImpl$$Lambda+0x000000004984e250.apply(Ljava/lang/Object;)Ljava/lang/Object;+8
j  org.gradle.api.internal.project.DefaultProjectStateRegistry$ProjectStateImpl.lambda$fromMutableState$1(Ljava/util/function/Function;)Ljava/lang/Object;+5
j  org.gradle.api.internal.project.DefaultProjectStateRegistry$ProjectStateImpl$$Lambda+0x000000004984e4d8.get()Ljava/lang/Object;+8
j  org.gradle.api.internal.project.DefaultProjectStateRegistry$ProjectStateImpl.runWithModelLock(Ljava/util/function/Supplier;)Ljava/lang/Object;+89
j  org.gradle.api.internal.project.DefaultProjectStateRegistry$ProjectStateImpl.fromMutableState(Ljava/util/function/Function;)Ljava/lang/Object;+8
j  org.gradle.api.internal.project.DefaultProjectStateRegistry$ProjectStateImpl.applyToMutableState(Ljava/util/function/Consumer;)V+7
j  org.gradle.configuration.project.BuildScriptProcessor.execute(Lorg/gradle/api/internal/project/ProjectInternal;)V+88
j  org.gradle.configuration.project.BuildScriptProcessor.execute(Ljava/lang/Object;)V+5
j  org.gradle.configuration.project.ConfigureActionsProjectEvaluator.evaluate(Lorg/gradle/api/internal/project/ProjectInternal;Lorg/gradle/api/internal/project/ProjectStateInternal;)V+33
j  org.gradle.configuration.project.LifecycleProjectEvaluator$EvaluateProject.lambda$run$0(Lorg/gradle/internal/operations/BuildOperationContext;Lorg/gradle/api/internal/project/ProjectInternal;)V+67
j  org.gradle.configuration.project.LifecycleProjectEvaluator$EvaluateProject$$Lambda+0x000000004984dfd8.accept(Ljava/lang/Object;)V+12
j  org.gradle.api.internal.project.DefaultProjectStateRegistry$ProjectStateImpl.lambda$applyToMutableState$0(Ljava/util/function/Consumer;Lorg/gradle/api/internal/project/ProjectInternal;)Ljava/lang/Object;+2
j  org.gradle.api.internal.project.DefaultProjectStateRegistry$ProjectStateImpl$$Lambda+0x000000004984e250.apply(Ljava/lang/Object;)Ljava/lang/Object;+8
j  org.gradle.api.internal.project.DefaultProjectStateRegistry$ProjectStateImpl.lambda$fromMutableState$1(Ljava/util/function/Function;)Ljava/lang/Object;+5
j  org.gradle.api.internal.project.DefaultProjectStateRegistry$ProjectStateImpl$$Lambda+0x000000004984e4d8.get()Ljava/lang/Object;+8
j  org.gradle.api.internal.project.DefaultProjectStateRegistry$ProjectStateImpl$$Lambda+0x000000004984e740.create()Ljava/lang/Object;+4
j  org.gradle.internal.work.DefaultWorkerLeaseService.lambda$withLocksAcquired$0(Lorg/gradle/internal/Factory;Ljava/util/Collection;)Ljava/lang/Object;+1
j  org.gradle.internal.work.DefaultWorkerLeaseService$$Lambda+0x00000000493dfb40.create()Ljava/lang/Object;+12
j  org.gradle.internal.work.ResourceLockStatistics$1.measure(Ljava/lang/String;Ljava/lang/Iterable;Lorg/gradle/internal/Factory;)Ljava/lang/Object;+1
j  org.gradle.internal.work.DefaultWorkerLeaseService.withLocksAcquired(Ljava/util/Collection;Lorg/gradle/internal/Factory;)Ljava/lang/Object;+21
j  org.gradle.internal.work.DefaultWorkerLeaseService.lambda$withReplacedLocks$3(Lorg/gradle/internal/resources/ResourceLock;Lorg/gradle/internal/Factory;)Ljava/lang/Object;+6
j  org.gradle.internal.work.DefaultWorkerLeaseService$$Lambda+0x000000004984e9a8.create()Ljava/lang/Object;+12
j  org.gradle.internal.work.DefaultWorkerLeaseService.withoutLocks(Ljava/util/Collection;Lorg/gradle/internal/Factory;)Ljava/lang/Object;+10
j  org.gradle.internal.work.DefaultWorkerLeaseService.withReplacedLocks(Ljava/util/Collection;Lorg/gradle/internal/resources/ResourceLock;Lorg/gradle/internal/Factory;)Ljava/lang/Object;+27
j  org.gradle.api.internal.project.DefaultProjectStateRegistry$ProjectStateImpl.runWithModelLock(Ljava/util/function/Supplier;)Ljava/lang/Object;+129
j  org.gradle.api.internal.project.DefaultProjectStateRegistry$ProjectStateImpl.fromMutableState(Ljava/util/function/Function;)Ljava/lang/Object;+8
j  org.gradle.api.internal.project.DefaultProjectStateRegistry$ProjectStateImpl.applyToMutableState(Ljava/util/function/Consumer;)V+7
j  org.gradle.configuration.project.LifecycleProjectEvaluator$EvaluateProject.run(Lorg/gradle/internal/operations/BuildOperationContext;)V+16
J 7352 c1 org.gradle.internal.operations.DefaultBuildOperationRunner$1.execute(Lorg/gradle/internal/operations/BuildOperation;Lorg/gradle/internal/operations/BuildOperationContext;)V (10 bytes) @ 0x000001f4b778db14 [0x000001f4b778da80+0x0000000000000094]
J 6889 c1 org.gradle.internal.operations.DefaultBuildOperationRunner$2.execute(Lorg/gradle/internal/operations/BuildOperationDescriptor;Lorg/gradle/internal/operations/BuildOperationState;Lorg/gradle/internal/operations/BuildOperationState;Lorg/gradle/internal/operations/DefaultBuildOperationRunner$ReadableBuildOperationContext;Lorg/gradle/internal/operations/DefaultBuildOperationRunner$BuildOperationExecutionListener;)Lorg/gradle/internal/operations/BuildOperation; (110 bytes) @ 0x000001f4b7719b2c [0x000001f4b7719a80+0x00000000000000ac]
J 8183 c1 org.gradle.internal.operations.DefaultBuildOperationRunner$2.execute(Lorg/gradle/internal/operations/BuildOperationDescriptor;Lorg/gradle/internal/operations/BuildOperationState;Lorg/gradle/internal/operations/BuildOperationState;Lorg/gradle/internal/operations/DefaultBuildOperationRunner$ReadableBuildOperationContext;Lorg/gradle/internal/operations/DefaultBuildOperationRunner$BuildOperationExecutionListener;)Ljava/lang/Object; (12 bytes) @ 0x000001f4b78599c4 [0x000001f4b7859980+0x0000000000000044]
J 8174 c1 org.gradle.internal.operations.DefaultBuildOperationRunner.execute(Lorg/gradle/internal/operations/BuildOperationDescriptor$Builder;Lorg/gradle/internal/operations/DefaultBuildOperationRunner$BuildOperationExecution;)Ljava/lang/Object; (147 bytes) @ 0x000001f4b785a4ac [0x000001f4b7859f80+0x000000000000052c]
J 7351 c1 org.gradle.internal.operations.DefaultBuildOperationRunner.run(Lorg/gradle/internal/operations/RunnableBuildOperation;)V (9 bytes) @ 0x000001f4b778de94 [0x000001f4b778dd80+0x0000000000000114]
j  org.gradle.configuration.project.LifecycleProjectEvaluator.evaluate(Lorg/gradle/api/internal/project/ProjectInternal;Lorg/gradle/api/internal/project/ProjectStateInternal;)V+42
j  org.gradle.api.internal.project.DefaultProject.evaluateUnchecked()Lorg/gradle/api/internal/project/ProjectInternal;+20
j  org.gradle.api.internal.project.ProjectLifecycleController.lambda$ensureSelfConfigured$2()V+4
j  org.gradle.api.internal.project.ProjectLifecycleController$$Lambda+0x000000004984c268.run()V+4
j  org.gradle.internal.model.StateTransitionController.lambda$doTransition$14(Ljava/lang/Runnable;)Lorg/gradle/internal/build/ExecutionResult;+1
j  org.gradle.internal.model.StateTransitionController$$Lambda+0x00000000495915b0.get()Ljava/lang/Object;+4
j  org.gradle.internal.model.StateTransitionController.doTransition(Lorg/gradle/internal/model/StateTransitionController$State;Lorg/gradle/internal/model/StateTransitionController$State;Ljava/util/function/Supplier;)Lorg/gradle/internal/build/ExecutionResult;+24
j  org.gradle.internal.model.StateTransitionController.doTransition(Lorg/gradle/internal/model/StateTransitionController$State;Lorg/gradle/internal/model/StateTransitionController$State;Ljava/lang/Runnable;)V+9
j  org.gradle.internal.model.StateTransitionController.lambda$maybeTransitionIfNotCurrentlyTransitioning$10(Lorg/gradle/internal/model/StateTransitionController$State;Lorg/gradle/internal/model/StateTransitionController$State;Ljava/lang/Runnable;)V+16
j  org.gradle.internal.model.StateTransitionController$$Lambda+0x000000004984c4d0.run()V+16
j  org.gradle.internal.work.DefaultSynchronizer.withLock(Ljava/lang/Runnable;)V+6
j  org.gradle.internal.model.StateTransitionController.maybeTransitionIfNotCurrentlyTransitioning(Lorg/gradle/internal/model/StateTransitionController$State;Lorg/gradle/internal/model/StateTransitionController$State;Ljava/lang/Runnable;)V+13
j  org.gradle.api.internal.project.ProjectLifecycleController.ensureSelfConfigured()V+16
j  org.gradle.api.internal.project.DefaultProjectStateRegistry$ProjectStateImpl.ensureConfigured()V+19
j  org.gradle.execution.TaskPathProjectEvaluator.configure(Lorg/gradle/api/internal/project/ProjectInternal;)V+6
j  org.gradle.execution.TaskPathProjectEvaluator.configureHierarchy(Lorg/gradle/api/internal/project/ProjectInternal;)V+2
j  org.gradle.configuration.DefaultProjectsPreparer.prepareProjects(Lorg/gradle/api/internal/GradleInternal;)V+52
j  org.gradle.configuration.BuildTreePreparingProjectsPreparer.prepareProjects(Lorg/gradle/api/internal/GradleInternal;)V+114
j  org.gradle.configuration.BuildOperationFiringProjectsPreparer$ConfigureBuild.run(Lorg/gradle/internal/operations/BuildOperationContext;)V+11
J 7352 c1 org.gradle.internal.operations.DefaultBuildOperationRunner$1.execute(Lorg/gradle/internal/operations/BuildOperation;Lorg/gradle/internal/operations/BuildOperationContext;)V (10 bytes) @ 0x000001f4b778db14 [0x000001f4b778da80+0x0000000000000094]
J 6889 c1 org.gradle.internal.operations.DefaultBuildOperationRunner$2.execute(Lorg/gradle/internal/operations/BuildOperationDescriptor;Lorg/gradle/internal/operations/BuildOperationState;Lorg/gradle/internal/operations/BuildOperationState;Lorg/gradle/internal/operations/DefaultBuildOperationRunner$ReadableBuildOperationContext;Lorg/gradle/internal/operations/DefaultBuildOperationRunner$BuildOperationExecutionListener;)Lorg/gradle/internal/operations/BuildOperation; (110 bytes) @ 0x000001f4b7719b2c [0x000001f4b7719a80+0x00000000000000ac]
J 8183 c1 org.gradle.internal.operations.DefaultBuildOperationRunner$2.execute(Lorg/gradle/internal/operations/BuildOperationDescriptor;Lorg/gradle/internal/operations/BuildOperationState;Lorg/gradle/internal/operations/BuildOperationState;Lorg/gradle/internal/operations/DefaultBuildOperationRunner$ReadableBuildOperationContext;Lorg/gradle/internal/operations/DefaultBuildOperationRunner$BuildOperationExecutionListener;)Ljava/lang/Object; (12 bytes) @ 0x000001f4b78599c4 [0x000001f4b7859980+0x0000000000000044]
J 8174 c1 org.gradle.internal.operations.DefaultBuildOperationRunner.execute(Lorg/gradle/internal/operations/BuildOperationDescriptor$Builder;Lorg/gradle/internal/operations/DefaultBuildOperationRunner$BuildOperationExecution;)Ljava/lang/Object; (147 bytes) @ 0x000001f4b785a4ac [0x000001f4b7859f80+0x000000000000052c]
J 7351 c1 org.gradle.internal.operations.DefaultBuildOperationRunner.run(Lorg/gradle/internal/operations/RunnableBuildOperation;)V (9 bytes) @ 0x000001f4b778de94 [0x000001f4b778dd80+0x0000000000000114]
j  org.gradle.configuration.BuildOperationFiringProjectsPreparer.prepareProjects(Lorg/gradle/api/internal/GradleInternal;)V+13
j  org.gradle.initialization.VintageBuildModelController.lambda$prepareProjects$2()V+8
j  org.gradle.initialization.VintageBuildModelController$$Lambda+0x00000000497fbe30.run()V+4
j  org.gradle.internal.model.StateTransitionController.lambda$doTransition$14(Ljava/lang/Runnable;)Lorg/gradle/internal/build/ExecutionResult;+1
j  org.gradle.internal.model.StateTransitionController$$Lambda+0x00000000495915b0.get()Ljava/lang/Object;+4
j  org.gradle.internal.model.StateTransitionController.doTransition(Lorg/gradle/internal/model/StateTransitionController$State;Lorg/gradle/internal/model/StateTransitionController$State;Ljava/util/function/Supplier;)Lorg/gradle/internal/build/ExecutionResult;+24
j  org.gradle.internal.model.StateTransitionController.doTransition(Lorg/gradle/internal/model/StateTransitionController$State;Lorg/gradle/internal/model/StateTransitionController$State;Ljava/lang/Runnable;)V+9
j  org.gradle.internal.model.StateTransitionController.lambda$transitionIfNotPreviously$11(Lorg/gradle/internal/model/StateTransitionController$State;Lorg/gradle/internal/model/StateTransitionController$State;Ljava/lang/Runnable;)V+16
j  org.gradle.internal.model.StateTransitionController$$Lambda+0x0000000049591a80.run()V+16
j  org.gradle.internal.work.DefaultSynchronizer.withLock(Ljava/lang/Runnable;)V+6
j  org.gradle.internal.model.StateTransitionController.transitionIfNotPreviously(Lorg/gradle/internal/model/StateTransitionController$State;Lorg/gradle/internal/model/StateTransitionController$State;Ljava/lang/Runnable;)V+13
j  org.gradle.initialization.VintageBuildModelController.prepareProjects()V+16
j  org.gradle.initialization.VintageBuildModelController.prepareToScheduleTasks()V+5
j  org.gradle.internal.build.DefaultBuildLifecycleController.lambda$prepareToScheduleTasks$6()V+9
j  org.gradle.internal.build.DefaultBuildLifecycleController$$Lambda+0x00000000495910e0.run()V+4
j  org.gradle.internal.model.StateTransitionController.lambda$doTransition$14(Ljava/lang/Runnable;)Lorg/gradle/internal/build/ExecutionResult;+1
j  org.gradle.internal.model.StateTransitionController$$Lambda+0x00000000495915b0.get()Ljava/lang/Object;+4
j  org.gradle.internal.model.StateTransitionController.doTransition(Lorg/gradle/internal/model/StateTransitionController$State;Lorg/gradle/internal/model/StateTransitionController$State;Ljava/util/function/Supplier;)Lorg/gradle/internal/build/ExecutionResult;+24
j  org.gradle.internal.model.StateTransitionController.doTransition(Lorg/gradle/internal/model/StateTransitionController$State;Lorg/gradle/internal/model/StateTransitionController$State;Ljava/lang/Runnable;)V+9
j  org.gradle.internal.model.StateTransitionController.lambda$maybeTransition$9(Lorg/gradle/internal/model/StateTransitionController$State;Lorg/gradle/internal/model/StateTransitionController$State;Ljava/lang/Runnable;)V+16
j  org.gradle.internal.model.StateTransitionController$$Lambda+0x0000000049591348.run()V+16
j  org.gradle.internal.work.DefaultSynchronizer.withLock(Ljava/lang/Runnable;)V+6
j  org.gradle.internal.model.StateTransitionController.maybeTransition(Lorg/gradle/internal/model/StateTransitionController$State;Lorg/gradle/internal/model/StateTransitionController$State;Ljava/lang/Runnable;)V+13
j  org.gradle.internal.build.DefaultBuildLifecycleController.prepareToScheduleTasks()V+16
j  org.gradle.internal.buildtree.DefaultBuildTreeWorkPreparer.scheduleRequestedTasks(Lorg/gradle/internal/buildtree/BuildTreeWorkGraph;Lorg/gradle/execution/EntryTaskSelector;)Lorg/gradle/internal/buildtree/BuildTreeWorkGraph$FinalizedGraph;+4
j  org.gradle.internal.cc.impl.barrier.BarrierAwareBuildTreeWorkPreparer.scheduleRequestedTasks$lambda$0(Lorg/gradle/internal/cc/impl/barrier/BarrierAwareBuildTreeWorkPreparer;Lorg/gradle/internal/buildtree/BuildTreeWorkGraph;Lorg/gradle/execution/EntryTaskSelector;)Lorg/gradle/internal/buildtree/BuildTreeWorkGraph$FinalizedGraph;+6
j  org.gradle.internal.cc.impl.barrier.BarrierAwareBuildTreeWorkPreparer$$Lambda+0x00000000495951e8.invoke()Ljava/lang/Object;+12
j  org.gradle.internal.cc.impl.barrier.VintageConfigurationTimeActionRunner.runConfigurationTimeAction(Lkotlin/jvm/functions/Function0;)Ljava/lang/Object;+25
j  org.gradle.internal.cc.impl.barrier.BarrierAwareBuildTreeWorkPreparer.scheduleRequestedTasks(Lorg/gradle/internal/buildtree/BuildTreeWorkGraph;Lorg/gradle/execution/EntryTaskSelector;)Lorg/gradle/internal/buildtree/BuildTreeWorkGraph$FinalizedGraph;+18
j  org.gradle.internal.cc.impl.VintageBuildTreeWorkController$scheduleAndRunRequestedTasks$1.apply(Lorg/gradle/internal/buildtree/BuildTreeWorkGraph;)Lorg/gradle/internal/build/ExecutionResult;+18
j  org.gradle.internal.cc.impl.VintageBuildTreeWorkController$scheduleAndRunRequestedTasks$1.apply(Ljava/lang/Object;)Ljava/lang/Object;+5
j  org.gradle.composite.internal.DefaultIncludedBuildTaskGraph.withNewWorkGraph(Ljava/util/function/Function;)Ljava/lang/Object;+30
j  org.gradle.internal.cc.impl.VintageBuildTreeWorkController.scheduleAndRunRequestedTasks(Lorg/gradle/execution/EntryTaskSelector;)Lorg/gradle/internal/build/ExecutionResult;+16
j  org.gradle.internal.buildtree.DefaultBuildTreeLifecycleController.lambda$scheduleAndRunTasks$1(Lorg/gradle/execution/EntryTaskSelector;)Lorg/gradle/internal/build/ExecutionResult;+5
j  org.gradle.internal.buildtree.DefaultBuildTreeLifecycleController$$Lambda+0x000000004958cd00.get()Ljava/lang/Object;+8
j  org.gradle.internal.buildtree.DefaultBuildTreeLifecycleController.lambda$runBuild$4(Ljava/util/function/Supplier;)Ljava/lang/Object;+1
j  org.gradle.internal.buildtree.DefaultBuildTreeLifecycleController$$Lambda+0x000000004958c400.get()Ljava/lang/Object;+8
j  org.gradle.internal.model.StateTransitionController.lambda$transition$6(Ljava/util/function/Supplier;)Lorg/gradle/internal/build/ExecutionResult;+1
j  org.gradle.internal.model.StateTransitionController$$Lambda+0x0000000049590268.get()Ljava/lang/Object;+4
j  org.gradle.internal.model.StateTransitionController.doTransition(Lorg/gradle/internal/model/StateTransitionController$State;Lorg/gradle/internal/model/StateTransitionController$State;Ljava/util/function/Supplier;)Lorg/gradle/internal/build/ExecutionResult;+24
j  org.gradle.internal.model.StateTransitionController.lambda$transition$7(Lorg/gradle/internal/model/StateTransitionController$State;Lorg/gradle/internal/model/StateTransitionController$State;Ljava/util/function/Supplier;)Ljava/lang/Object;+9
j  org.gradle.internal.model.StateTransitionController$$Lambda+0x0000000049590000.create()Ljava/lang/Object;+16
j  org.gradle.internal.work.DefaultSynchronizer.withLock(Lorg/gradle/internal/Factory;)Ljava/lang/Object;+6
j  org.gradle.internal.model.StateTransitionController.transition(Lorg/gradle/internal/model/StateTransitionController$State;Lorg/gradle/internal/model/StateTransitionController$State;Ljava/util/function/Supplier;)Ljava/lang/Object;+13
j  org.gradle.internal.buildtree.DefaultBuildTreeLifecycleController.runBuild(Ljava/util/function/Supplier;)Ljava/lang/Object;+17
j  org.gradle.internal.buildtree.DefaultBuildTreeLifecycleController.scheduleAndRunTasks(Lorg/gradle/execution/EntryTaskSelector;)V+8
j  org.gradle.internal.buildtree.DefaultBuildTreeLifecycleController.scheduleAndRunTasks()V+2
j  org.gradle.tooling.internal.provider.ExecuteBuildActionRunner.run(Lorg/gradle/internal/invocation/BuildAction;Lorg/gradle/internal/buildtree/BuildTreeLifecycleController;)Lorg/gradle/internal/buildtree/BuildActionRunner$Result;+12
j  org.gradle.launcher.exec.ChainingBuildActionRunner.run(Lorg/gradle/internal/invocation/BuildAction;Lorg/gradle/internal/buildtree/BuildTreeLifecycleController;)Lorg/gradle/internal/buildtree/BuildActionRunner$Result;+34
j  org.gradle.internal.buildtree.ProblemReportingBuildActionRunner.run(Lorg/gradle/internal/invocation/BuildAction;Lorg/gradle/internal/buildtree/BuildTreeLifecycleController;)Lorg/gradle/internal/buildtree/BuildActionRunner$Result;+12
j  org.gradle.launcher.exec.BuildOutcomeReportingBuildActionRunner.run(Lorg/gradle/internal/invocation/BuildAction;Lorg/gradle/internal/buildtree/BuildTreeLifecycleController;)Lorg/gradle/internal/buildtree/BuildActionRunner$Result;+69
j  org.gradle.tooling.internal.provider.FileSystemWatchingBuildActionRunner.run(Lorg/gradle/internal/invocation/BuildAction;Lorg/gradle/internal/buildtree/BuildTreeLifecycleController;)Lorg/gradle/internal/buildtree/BuildActionRunner$Result;+317
j  org.gradle.launcher.exec.BuildCompletionNotifyingBuildActionRunner.run(Lorg/gradle/internal/invocation/BuildAction;Lorg/gradle/internal/buildtree/BuildTreeLifecycleController;)Lorg/gradle/internal/buildtree/BuildActionRunner$Result;+6
j  org.gradle.launcher.exec.RootBuildLifecycleBuildActionExecutor.lambda$execute$0(Lorg/gradle/internal/invocation/BuildAction;Lorg/gradle/internal/buildtree/BuildTreeLifecycleController;)Lorg/gradle/internal/buildtree/BuildActionRunner$Result;+6
j  org.gradle.launcher.exec.RootBuildLifecycleBuildActionExecutor$$Lambda+0x0000000049575100.apply(Ljava/lang/Object;)Ljava/lang/Object;+12
j  org.gradle.composite.internal.DefaultRootBuildState.run(Ljava/util/function/Function;)Ljava/lang/Object;+92
j  org.gradle.launcher.exec.RootBuildLifecycleBuildActionExecutor.execute(Lorg/gradle/internal/invocation/BuildAction;)Lorg/gradle/internal/buildtree/BuildActionRunner$Result;+91
j  org.gradle.launcher.exec.BuildTreeLifecycleBuildActionExecutor.runRootBuildAction(Lorg/gradle/internal/invocation/BuildAction;Lorg/gradle/internal/service/ServiceRegistry;Lorg/gradle/internal/buildtree/BuildTreeModelControllerServices$Supplier;)Lorg/gradle/internal/buildtree/BuildActionRunner$Result;+39
j  org.gradle.launcher.exec.BuildTreeLifecycleBuildActionExecutor.execute(Lorg/gradle/internal/invocation/BuildAction;Lorg/gradle/internal/session/BuildSessionContext;)Lorg/gradle/internal/buildtree/BuildActionRunner$Result;+44
j  org.gradle.launcher.exec.RunAsBuildOperationBuildActionExecutor$2.call(Lorg/gradle/internal/operations/BuildOperationContext;)Lorg/gradle/internal/buildtree/BuildActionRunner$Result;+25
j  org.gradle.launcher.exec.RunAsBuildOperationBuildActionExecutor$2.call(Lorg/gradle/internal/operations/BuildOperationContext;)Ljava/lang/Object;+2
j  org.gradle.internal.operations.DefaultBuildOperationRunner$CallableBuildOperationWorker.execute(Lorg/gradle/internal/operations/CallableBuildOperation;Lorg/gradle/internal/operations/BuildOperationContext;)V+3
j  org.gradle.internal.operations.DefaultBuildOperationRunner$CallableBuildOperationWorker.execute(Lorg/gradle/internal/operations/BuildOperation;Lorg/gradle/internal/operations/BuildOperationContext;)V+6
j  org.gradle.internal.operations.DefaultBuildOperationRunner$2.execute(Lorg/gradle/internal/operations/BuildOperationDescriptor;Lorg/gradle/internal/operations/BuildOperationState;Lorg/gradle/internal/operations/BuildOperationState;Lorg/gradle/internal/operations/DefaultBuildOperationRunner$ReadableBuildOperationContext;Lorg/gradle/internal/operations/DefaultBuildOperationRunner$BuildOperationExecutionListener;)Lorg/gradle/internal/operations/BuildOperation;+22
j  org.gradle.internal.operations.DefaultBuildOperationRunner$2.execute(Lorg/gradle/internal/operations/BuildOperationDescriptor;Lorg/gradle/internal/operations/BuildOperationState;Lorg/gradle/internal/operations/BuildOperationState;Lorg/gradle/internal/operations/DefaultBuildOperationRunner$ReadableBuildOperationContext;Lorg/gradle/internal/operations/DefaultBuildOperationRunner$BuildOperationExecutionListener;)Ljava/lang/Object;+8
j  org.gradle.internal.operations.DefaultBuildOperationRunner.execute(Lorg/gradle/internal/operations/BuildOperationDescriptor$Builder;Lorg/gradle/internal/operations/DefaultBuildOperationRunner$BuildOperationExecution;)Ljava/lang/Object;+141
j  org.gradle.internal.operations.DefaultBuildOperationRunner.execute(Lorg/gradle/internal/operations/BuildOperation;Lorg/gradle/internal/operations/BuildOperationWorker;)V+17
j  org.gradle.internal.operations.DefaultBuildOperationRunner.call(Lorg/gradle/internal/operations/CallableBuildOperation;)Ljava/lang/Object;+12
j  org.gradle.launcher.exec.RunAsBuildOperationBuildActionExecutor.execute(Lorg/gradle/internal/invocation/BuildAction;Lorg/gradle/internal/session/BuildSessionContext;)Lorg/gradle/internal/buildtree/BuildActionRunner$Result;+23
j  org.gradle.launcher.exec.RunAsWorkerThreadBuildActionExecutor.lambda$execute$0(Lorg/gradle/internal/invocation/BuildAction;Lorg/gradle/internal/session/BuildSessionContext;)Lorg/gradle/internal/buildtree/BuildActionRunner$Result;+6
j  org.gradle.launcher.exec.RunAsWorkerThreadBuildActionExecutor$$Lambda+0x00000000493ddc80.create()Ljava/lang/Object;+12
j  org.gradle.internal.work.DefaultWorkerLeaseService.lambda$withLocksAcquired$0(Lorg/gradle/internal/Factory;Ljava/util/Collection;)Ljava/lang/Object;+1
j  org.gradle.internal.work.DefaultWorkerLeaseService$$Lambda+0x00000000493dfb40.create()Ljava/lang/Object;+12
j  org.gradle.internal.work.ResourceLockStatistics$1.measure(Ljava/lang/String;Ljava/lang/Iterable;Lorg/gradle/internal/Factory;)Ljava/lang/Object;+1
j  org.gradle.internal.work.DefaultWorkerLeaseService.withLocksAcquired(Ljava/util/Collection;Lorg/gradle/internal/Factory;)Ljava/lang/Object;+21
j  org.gradle.internal.work.DefaultWorkerLeaseService.withLocks(Ljava/util/Collection;Lorg/gradle/internal/Factory;)Ljava/lang/Object;+25
j  org.gradle.internal.work.DefaultWorkerLeaseService.runAsWorkerThread(Lorg/gradle/internal/Factory;)Ljava/lang/Object;+33
j  org.gradle.launcher.exec.RunAsWorkerThreadBuildActionExecutor.execute(Lorg/gradle/internal/invocation/BuildAction;Lorg/gradle/internal/session/BuildSessionContext;)Lorg/gradle/internal/buildtree/BuildActionRunner$Result;+12
j  org.gradle.tooling.internal.provider.continuous.ContinuousBuildActionExecutor.execute(Lorg/gradle/internal/invocation/BuildAction;Lorg/gradle/internal/session/BuildSessionContext;)Lorg/gradle/internal/buildtree/BuildActionRunner$Result;+58
j  org.gradle.tooling.internal.provider.SubscribableBuildActionExecutor.execute(Lorg/gradle/internal/invocation/BuildAction;Lorg/gradle/internal/session/BuildSessionContext;)Lorg/gradle/internal/buildtree/BuildActionRunner$Result;+30
j  org.gradle.internal.session.DefaultBuildSessionContext.execute(Lorg/gradle/internal/invocation/BuildAction;)Lorg/gradle/internal/buildtree/BuildActionRunner$Result;+64
j  org.gradle.internal.buildprocess.execution.BuildSessionLifecycleBuildActionExecutor$ActionImpl.apply(Lorg/gradle/internal/session/BuildSessionContext;)Lorg/gradle/launcher/exec/BuildActionResult;+6
j  org.gradle.internal.buildprocess.execution.BuildSessionLifecycleBuildActionExecutor$ActionImpl.apply(Ljava/lang/Object;)Ljava/lang/Object;+5
j  org.gradle.internal.session.BuildSessionState.run(Ljava/util/function/Function;)Ljava/lang/Object;+5
j  org.gradle.internal.buildprocess.execution.BuildSessionLifecycleBuildActionExecutor.execute(Lorg/gradle/internal/invocation/BuildAction;Lorg/gradle/launcher/exec/BuildActionParameters;Lorg/gradle/initialization/BuildRequestContext;)Lorg/gradle/launcher/exec/BuildActionResult;+105
j  org.gradle.internal.buildprocess.execution.BuildSessionLifecycleBuildActionExecutor.execute(Lorg/gradle/internal/invocation/BuildAction;Ljava/lang/Object;Ljava/lang/Object;)Lorg/gradle/launcher/exec/BuildActionResult;+10
j  org.gradle.internal.buildprocess.execution.StartParamsValidatingActionExecutor.execute(Lorg/gradle/internal/invocation/BuildAction;Lorg/gradle/launcher/exec/BuildActionParameters;Lorg/gradle/initialization/BuildRequestContext;)Lorg/gradle/launcher/exec/BuildActionResult;+142
j  org.gradle.internal.buildprocess.execution.StartParamsValidatingActionExecutor.execute(Lorg/gradle/internal/invocation/BuildAction;Ljava/lang/Object;Ljava/lang/Object;)Lorg/gradle/launcher/exec/BuildActionResult;+10
j  org.gradle.internal.buildprocess.execution.SessionFailureReportingActionExecutor.execute(Lorg/gradle/internal/invocation/BuildAction;Lorg/gradle/launcher/exec/BuildActionParameters;Lorg/gradle/initialization/BuildRequestContext;)Lorg/gradle/launcher/exec/BuildActionResult;+7
j  org.gradle.internal.buildprocess.execution.SessionFailureReportingActionExecutor.execute(Lorg/gradle/internal/invocation/BuildAction;Ljava/lang/Object;Ljava/lang/Object;)Lorg/gradle/launcher/exec/BuildActionResult;+10
j  org.gradle.internal.buildprocess.execution.SetupLoggingActionExecutor.execute(Lorg/gradle/internal/invocation/BuildAction;Lorg/gradle/launcher/exec/BuildActionParameters;Lorg/gradle/initialization/BuildRequestContext;)Lorg/gradle/launcher/exec/BuildActionResult;+50
j  org.gradle.internal.buildprocess.execution.SetupLoggingActionExecutor.execute(Lorg/gradle/internal/invocation/BuildAction;Ljava/lang/Object;Ljava/lang/Object;)Lorg/gradle/launcher/exec/BuildActionResult;+10
j  org.gradle.launcher.daemon.server.exec.ExecuteBuild.doBuild(Lorg/gradle/launcher/daemon/server/api/DaemonCommandExecution;Lorg/gradle/launcher/daemon/protocol/Build;)V+147
j  org.gradle.launcher.daemon.server.exec.BuildCommandOnly.execute(Lorg/gradle/launcher/daemon/server/api/DaemonCommandExecution;)V+49
j  org.gradle.launcher.daemon.server.api.DaemonCommandExecution.proceed()Z+23
j  org.gradle.launcher.daemon.server.exec.WatchForDisconnection.execute(Lorg/gradle/launcher/daemon/server/api/DaemonCommandExecution;)V+19
j  org.gradle.launcher.daemon.server.api.DaemonCommandExecution.proceed()Z+23
j  org.gradle.launcher.daemon.server.exec.ResetDeprecationLogger.execute(Lorg/gradle/launcher/daemon/server/api/DaemonCommandExecution;)V+7
j  org.gradle.launcher.daemon.server.api.DaemonCommandExecution.proceed()Z+23
j  org.gradle.launcher.daemon.server.exec.RequestStopIfSingleUsedDaemon.execute(Lorg/gradle/launcher/daemon/server/api/DaemonCommandExecution;)V+33
j  org.gradle.launcher.daemon.server.api.DaemonCommandExecution.proceed()Z+23
j  org.gradle.launcher.daemon.server.exec.ForwardClientInput.lambda$execute$0(Lorg/gradle/launcher/daemon/server/api/DaemonCommandExecution;Lorg/gradle/internal/daemon/clientinput/StdinHandler;)Ljava/lang/Object;+11
j  org.gradle.launcher.daemon.server.exec.ForwardClientInput$$Lambda+0x0000000049298f90.apply(Ljava/lang/Object;)Ljava/lang/Object;+8
j  org.gradle.internal.daemon.clientinput.ClientInputForwarder.forwardInput(Ljava/util/function/Function;)Ljava/lang/Object;+46
j  org.gradle.launcher.daemon.server.exec.ForwardClientInput.execute(Lorg/gradle/launcher/daemon/server/api/DaemonCommandExecution;)V+10
j  org.gradle.launcher.daemon.server.api.DaemonCommandExecution.proceed()Z+23
j  org.gradle.launcher.daemon.server.exec.LogAndCheckHealth.execute(Lorg/gradle/launcher/daemon/server/api/DaemonCommandExecution;)V+8
j  org.gradle.launcher.daemon.server.api.DaemonCommandExecution.proceed()Z+23
j  org.gradle.launcher.daemon.server.exec.LogToClient.doBuild(Lorg/gradle/launcher/daemon/server/api/DaemonCommandExecution;Lorg/gradle/launcher/daemon/protocol/Build;)V+87
j  org.gradle.launcher.daemon.server.exec.BuildCommandOnly.execute(Lorg/gradle/launcher/daemon/server/api/DaemonCommandExecution;)V+49
j  org.gradle.launcher.daemon.server.api.DaemonCommandExecution.proceed()Z+23
j  org.gradle.launcher.daemon.server.exec.EstablishBuildEnvironment.doBuild(Lorg/gradle/launcher/daemon/server/api/DaemonCommandExecution;Lorg/gradle/launcher/daemon/protocol/Build;)V+356
j  org.gradle.launcher.daemon.server.exec.BuildCommandOnly.execute(Lorg/gradle/launcher/daemon/server/api/DaemonCommandExecution;)V+49
j  org.gradle.launcher.daemon.server.api.DaemonCommandExecution.proceed()Z+23
j  org.gradle.launcher.daemon.server.exec.StartBuildOrRespondWithBusy$1.run()V+44
j  org.gradle.launcher.daemon.server.DaemonStateCoordinator.lambda$runCommand$0(Ljava/lang/Runnable;)V+1
j  org.gradle.launcher.daemon.server.DaemonStateCoordinator$$Lambda+0x0000000049297af0.run()V+8
j  org.gradle.internal.concurrent.ExecutorPolicy$CatchAndRecordFailures.onExecute(Ljava/lang/Runnable;)V+1
j  org.gradle.internal.concurrent.AbstractManagedExecutor$1.run()V+25
j  java.util.concurrent.ThreadPoolExecutor.runWorker(Ljava/util/concurrent/ThreadPoolExecutor$Worker;)V+92 java.base@25.0.3
j  java.util.concurrent.ThreadPoolExecutor$Worker.run()V+5 java.base@25.0.3
j  java.lang.Thread.runWith(Ljava/lang/Object;Ljava/lang/Runnable;)V+5 java.base@25.0.3
j  java.lang.Thread.run()V+19 java.base@25.0.3
v  ~StubRoutines::call_stub 0x000001f4b6d012ed
Lock stack of current Java thread (top to bottom):
LockStack[0]: [I 
{0x00000000d695b4b8} - klass: {type array int} - flags: is_cloneable_fast 

 - length: 0

new  187 new  [0x000001f4b6d17b20, 0x000001f4b6d17cd8]  440 bytes
[MachCode]
  0x000001f4b6d17b20: 4883 ec08 | c5fa 1104 | 24eb 1f48 | 83ec 10c5 | fb11 0424 | eb14 4883 | ec10 4889 | 0424 48c7 
  0x000001f4b6d17b40: 4424 0800 | 0000 00eb | 0150 410f | b755 010f | cac1 ea10 | 488b 4de8 | 488b 4908 | 488b 4908 
  0x000001f4b6d17b60: 488b 4108 | 807c 1004 | 070f 8583 | 0000 0066 | 8b54 d148 | 488b 4928 | 488b 4cd1 | 0851 80b9 
  0x000001f4b6d17b80: 6801 0000 | 040f 840d | 0000 004c | 3bb9 7001 | 0000 0f85 | 5900 0000 | 8b51 08f6 | c201 0f85 
  0x000001f4b6d17ba0: 4d00 0000 | 498b 87c8 | 0100 0048 | 8d1c 1049 | 3b9f d801 | 0000 0f87 | 3500 0000 | 4989 9fc8 
  0x000001f4b6d17bc0: 0100 0048 | 83ea 100f | 840f 0000 | 0033 c9c1 | ea03 4889 | 4cd0 0848 | ffca 75f6 | 48c7 0001 
  0x000001f4b6d17be0: 0000 0059 | 33f6 8970 | 0c89 4808 | e9cb 0000 | 0059 488b | 55e8 488b | 5208 488b | 5208 450f 
  0x000001f4b6d17c00: b745 0141 | 0fc8 41c1 | e810 e805 | 0000 00e9 | a800 0000 | 488d 4424 | 084c 896d | c049 8bcf 
  0x000001f4b6d17c20: c5f8 7749 | 89af 3804 | 0000 4989 | 8728 0400 | 0048 83ec | 2040 f6c4 | 0f0f 8419 | 0000 0048 
  0x000001f4b6d17c40: 83ec 0848 | b830 e97f | adff 7f00 | 00ff d048 | 83c4 08e9 | 0c00 0000 | 48b8 30e9 | 7fad ff7f 
  0x000001f4b6d17c60: 0000 ffd0 | 4883 c420 | 49c7 8728 | 0400 0000 | 0000 0049 | c787 3804 | 0000 0000 | 0000 49c7 
  0x000001f4b6d17c80: 8730 0400 | 0000 0000 | 00c5 f877 | 4983 7f08 | 000f 8405 | 0000 00e9 | 4495 feff | 498b 8780 
  0x000001f4b6d17ca0: 0400 0049 | c787 8004 | 0000 0000 | 0000 4c8b | 6dc0 4c8b | 75c8 4e8d | 74f5 00c3 | 410f b65d 
  0x000001f4b6d17cc0: 0349 83c5 | 0349 ba90 | bf17 aeff | 7f00 0041 | ff24 da0f | 1f44 0000 
[/MachCode]

Compiled method (c1) 209069 24635       1       java.util.concurrent.ConcurrentHashMap$KeySetView::forEach (63 bytes)
 total in heap  [0x000001f4b864a888,0x000001f4b864ac08] = 896
 main code      [0x000001f4b864a980,0x000001f4b864ab90] = 528
 stub code      [0x000001f4b864ab90,0x000001f4b864ac08] = 120
 mutable data [0x000001f4d7bcce80,0x000001f4d7bccef8] = 120
 relocation     [0x000001f4d7bcce80,0x000001f4d7bccef0] = 112
 metadata       [0x000001f4d7bccef0,0x000001f4d7bccef8] = 8
 immutable data [0x000001f4d64e68d0,0x000001f4d64e6a30] = 352
 dependencies   [0x000001f4d64e68d0,0x000001f4d64e68d8] = 8
 nul chk table  [0x000001f4d64e68d8,0x000001f4d64e68f8] = 32
 scopes pcs     [0x000001f4d64e68f8,0x000001f4d64e69b8] = 192
 scopes data    [0x000001f4d64e69b8,0x000001f4d64e6a30] = 120

[Constant Pool (empty)]

[MachCode]
[Instructions begin]
  0x000001f4b864a980: 6666 660f | 1f84 0000 | 0000 0066 | 6666 9066 | 6690 448b | 5208 443b 

  0x000001f4b864a998: ;   {runtime_call Shared Runtime ic_miss_blob}
  0x000001f4b864a998: 5008 0f85 | 403e 70fe 
[Verified Entry Point]
  0x000001f4b864a9a0: 8984 2400 | 80ff ff55 | 4883 ec60 | 4181 7f20 | 0900 0000 

  0x000001f4b864a9b4: ;   {runtime_call Stub::method_entry_barrier}
  0x000001f4b864a9b4: 7405 e8a5 | f96e fe4c | 8944 2440 | 4d85 c00f | 84e8 0000 | 008b 520c 

  0x000001f4b864a9cc: ; implicit exception: dispatches to 0x000001f4b864ab26
  0x000001f4b864a9cc: 448b 4a14 | 4d85 c90f | 84c8 0000 

  0x000001f4b864a9d8: ;   {metadata('java/util/concurrent/ConcurrentHashMap$Traverser')}
  0x000001f4b864a9d8: 0048 bad0 | 230d 4900 | 0000 0049 | 8b87 c801 | 0000 488d | 7830 493b | bfd8 0100 | 000f 8730 
  0x000001f4b864a9f8: 0100 0049 | 89bf c801 | 0000 48c7 | 0001 0000 | 0048 8bca | 8948 0848 | 33c9 8948 | 0c48 33c9 
  0x000001f4b864aa18: 4889 4810 | 4889 4818 | 4889 4820 | 4889 4828 | 4889 4424 | 3841 8b71 | 0c4d 8bc1 | 4c8b cebf 
  0x000001f4b864aa38: 0000 0000 

  0x000001f4b864aa3c: ;   {optimized virtual_call}
  0x000001f4b864aa3c: 488b d0e8 

  0x000001f4b864aa40: ; ImmutableOopMap {[56]=Oop [64]=Oop }
                      ;*invokespecial <init> {reexecute=0 rethrow=0 return_oop=0}
                      ; - java.util.concurrent.ConcurrentHashMap$KeySetView::forEach@34
  0x000001f4b864aa40: 5cc6 e6fe 

  0x000001f4b864aa44: ;   {post_call_nop}
  0x000001f4b864aa44: 0f1f 8400 | bc01 0000 | e932 0000 | 000f 1f80 | 0000 0000 

  0x000001f4b864aa58: ; implicit exception: dispatches to 0x000001f4b864ab3d
  0x000001f4b864aa58: 448b 4010 | 488b 5424 | 400f 1f40 | 0048 b860 | 0d4d d6f4 

  0x000001f4b864aa6c: ;   {virtual_call}
  0x000001f4b864aa6c: 0100 00e8 

  0x000001f4b864aa70: ; ImmutableOopMap {[56]=Oop [64]=Oop }
                      ;*invokeinterface accept {reexecute=0 rethrow=0 return_oop=0}
                      ; - java.util.concurrent.ConcurrentHashMap$KeySetView::forEach@54
  0x000001f4b864aa70: ecc6 7afe 

  0x000001f4b864aa74: ;   {post_call_nop}
  0x000001f4b864aa74: 0f1f 8400 | ec01 0001 

  0x000001f4b864aa7c: ; ImmutableOopMap {[56]=Oop [64]=Oop }
                      ;*goto {reexecute=1 rethrow=0 return_oop=0}
                      ; - (reexecute) java.util.concurrent.ConcurrentHashMap$KeySetView::forEach@59
  0x000001f4b864aa7c: 4d8b 5730 

  0x000001f4b864aa80: ;   {poll}
  0x000001f4b864aa80: 4185 0248 | 8b44 2438 | 488b d00f 

  0x000001f4b864aa8c: ;   {optimized virtual_call}
  0x000001f4b864aa8c: 1f40 00e8 

  0x000001f4b864aa90: ; ImmutableOopMap {[56]=Oop [64]=Oop }
                      ;*invokevirtual advance {reexecute=0 rethrow=0 return_oop=0}
                      ; - java.util.concurrent.ConcurrentHashMap$KeySetView::forEach@39
  0x000001f4b864aa90: 0c11 affe 

  0x000001f4b864aa94: ;   {post_call_nop}
  0x000001f4b864aa94: 0f1f 8400 | 0c02 0003 | 4885 c075 | b748 83c4 

  0x000001f4b864aaa4: ;   {poll_return}
  0x000001f4b864aaa4: 605d 493b | 6728 0f87 | 9200 0000 

  0x000001f4b864aab0: ;   {metadata('java/lang/NullPointerException')}
  0x000001f4b864aab0: c348 ba98 | dc01 4900 | 0000 0049 | 8b87 c801 | 0000 488d | 7830 493b | bfd8 0100 | 000f 8785 
  0x000001f4b864aad0: 0000 0049 | 89bf c801 | 0000 48c7 | 0001 0000 | 0048 8bca | 8948 0848 | 33c9 8948 | 0c48 33c9 
  0x000001f4b864aaf0: 4889 4810 | 4889 4818 | 4889 4820 | 4889 4828 | 488b d048 | 8944 2448 | 0f1f 8000 

  0x000001f4b864ab0c: ;   {optimized virtual_call}
  0x000001f4b864ab0c: 0000 00e8 

  0x000001f4b864ab10: ; ImmutableOopMap {[72]=Oop }
                      ;*invokespecial <init> {reexecute=0 rethrow=0 return_oop=0}
                      ; - java.util.concurrent.ConcurrentHashMap$KeySetView::forEach@8
  0x000001f4b864ab10: cc3f 70fe 

  0x000001f4b864ab14: ;   {post_call_nop}
  0x000001f4b864ab14: 0f1f 8400 | 8c02 0004 | 488b 4424 | 48e9 5900 

  0x000001f4b864ab24: ;   {runtime_call C1 Runtime throw_null_pointer_exception_blob}
  0x000001f4b864ab24: 0000 e8b5 

  0x000001f4b864ab28: ; ImmutableOopMap {r8=Oop [64]=Oop }
                      ;*getfield table {reexecute=1 rethrow=0 return_oop=0}
                      ; - (reexecute) java.util.concurrent.ConcurrentHashMap$KeySetView::forEach@16
  0x000001f4b864ab28: 137a fe48 

  0x000001f4b864ab2c: ;   {runtime_call C1 Runtime fast_new_instance_blob}
  0x000001f4b864ab2c: 8bd2 e8ad 

  0x000001f4b864ab30: ; ImmutableOopMap {r9=Oop [64]=Oop }
                      ;*new {reexecute=0 rethrow=0 return_oop=0}
                      ; - java.util.concurrent.ConcurrentHashMap$KeySetView::forEach@24
  0x000001f4b864ab30: 1c7a fee9 | f0fe ffff 

  0x000001f4b864ab38: ;   {runtime_call C1 Runtime throw_null_pointer_exception_blob}
  0x000001f4b864ab38: e8a3 137a 

  0x000001f4b864ab3c: ; ImmutableOopMap {r9=Oop rax=Oop [56]=Oop [64]=Oop }
                      ;*arraylength {reexecute=0 rethrow=0 return_oop=0}
                      ; - java.util.concurrent.ConcurrentHashMap$KeySetView::forEach@30
                      ;   {runtime_call C1 Runtime throw_null_pointer_exception_blob}
  0x000001f4b864ab3c: fee8 9e13 

  0x000001f4b864ab40: ; ImmutableOopMap {[56]=Oop [64]=Oop }
                      ;*getfield key {reexecute=1 rethrow=0 return_oop=0}
                      ; - (reexecute) java.util.concurrent.ConcurrentHashMap$KeySetView::forEach@51
                      ;   {internal_word}
  0x000001f4b864ab40: 7afe 49ba | a6aa 64b8 | f401 0000 | 4d89 97e0 

  0x000001f4b864ab50: ;   {runtime_call SafepointBlob}
  0x000001f4b864ab50: 0400 00e9 | 0861 70fe 

  0x000001f4b864ab58: ;   {runtime_call C1 Runtime fast_new_instance_blob}
  0x000001f4b864ab58: 488b d2e8 

  0x000001f4b864ab5c: ; ImmutableOopMap {}
                      ;*new {reexecute=0 rethrow=0 return_oop=0}
                      ; - java.util.concurrent.ConcurrentHashMap$KeySetView::forEach@4
  0x000001f4b864ab5c: 801c 7afe | eb9e 498b | 8788 0500 | 0049 c787 | 8805 0000 | 0000 0000 | 49c7 8790 | 0500 0000 
  0x000001f4b864ab7c: 0000 0048 | 83c4 605d 

  0x000001f4b864ab84: ;   {runtime_call C1 Runtime unwind_exception_blob}
  0x000001f4b864ab84: e957 047a | fef4 f4f4 | f4f4 f4f4 
[Stub Code]
  0x000001f4b864ab90: ;   {other}
  0x000001f4b864ab90: 0f1f 4400 

  0x000001f4b864ab94: ;   {static_stub}
  0x000001f4b864ab94: 0048 bb00 | 0000 0000 

  0x000001f4b864ab9c: ;   {runtime_call nmethod}
  0x000001f4b864ab9c: 0000 00e9 | fbff ffff 

  0x000001f4b864aba4: ;   {static_stub}
  0x000001f4b864aba4: 48bb 0000 | 0000 0000 

  0x000001f4b864abac: ;   {runtime_call nmethod}
  0x000001f4b864abac: 0000 e9fb 

  0x000001f4b864abb0: ;   {static_stub}
  0x000001f4b864abb0: ffff ff48 | bb00 0000 | 0000 0000 

  0x000001f4b864abbc: ;   {runtime_call nmethod}
  0x000001f4b864abbc: 00e9 fbff 

  0x000001f4b864abc0: ;   {static_stub}
  0x000001f4b864abc0: ffff 48bb | 0000 0000 | 0000 0000 

  0x000001f4b864abcc: ;   {runtime_call nmethod}
  0x000001f4b864abcc: e9fb ffff 

  0x000001f4b864abd0: ;   {runtime_call C1 Runtime handle_exception_from_callee_blob}
  0x000001f4b864abd0: ffe8 0a31 

  0x000001f4b864abd4: ;   {external_word}
  0x000001f4b864abd4: 7afe 48b9 | a8c1 e8ad | ff7f 0000 | 4883 e4f0 

  0x000001f4b864abe4: ;   {runtime_call}
  0x000001f4b864abe4: 48b8 b0f5 | a7ad ff7f | 0000 ffd0 

  0x000001f4b864abf0: ;   {section_word}
  0x000001f4b864abf0: f449 baf1 | ab64 b8f4 | 0100 0041 

  0x000001f4b864abfc: ;   {runtime_call DeoptimizationBlob}
  0x000001f4b864abfc: 52e9 5e63 | 70fe f4f4 | f4f4 f4f4 
[/MachCode]


Compiled method (c1) 209091 7420   !   1       org.gradle.internal.code.DefaultUserCodeApplicationContext$CurrentApplication$1::execute (79 bytes)
 total in heap  [0x000001f4b77a0908,0x000001f4b77a0c90] = 904
 main code      [0x000001f4b77a0a00,0x000001f4b77a0c00] = 512
 stub code      [0x000001f4b77a0c00,0x000001f4b77a0c88] = 136
 oops           [0x000001f4b77a0c88,0x000001f4b77a0c90] = 8
 mutable data [0x000001f4c124c800,0x000001f4c124c8a0] = 160
 relocation     [0x000001f4c124c800,0x000001f4c124c888] = 136
 metadata       [0x000001f4c124c888,0x000001f4c124c8a0] = 24
 immutable data [0x000001f4c126a900,0x000001f4c126ab10] = 528
 dependencies   [0x000001f4c126a900,0x000001f4c126a908] = 8
 nul chk table  [0x000001f4c126a908,0x000001f4c126a950] = 72
 handler table  [0x000001f4c126a950,0x000001f4c126a968] = 24
 scopes pcs     [0x000001f4c126a968,0x000001f4c126aa68] = 256
 scopes data    [0x000001f4c126aa68,0x000001f4c126ab10] = 168

[Constant Pool (empty)]

[MachCode]
[Instructions begin]
  0x000001f4b77a0a00: 6666 660f | 1f84 0000 | 0000 0066 | 6666 9066 | 6690 448b | 5208 443b 

  0x000001f4b77a0a18: ;   {runtime_call Shared Runtime ic_miss_blob}
  0x000001f4b77a0a18: 5008 0f85 | c0dd 5aff 
[Verified Entry Point]
  0x000001f4b77a0a20: 8984 2400 | 80ff ff55 | 4883 ec50 | 4181 7f20 | 0800 0000 

  0x000001f4b77a0a34: ;   {runtime_call Stub::method_entry_barrier}
  0x000001f4b77a0a34: 7405 e825 | 9959 ff48 | 8954 2428 | 4c89 4424 | 308b 7210 

  0x000001f4b77a0a48: ; implicit exception: dispatches to 0x000001f4b77a0b86
  0x000001f4b77a0a48: 8b76 148b | 760c 488b | d60f 1f40 | 0048 b880 | d72e c1f4 

  0x000001f4b77a0a5c: ;   {virtual_call}
  0x000001f4b77a0a5c: 0100 00e8 

  0x000001f4b77a0a60: ; ImmutableOopMap {[40]=Oop [48]=Oop }
                      ;*invokevirtual get {reexecute=0 rethrow=0 return_oop=0}
                      ; - org.gradle.internal.code.DefaultUserCodeApplicationContext$CurrentApplication$1::execute@10 (line 121)
  0x000001f4b77a0a60: 2e28 9dff 

  0x000001f4b77a0a64: ;   {post_call_nop}
  0x000001f4b77a0a64: 0f1f 8400 | 5c01 0000 | 4885 c00f | 841c 0000 

  0x000001f4b77a0a74: ;   {metadata('org/gradle/internal/code/DefaultUserCodeApplicationContext$CurrentApplication')}
  0x000001f4b77a0a74: 0048 bfd0 | 5271 4900 | 0000 0044 | 8b40 0849 | 3bf8 0f85 | 0401 0000 | e900 0000 | 0048 8bf0 
  0x000001f4b77a0a94: 488b 5424 | 2844 8b42 | 1041 8b78 | 148b 7f0c | 488b d748 | 8974 2438 | 9048 b8a8 | d72e c1f4 
  0x000001f4b77a0ab4: ;   {virtual_call}
  0x000001f4b77a0ab4: 0100 00e8 

  0x000001f4b77a0ab8: ; ImmutableOopMap {[40]=Oop [48]=Oop [56]=Oop }
                      ;*invokevirtual set {reexecute=0 rethrow=0 return_oop=0}
                      ; - org.gradle.internal.code.DefaultUserCodeApplicationContext$CurrentApplication$1::execute@31 (line 122)
  0x000001f4b77a0ab8: 5607 abff 

  0x000001f4b77a0abc: ;   {post_call_nop}
  0x000001f4b77a0abc: 0f1f 8400 | b401 0001 | 488b 5424 | 288b 720c | 4c8b 4424 | 3048 8bd6 | 9048 b8d0 | d72e c1f4 
  0x000001f4b77a0adc: ;   {virtual_call}
  0x000001f4b77a0adc: 0100 00e8 

  0x000001f4b77a0ae0: ; ImmutableOopMap {[40]=Oop [56]=Oop }
                      ;*invokeinterface execute {reexecute=0 rethrow=0 return_oop=0}
                      ; - org.gradle.internal.code.DefaultUserCodeApplicationContext$CurrentApplication$1::execute@39 (line 124)
  0x000001f4b77a0ae0: 7c66 65ff 

  0x000001f4b77a0ae4: ;   {post_call_nop}
  0x000001f4b77a0ae4: 0f1f 8400 | dc01 0002 | 488b 5424 | 2844 8b42 | 1045 8b40 | 1441 8b70 | 0c4c 8b44 | 2438 488b 
  0x000001f4b77a0b04: d648 b8f8 | d72e c1f4 

  0x000001f4b77a0b0c: ;   {virtual_call}
  0x000001f4b77a0b0c: 0100 00e8 

  0x000001f4b77a0b10: ; ImmutableOopMap {[40]=Oop [56]=Oop }
                      ;*invokevirtual set {reexecute=0 rethrow=0 return_oop=0}
                      ; - org.gradle.internal.code.DefaultUserCodeApplicationContext$CurrentApplication$1::execute@55 (line 126)
  0x000001f4b77a0b10: fe06 abff 

  0x000001f4b77a0b14: ;   {post_call_nop}
  0x000001f4b77a0b14: 0f1f 8400 | 0c02 0003 | 4883 c450 

  0x000001f4b77a0b20: ;   {poll_return}
  0x000001f4b77a0b20: 5d49 3b67 | 280f 8782 | 0000 00c3 | 488b 5424 | 2849 8b87 | 8805 0000 | 4d33 d24d | 8997 8805 
  0x000001f4b77a0b40: 0000 4d33 | d24d 8997 | 9005 0000 | 448b 4210 

  0x000001f4b77a0b50: ; implicit exception: dispatches to 0x000001f4b77a0bc3
  0x000001f4b77a0b50: 458b 4014 

  0x000001f4b77a0b54: ; implicit exception: dispatches to 0x000001f4b77a0bc8
  0x000001f4b77a0b54: 418b 500c | 4c8b c648 | 8944 2440 | 0f1f 4400 | 0048 b820 | d82e c1f4 

  0x000001f4b77a0b6c: ;   {virtual_call}
  0x000001f4b77a0b6c: 0100 00e8 

  0x000001f4b77a0b70: ; ImmutableOopMap {[64]=Oop }
                      ;*invokevirtual set {reexecute=0 rethrow=0 return_oop=0}
                      ; - org.gradle.internal.code.DefaultUserCodeApplicationContext$CurrentApplication$1::execute@73 (line 126)
  0x000001f4b77a0b70: 6ce2 5aff 

  0x000001f4b77a0b74: ;   {post_call_nop}
  0x000001f4b77a0b74: 0f1f 8400 | 6c02 0004 | 488b 4424 | 40e9 6e00 

  0x000001f4b77a0b84: ;   {runtime_call C1 Runtime throw_null_pointer_exception_blob}
  0x000001f4b77a0b84: 0000 e855 

  0x000001f4b77a0b88: ; ImmutableOopMap {rdx=Oop [40]=Oop [48]=Oop }
                      ;*getfield this$0 {reexecute=1 rethrow=0 return_oop=0}
                      ; - (reexecute) org.gradle.internal.code.DefaultUserCodeApplicationContext$CurrentApplication$1::execute@4 (line 121)
                      ;   {runtime_call C1 Runtime throw_null_pointer_exception_blob}
  0x000001f4b77a0b88: b364 ffe8 

  0x000001f4b77a0b8c: ; ImmutableOopMap {rdx=Oop [40]=Oop [48]=Oop }
                      ;*getfield currentApplication {reexecute=1 rethrow=0 return_oop=0}
                      ; - (reexecute) org.gradle.internal.code.DefaultUserCodeApplicationContext::access$000@1 (line 25)
                      ; - org.gradle.internal.code.DefaultUserCodeApplicationContext$CurrentApplication$1::execute@7 (line 121)
  0x000001f4b77a0b8c: 50b3 64ff | 4889 0424 

  0x000001f4b77a0b94: ;   {runtime_call C1 Runtime throw_class_cast_exception_blob}
  0x000001f4b77a0b94: e847 d764 

  0x000001f4b77a0b98: ; ImmutableOopMap {[40]=Oop [48]=Oop }
                      ;*checkcast {reexecute=0 rethrow=0 return_oop=0}
                      ; - org.gradle.internal.code.DefaultUserCodeApplicationContext$CurrentApplication$1::execute@13 (line 121)
                      ;   {runtime_call C1 Runtime throw_null_pointer_exception_blob}
  0x000001f4b77a0b98: ffe8 42b3 

  0x000001f4b77a0b9c: ; ImmutableOopMap {rsi=Oop rdx=Oop r8=Oop [40]=Oop [48]=Oop }
                      ;*getfield this$0 {reexecute=1 rethrow=0 return_oop=0}
                      ; - (reexecute) org.gradle.internal.code.DefaultUserCodeApplicationContext$CurrentApplication$1::execute@21 (line 122)
                      ;   {runtime_call C1 Runtime throw_null_pointer_exception_blob}
  0x000001f4b77a0b9c: 64ff e83d 

  0x000001f4b77a0ba0: ; ImmutableOopMap {rsi=Oop rdx=Oop r8=Oop [40]=Oop [48]=Oop }
                      ;*getfield currentApplication {reexecute=1 rethrow=0 return_oop=0}
                      ; - (reexecute) org.gradle.internal.code.DefaultUserCodeApplicationContext::access$000@1 (line 25)
                      ; - org.gradle.internal.code.DefaultUserCodeApplicationContext$CurrentApplication$1::execute@24 (line 122)
                      ;   {runtime_call C1 Runtime throw_null_pointer_exception_blob}
  0x000001f4b77a0ba0: b364 ffe8 

  0x000001f4b77a0ba4: ; ImmutableOopMap {rdx=Oop [40]=Oop [56]=Oop }
                      ;*getfield this$0 {reexecute=1 rethrow=0 return_oop=0}
                      ; - (reexecute) org.gradle.internal.code.DefaultUserCodeApplicationContext$CurrentApplication$1::execute@48 (line 126)
  0x000001f4b77a0ba4: 38b3 64ff 

  0x000001f4b77a0ba8: ;   {runtime_call C1 Runtime throw_null_pointer_exception_blob}
  0x000001f4b77a0ba8: e833 b364 

  0x000001f4b77a0bac: ; ImmutableOopMap {rdx=Oop [40]=Oop [56]=Oop }
                      ;*getfield currentApplication {reexecute=1 rethrow=0 return_oop=0}
                      ; - (reexecute) org.gradle.internal.code.DefaultUserCodeApplicationContext::access$000@1 (line 25)
                      ; - org.gradle.internal.code.DefaultUserCodeApplicationContext$CurrentApplication$1::execute@51 (line 126)
                      ;   {internal_word}
  0x000001f4b77a0bac: ff49 ba21 | 0b7a b7f4 | 0100 004d | 8997 e004 

  0x000001f4b77a0bbc: ;   {runtime_call SafepointBlob}
  0x000001f4b77a0bbc: 0000 e99d 

  0x000001f4b77a0bc0: ;   {runtime_call C1 Runtime throw_null_pointer_exception_blob}
  0x000001f4b77a0bc0: 005b ffe8 

  0x000001f4b77a0bc4: ; ImmutableOopMap {rsi=Oop rax=Oop }
                      ;*getfield this$0 {reexecute=1 rethrow=0 return_oop=0}
                      ; - (reexecute) org.gradle.internal.code.DefaultUserCodeApplicationContext$CurrentApplication$1::execute@66 (line 126)
  0x000001f4b77a0bc4: 18b3 64ff 

  0x000001f4b77a0bc8: ;   {runtime_call C1 Runtime throw_null_pointer_exception_blob}
  0x000001f4b77a0bc8: e813 b364 

  0x000001f4b77a0bcc: ; ImmutableOopMap {rsi=Oop rax=Oop }
                      ;*getfield currentApplication {reexecute=1 rethrow=0 return_oop=0}
                      ; - (reexecute) org.gradle.internal.code.DefaultUserCodeApplicationContext::access$000@1 (line 25)
                      ; - org.gradle.internal.code.DefaultUserCodeApplicationContext$CurrentApplication$1::execute@69 (line 126)
  0x000001f4b77a0bcc: ff48 8b74 | 2438 e955 | ffff ff49 | 8b87 8805 | 0000 49c7 | 8788 0500 | 0000 0000 | 0049 c787 
  0x000001f4b77a0bec: 9005 0000 | 0000 0000 | 4883 c450 

  0x000001f4b77a0bf8: ;   {runtime_call C1 Runtime unwind_exception_blob}
  0x000001f4b77a0bf8: 5de9 e2a3 | 64ff f4f4 
[Stub Code]
  0x000001f4b77a0c00: ;   {other}
  0x000001f4b77a0c00: 0f1f 4400 

  0x000001f4b77a0c04: ;   {static_stub}
  0x000001f4b77a0c04: 0048 bb00 | 0000 0000 

  0x000001f4b77a0c0c: ;   {runtime_call nmethod}
  0x000001f4b77a0c0c: 0000 00e9 | fbff ffff 

  0x000001f4b77a0c14: ;   {static_stub}
  0x000001f4b77a0c14: 9048 bb00 | 0000 0000 

  0x000001f4b77a0c1c: ;   {runtime_call nmethod}
  0x000001f4b77a0c1c: 0000 00e9 | fbff ffff 

  0x000001f4b77a0c24: ;   {static_stub}
  0x000001f4b77a0c24: 9048 bb00 | 0000 0000 

  0x000001f4b77a0c2c: ;   {runtime_call nmethod}
  0x000001f4b77a0c2c: 0000 00e9 | fbff ffff 

  0x000001f4b77a0c34: ;   {static_stub}
  0x000001f4b77a0c34: 9048 bb00 | 0000 0000 

  0x000001f4b77a0c3c: ;   {runtime_call nmethod}
  0x000001f4b77a0c3c: 0000 00e9 | fbff ffff 

  0x000001f4b77a0c44: ;   {static_stub}
  0x000001f4b77a0c44: 9048 bb00 | 0000 0000 

  0x000001f4b77a0c4c: ;   {runtime_call nmethod}
  0x000001f4b77a0c4c: 0000 00e9 | fbff ffff 
[Exception Handler]
  0x000001f4b77a0c54: ;   {runtime_call C1 Runtime handle_exception_from_callee_blob}
  0x000001f4b77a0c54: e887 d064 

  0x000001f4b77a0c58: ;   {external_word}
  0x000001f4b77a0c58: ff48 b9a8 | c1e8 adff | 7f00 0048 

  0x000001f4b77a0c64: ;   {runtime_call}
  0x000001f4b77a0c64: 83e4 f048 | b8b0 f5a7 | adff 7f00 | 00ff d0f4 
[Deopt Handler Code]
  0x000001f4b77a0c74: ;   {section_word}
  0x000001f4b77a0c74: 49ba 740c | 7ab7 f401 | 0000 4152 

  0x000001f4b77a0c80: ;   {runtime_call DeoptimizationBlob}
  0x000001f4b77a0c80: e9db 025b | fff4 f4f4 
[/MachCode]


---------------  P R O C E S S  ---------------

Threads class SMR info:
_java_thread_list=0x000001f4d64d0bb0, length=48, elements={
0x000001f4b3840b20, 0x000001f4b35a10c0, 0x000001f4b35a5060, 0x000001f4b35a6020,
0x000001f4b35d5bf0, 0x000001f4b35d67b0, 0x000001f4b35db1b0, 0x000001f4b35e00c0,
0x000001f4b35e2f70, 0x000001f4be2262a0, 0x000001f4bfa335a0, 0x000001f4bfaef010,
0x000001f4bfb08420, 0x000001f4bfb67b70, 0x000001f4bfa34580, 0x000001f4bfa33db0,
0x000001f4bfb98030, 0x000001f4bfb97860, 0x000001f4bfb968c0, 0x000001f4bfb960f0,
0x000001f4bfb95920, 0x000001f4bfb997a0, 0x000001f4bfb9a740, 0x000001f4bfb9b6e0,
0x000001f4c0546720, 0x000001f4c05476c0, 0x000001f4c0544010, 0x000001f4c0548660,
0x000001f4c0545f50, 0x000001f4c0545780, 0x000001f4c054b540, 0x000001f4c095a0c0,
0x000001f4c095c000, 0x000001f4c09598f0, 0x000001f4c095df40, 0x000001f4c095b830,
0x000001f4c095e710, 0x000001f4c15fe810, 0x000001f4c1600f20, 0x000001f4c15ff7b0,
0x000001f4c1602690, 0x000001f4c1604da0, 0x000001f4c1603e00, 0x000001f4c1601ec0,
0x000001f4c10c9090, 0x000001f4c6fbaec0, 0x000001f4d7c56810, 0x000001f4c10c80f0
}

Java Threads: ( => current thread )
  0x000001f4b3840b20 JavaThread "main"                              [_thread_blocked, id=36388, stack(0x000000aa0d700000,0x000000aa0d800000) (1024K)]
  0x000001f4b35a10c0 JavaThread "Common-Cleaner"             daemon [_thread_blocked, id=20636, stack(0x000000aa0da00000,0x000000aa0db00000) (1024K)]
  0x000001f4b35a5060 JavaThread "Reference Handler"          daemon [_thread_blocked, id=17792, stack(0x000000aa0db00000,0x000000aa0dc00000) (1024K)]
  0x000001f4b35a6020 JavaThread "Finalizer"                  daemon [_thread_blocked, id=2332, stack(0x000000aa0dc00000,0x000000aa0dd00000) (1024K)]
  0x000001f4b35d5bf0 JavaThread "Signal Dispatcher"          daemon [_thread_blocked, id=1848, stack(0x000000aa0dd00000,0x000000aa0de00000) (1024K)]
  0x000001f4b35d67b0 JavaThread "Attach Listener"            daemon [_thread_blocked, id=34308, stack(0x000000aa0de00000,0x000000aa0df00000) (1024K)]
  0x000001f4b35db1b0 JavaThread "Service Thread"             daemon [_thread_blocked, id=1392, stack(0x000000aa0df00000,0x000000aa0e000000) (1024K)]
  0x000001f4b35e00c0 JavaThread "Monitor Deflation Thread"   daemon [_thread_blocked, id=38304, stack(0x000000aa0e000000,0x000000aa0e100000) (1024K)]
  0x000001f4b35e2f70 JavaThread "C1 CompilerThread0"         daemon [_thread_blocked, id=33692, stack(0x000000aa0e100000,0x000000aa0e200000) (1024K)]
  0x000001f4be2262a0 JavaThread "Notification Thread"        daemon [_thread_blocked, id=16524, stack(0x000000aa0e500000,0x000000aa0e600000) (1024K)]
  0x000001f4bfa335a0 JavaThread "Daemon health stats"               [_thread_blocked, id=38132, stack(0x000000aa0e600000,0x000000aa0e700000) (1024K)]
  0x000001f4bfaef010 JavaThread "Incoming local TCP Connector on port 56893"        [_thread_in_native, id=21608, stack(0x000000aa0e700000,0x000000aa0e800000) (1024K)]
  0x000001f4bfb08420 JavaThread "Daemon periodic checks"            [_thread_blocked, id=8656, stack(0x000000aa0e800000,0x000000aa0e900000) (1024K)]
  0x000001f4bfb67b70 JavaThread "Daemon"                            [_thread_blocked, id=36092, stack(0x000000aa0e900000,0x000000aa0ea00000) (1024K)]
  0x000001f4bfa34580 JavaThread "Handler for socket connection from /127.0.0.1:56893 to /127.0.0.1:56895"        [_thread_in_native, id=36844, stack(0x000000aa0ea00000,0x000000aa0eb00000) (1024K)]
  0x000001f4bfa33db0 JavaThread "Cancel handler"                    [_thread_blocked, id=30492, stack(0x000000aa0eb00000,0x000000aa0ec00000) (1024K)]
=>0x000001f4bfb98030 JavaThread "Daemon worker"                     [_thread_in_vm, id=34148, stack(0x000000aa0ec00000,0x000000aa0ed00000) (1024K)]
  0x000001f4bfb97860 JavaThread "Asynchronous log dispatcher for DefaultDaemonConnection: socket connection from /127.0.0.1:56893 to /127.0.0.1:56895"        [_thread_blocked, id=31568, stack(0x000000aa0ed00000,0x000000aa0ee00000) (1024K)]
  0x000001f4bfb968c0 JavaThread "Stdin handler"                     [_thread_blocked, id=30800, stack(0x000000aa0ee00000,0x000000aa0ef00000) (1024K)]
  0x000001f4bfb960f0 JavaThread "Daemon client event forwarder"        [_thread_blocked, id=26064, stack(0x000000aa0ef00000,0x000000aa0f000000) (1024K)]
  0x000001f4bfb95920 JavaThread "Cache worker for journal cache (C:\Users\Mannona\.gradle\caches\journal-1)"        [_thread_blocked, id=3928, stack(0x000000aa0f000000,0x000000aa0f100000) (1024K)]
  0x000001f4bfb997a0 JavaThread "File lock request listener"        [_thread_in_native, id=35852, stack(0x000000aa0f100000,0x000000aa0f200000) (1024K)]
  0x000001f4bfb9a740 JavaThread "Cache worker for file hash cache (C:\Users\Mannona\.gradle\caches\9.3.1\fileHashes)"        [_thread_blocked, id=33516, stack(0x000000aa0f200000,0x000000aa0f300000) (1024K)]
  0x000001f4bfb9b6e0 JavaThread "Cache worker for file hash cache (C:\Users\Mannona\Desktop\flutterprojects\android\.gradle\9.3.1\fileHashes)"        [_thread_blocked, id=29332, stack(0x000000aa0f300000,0x000000aa0f400000) (1024K)]
  0x000001f4c0546720 JavaThread "Cache worker for Build Output Cleanup Cache (C:\Users\Mannona\Desktop\flutterprojects\android\.gradle\buildOutputCleanup)"        [_thread_blocked, id=37544, stack(0x000000aa0f400000,0x000000aa0f500000) (1024K)]
  0x000001f4c05476c0 JavaThread "File watcher server"        daemon [_thread_in_native, id=31236, stack(0x000000aa0f500000,0x000000aa0f600000) (1024K)]
  0x000001f4c0544010 JavaThread "File watcher consumer"      daemon [_thread_blocked, id=23712, stack(0x000000aa0f600000,0x000000aa0f700000) (1024K)]
  0x000001f4c0548660 JavaThread "Cache worker for checksums cache (C:\Users\Mannona\Desktop\flutterprojects\android\.gradle\9.3.1\checksums)"        [_thread_blocked, id=35752, stack(0x000000aa0f700000,0x000000aa0f800000) (1024K)]
  0x000001f4c0545f50 JavaThread "Cache worker for file content cache (C:\Users\Mannona\.gradle\caches\9.3.1\fileContent)"        [_thread_blocked, id=24116, stack(0x000000aa0f800000,0x000000aa0f900000) (1024K)]
  0x000001f4c0545780 JavaThread "Cache worker for cache directory md-supplier (C:\Users\Mannona\.gradle\caches\9.3.1\md-supplier)"        [_thread_blocked, id=12228, stack(0x000000aa0f900000,0x000000aa0fa00000) (1024K)]
  0x000001f4c054b540 JavaThread "Cache worker for cache directory md-rule (C:\Users\Mannona\.gradle\caches\9.3.1\md-rule)"        [_thread_blocked, id=26548, stack(0x000000aa0fa00000,0x000000aa0fb00000) (1024K)]
  0x000001f4c095a0c0 JavaThread "Cache worker for Build Output Cleanup Cache (C:\src\flutter\packages\flutter_tools\gradle\.gradle\buildOutputCleanup)"        [_thread_blocked, id=36292, stack(0x000000aa0fb00000,0x000000aa0fc00000) (1024K)]
  0x000001f4c095c000 JavaThread "Unconstrained build operations"        [_thread_blocked, id=8444, stack(0x000000aa0fc00000,0x000000aa0fd00000) (1024K)]
  0x000001f4c09598f0 JavaThread "Unconstrained build operations Thread 2"        [_thread_blocked, id=29204, stack(0x000000aa0fd00000,0x000000aa0fe00000) (1024K)]
  0x000001f4c095df40 JavaThread "Unconstrained build operations Thread 3"        [_thread_blocked, id=24544, stack(0x000000aa0fe00000,0x000000aa0ff00000) (1024K)]
  0x000001f4c095b830 JavaThread "Memory manager"                    [_thread_blocked, id=33996, stack(0x000000aa0ff00000,0x000000aa10000000) (1024K)]
  0x000001f4c095e710 JavaThread "build event listener"              [_thread_blocked, id=16044, stack(0x000000aa10000000,0x000000aa10100000) (1024K)]
  0x000001f4c15fe810 JavaThread "Cache worker for execution history cache (C:\src\flutter\packages\flutter_tools\gradle\.gradle\9.3.1\executionHistory)"        [_thread_blocked, id=30880, stack(0x000000aa10200000,0x000000aa10300000) (1024K)]
  0x000001f4c1600f20 JavaThread "Unconstrained build operations Thread 4"        [_thread_blocked, id=37424, stack(0x000000aa10300000,0x000000aa10400000) (1024K)]
  0x000001f4c15ff7b0 JavaThread "Unconstrained build operations Thread 5"        [_thread_blocked, id=22844, stack(0x000000aa10400000,0x000000aa10500000) (1024K)]
  0x000001f4c1602690 JavaThread "Unconstrained build operations Thread 6"        [_thread_blocked, id=37060, stack(0x000000aa10500000,0x000000aa10600000) (1024K)]
  0x000001f4c1604da0 JavaThread "Unconstrained build operations Thread 7"        [_thread_blocked, id=24712, stack(0x000000aa10600000,0x000000aa10700000) (1024K)]
  0x000001f4c1603e00 JavaThread "Unconstrained build operations Thread 8"        [_thread_blocked, id=33656, stack(0x000000aa10700000,0x000000aa10800000) (1024K)]
  0x000001f4c1601ec0 JavaThread "Unconstrained build operations Thread 9"        [_thread_blocked, id=30944, stack(0x000000aa10800000,0x000000aa10900000) (1024K)]
  0x000001f4c10c9090 JavaThread "Unconstrained build operations Thread 10"        [_thread_blocked, id=29744, stack(0x000000aa10900000,0x000000aa10a00000) (1024K)]
  0x000001f4c6fbaec0 JavaThread "Kotlin DSL Writer"                 [_thread_blocked, id=36832, stack(0x000000aa0e300000,0x000000aa0e400000) (1024K)]
  0x000001f4d7c56810 JavaThread "build event listener"              [_thread_blocked, id=18976, stack(0x000000aa0d400000,0x000000aa0d500000) (1024K)]
  0x000001f4c10c80f0 JavaThread "build event listener"              [_thread_blocked, id=12556, stack(0x000000aa0e400000,0x000000aa0e500000) (1024K)]
Total: 48

Other Threads:
  0x000001f4b38ce240 VMThread "VM Thread"                           [id=37728, stack(0x000000aa0d900000,0x000000aa0da00000) (1024K)]
  0x000001f4b356cb30 WatcherThread "VM Periodic Task Thread"        [id=30252, stack(0x000000aa0d800000,0x000000aa0d900000) (1024K)]
Total: 2

Threads with active compile tasks:
Total: 0

VM state: not at safepoint (normal execution)

VM Mutex/Monitor currently owned by a thread:  ([mutex/lock_event])
[0x00007fffae1655a8] Metaspace_lock - owner thread: 0x000001f4bfb98030

Heap address: 0x00000000c0000000, size: 1024 MB, Compressed Oops mode: 32-bit

CDS archive(s) not mapped
Compressed class space mapped at: 0x0000000049000000-0x000000005d000000, reserved size: 335544320
UseCompressedClassPointers 1, UseCompactObjectHeaders 0
Narrow klass pointer bits 32, Max shift 3
Narrow klass base: 0x0000000000000000, Narrow klass shift: 0
Encoding Range: [0x0000000000000000 - 0x0000000100000000), (4294967296 bytes)
Klass Range:    [0x0000000049000000 - 0x000000005d000000), (335544320 bytes)
Klass ID Range:  [1224736768 - 1560281081) (335544313)
No protection zone.

GC Precious Log:
 CardTable entry size: 512
 CPUs: 12 total, 12 available
 Memory: 16176M
 Large Page Support: Disabled
 NUMA Support: Disabled
 Compressed Oops: Enabled (32-bit)
 Heap Min Capacity: 8M
 Heap Initial Capacity: 254M
 Heap Max Capacity: 1G
 Pre-touch: Disabled

Heap:
 DefNew     total 127744K, used 36294K [0x00000000c0000000, 0x00000000c8a90000, 0x00000000d5550000)
  eden space 113600K,  25% used [0x00000000c0000000, 0x00000000c1c7b230, 0x00000000c6ef0000)
  from space 14144K,  50% used [0x00000000c7cc0000, 0x00000000c83b69b8, 0x00000000c8a90000)
  to   space 14144K,   0% used [0x00000000c6ef0000, 0x00000000c6ef0000, 0x00000000c7cc0000)
 Tenured    total 283304K, used 143877K [0x00000000d5550000, 0x00000000e69fa000, 0x0000000100000000)
  the  space 283304K,  50% used [0x00000000d5550000, 0x00000000de1d1750, 0x00000000e69fa000)

Card table byte_map: [0x000001f4b3130000,0x000001f4b3330000] _byte_map_base: 0x000001f4b2b30000

Polling page: 0x000001f4b1570000

Metaspace:
Metaspace        used 187128K, committed 189376K, reserved 524288K
 class space     used 27750K, committed 28800K, reserved 327680K

Usage:
  Non-class:    155.64 MB used.
      Class:     27.10 MB used.
       Both:    182.74 MB used.

Virtual space:
  Non-class space:      192.00 MB reserved,     156.81 MB ( 82%) committed,  3 nodes.
      Class space:      320.00 MB reserved,      28.12 MB (  9%) committed,  1 nodes.
             Both:      512.00 MB reserved,     184.94 MB ( 36%) committed. 

Chunk freelists:
   Non-Class:  2.23 MB
       Class:  3.81 MB
        Both:  6.05 MB

MaxMetaspaceSize: 384.00 MB
CompressedClassSpaceSize: 320.00 MB
Initial GC threshold: 21.00 MB
Current GC threshold: 290.94 MB
CDS: off
 - commit_granule_bytes: 65536.
 - commit_granule_words: 8192.
 - virtual_space_node_default_size: 8388608.
 - enlarge_chunks_in_place: 1.
UseCompressedClassPointers 1, UseCompactObjectHeaders 0
Narrow klass pointer bits 32, Max shift 3
Narrow klass base: 0x0000000000000000, Narrow klass shift: 0
Encoding Range: [0x0000000000000000 - 0x0000000100000000), (4294967296 bytes)
Klass Range:    [0x0000000049000000 - 0x000000005d000000), (335544320 bytes)
Klass ID Range:  [1224736768 - 1560281081) (335544313)
No protection zone.


Internal statistics:

num_allocs_failed_limit: 9.
num_arena_births: 4264.
num_arena_deaths: 0.
num_vsnodes_births: 4.
num_vsnodes_deaths: 0.
num_space_committed: 2958.
num_space_uncommitted: 0.
num_chunks_returned_to_freelist: 9.
num_chunks_taken_from_freelist: 11198.
num_chunk_merges: 9.
num_chunk_splits: 8082.
num_chunks_enlarged: 6107.
num_inconsistent_stats: 0.

CodeCache: size=49152Kb used=25468Kb max_used=27107Kb free=23684Kb
 bounds [0x000001f4b6d00000, 0x000001f4b87c0000, 0x000001f4b9d00000]
 total_blobs=20002, nmethods=18803, adapters=1120, full_count=0
Compilation: enabled, stopped_count=0, restarted_count=0

Compilation events (20 events):
Event: 199.685 Thread 0x000001f4b35e2f70 24742   !   1       java.util.concurrent.ScheduledThreadPoolExecutor$DelayedWorkQueue::offer (123 bytes)
Event: 199.686 Thread 0x000001f4b35e2f70 nmethod 24742 0x000001f4b8630508 code [0x000001f4b8630600, 0x000001f4b8630e00]
Event: 199.687 Thread 0x000001f4b35e2f70 24743       1       java.util.concurrent.ThreadPoolExecutor::ensurePrestart (41 bytes)
Event: 199.687 Thread 0x000001f4b35e2f70 nmethod 24743 0x000001f4b8630208 code [0x000001f4b8630300, 0x000001f4b8630460]
Event: 199.687 Thread 0x000001f4b35e2f70 24744       1       java.util.concurrent.ScheduledThreadPoolExecutor$DelayedWorkQueue::take (5 bytes)
Event: 199.687 Thread 0x000001f4b35e2f70 nmethod 24744 0x000001f4b862ff08 code [0x000001f4b8630000, 0x000001f4b86300e8]
Event: 201.681 Thread 0x000001f4b35e2f70 24746       1       java.util.concurrent.ScheduledThreadPoolExecutor$DelayedWorkQueue::finishPoll (43 bytes)
Event: 201.682 Thread 0x000001f4b35e2f70 nmethod 24746 0x000001f4b862fc08 code [0x000001f4b862fd00, 0x000001f4b862fec8]
Event: 201.682 Thread 0x000001f4b35e2f70 24747       1       java.util.concurrent.ScheduledThreadPoolExecutor$ScheduledFutureTask::run (57 bytes)
Event: 201.682 Thread 0x000001f4b35e2f70 nmethod 24747 0x000001f4b862f888 code [0x000001f4b862f980, 0x000001f4b862fbd0]
Event: 201.682 Thread 0x000001f4b35e2f70 24748       1       java.util.concurrent.ScheduledThreadPoolExecutor$ScheduledFutureTask::isPeriodic (15 bytes)
Event: 201.682 Thread 0x000001f4b35e2f70 nmethod 24748 0x000001f4b862f588 code [0x000001f4b862f680, 0x000001f4b862f768]
Event: 201.682 Thread 0x000001f4b35e2f70 24749   !   1       java.util.concurrent.FutureTask::runAndReset (125 bytes)
Event: 201.684 Thread 0x000001f4b35e2f70 nmethod 24749 0x000001f4b862eb08 code [0x000001f4b862ec00, 0x000001f4b862f500]
Event: 201.684 Thread 0x000001f4b35e2f70 24750       1       java.util.concurrent.ScheduledThreadPoolExecutor$ScheduledFutureTask::setNextRunTime (38 bytes)
Event: 201.685 Thread 0x000001f4b35e2f70 nmethod 24750 0x000001f4b862e808 code [0x000001f4b862e900, 0x000001f4b862eab8]
Event: 201.685 Thread 0x000001f4b35e2f70 24751       1       java.util.concurrent.ScheduledThreadPoolExecutor::reExecutePeriodic (49 bytes)
Event: 201.685 Thread 0x000001f4b35e2f70 nmethod 24751 0x000001f4b862e408 code [0x000001f4b862e500, 0x000001f4b862e790]
Event: 208.288 Thread 0x000001f4b35e2f70 24752       1       jdk.internal.classfile.impl.AbstractPoolEntry$IntegerEntryImpl::tag (2 bytes)
Event: 208.289 Thread 0x000001f4b35e2f70 nmethod 24752 0x000001f4b862e108 code [0x000001f4b862e200, 0x000001f4b862e2c8]

GC Heap Usage History (20 events):
Event: 98.910 {heap Before GC invocations=156 (full 7):
 DefNew     total 125568K, used 121026K [0x00000000c0000000, 0x00000000c8830000, 0x00000000d5550000)
  eden space 111680K, 100% used [0x00000000c0000000, 0x00000000c6d10000, 0x00000000c6d10000)
  from space 13888K,  67% used [0x00000000c6d10000, 0x00000000c7630a00, 0x00000000c7aa0000)
  to   space 13888K,   0% used [0x00000000c7aa0000, 0x00000000c7aa0000, 0x00000000c8830000)
 Tenured    total 278504K, used 204255K [0x00000000d5550000, 0x00000000e654a000, 0x0000000100000000)
  the  space 278504K,  73% used [0x00000000d5550000, 0x00000000e1cc7f90, 0x00000000e654a000)
}
Event: 98.929 {heap After GC invocations=157 (full 7):
 DefNew     total 125568K, used 819K [0x00000000c0000000, 0x00000000c8830000, 0x00000000d5550000)
  eden space 111680K,   0% used [0x00000000c0000000, 0x00000000c0000000, 0x00000000c6d10000)
  from space 13888K,   5% used [0x00000000c7aa0000, 0x00000000c7b6cd50, 0x00000000c8830000)
  to   space 13888K,   0% used [0x00000000c6d10000, 0x00000000c6d10000, 0x00000000c7aa0000)
 Tenured    total 278504K, used 213489K [0x00000000d5550000, 0x00000000e654a000, 0x0000000100000000)
  the  space 278504K,  76% used [0x00000000d5550000, 0x00000000e25cc7b0, 0x00000000e654a000)
}
Event: 99.593 {heap Before GC invocations=157 (full 7):
 DefNew     total 125568K, used 112499K [0x00000000c0000000, 0x00000000c8830000, 0x00000000d5550000)
  eden space 111680K, 100% used [0x00000000c0000000, 0x00000000c6d10000, 0x00000000c6d10000)
  from space 13888K,   5% used [0x00000000c7aa0000, 0x00000000c7b6cd50, 0x00000000c8830000)
  to   space 13888K,   0% used [0x00000000c6d10000, 0x00000000c6d10000, 0x00000000c7aa0000)
 Tenured    total 278504K, used 213489K [0x00000000d5550000, 0x00000000e654a000, 0x0000000100000000)
  the  space 278504K,  76% used [0x00000000d5550000, 0x00000000e25cc7b0, 0x00000000e654a000)
}
Event: 99.660 {heap After GC invocations=158 (full 7):
 DefNew     total 125568K, used 13888K [0x00000000c0000000, 0x00000000c8830000, 0x00000000d5550000)
  eden space 111680K,   0% used [0x00000000c0000000, 0x00000000c0000000, 0x00000000c6d10000)
  from space 13888K, 100% used [0x00000000c6d10000, 0x00000000c7aa0000, 0x00000000c7aa0000)
  to   space 13888K,   0% used [0x00000000c7aa0000, 0x00000000c7aa0000, 0x00000000c8830000)
 Tenured    total 278504K, used 240123K [0x00000000d5550000, 0x00000000e654a000, 0x0000000100000000)
  the  space 278504K,  86% used [0x00000000d5550000, 0x00000000e3fcecf0, 0x00000000e654a000)
}
Event: 100.212 {heap Before GC invocations=158 (full 7):
 DefNew     total 125568K, used 125568K [0x00000000c0000000, 0x00000000c8830000, 0x00000000d5550000)
  eden space 111680K, 100% used [0x00000000c0000000, 0x00000000c6d10000, 0x00000000c6d10000)
  from space 13888K, 100% used [0x00000000c6d10000, 0x00000000c7aa0000, 0x00000000c7aa0000)
  to   space 13888K,   0% used [0x00000000c7aa0000, 0x00000000c7aa0000, 0x00000000c8830000)
 Tenured    total 278504K, used 240123K [0x00000000d5550000, 0x00000000e654a000, 0x0000000100000000)
  the  space 278504K,  86% used [0x00000000d5550000, 0x00000000e3fcecf0, 0x00000000e654a000)
}
Event: 100.312 {heap After GC invocations=159 (full 7):
 DefNew     total 125568K, used 13887K [0x00000000c0000000, 0x00000000c8830000, 0x00000000d5550000)
  eden space 111680K,   0% used [0x00000000c0000000, 0x00000000c0000000, 0x00000000c6d10000)
  from space 13888K,  99% used [0x00000000c7aa0000, 0x00000000c882fff8, 0x00000000c8830000)
  to   space 13888K,   0% used [0x00000000c6d10000, 0x00000000c6d10000, 0x00000000c7aa0000)
 Tenured    total 278504K, used 269395K [0x00000000d5550000, 0x00000000e654a000, 0x0000000100000000)
  the  space 278504K,  96% used [0x00000000d5550000, 0x00000000e5c64df8, 0x00000000e654a000)
}
Event: 101.865 {heap Before GC invocations=159 (full 7):
 DefNew     total 125568K, used 125567K [0x00000000c0000000, 0x00000000c8830000, 0x00000000d5550000)
  eden space 111680K, 100% used [0x00000000c0000000, 0x00000000c6d10000, 0x00000000c6d10000)
  from space 13888K,  99% used [0x00000000c7aa0000, 0x00000000c882fff8, 0x00000000c8830000)
  to   space 13888K,   0% used [0x00000000c6d10000, 0x00000000c6d10000, 0x00000000c7aa0000)
 Tenured    total 278504K, used 269395K [0x00000000d5550000, 0x00000000e654a000, 0x0000000100000000)
  the  space 278504K,  96% used [0x00000000d5550000, 0x00000000e5c64df8, 0x00000000e654a000)
}
Event: 101.932 {heap After GC invocations=160 (full 7):
 DefNew     total 125568K, used 6809K [0x00000000c0000000, 0x00000000c8830000, 0x00000000d5550000)
  eden space 111680K,   0% used [0x00000000c0000000, 0x00000000c0000000, 0x00000000c6d10000)
  from space 13888K,  49% used [0x00000000c6d10000, 0x00000000c73b65e8, 0x00000000c7aa0000)
  to   space 13888K,   0% used [0x00000000c7aa0000, 0x00000000c7aa0000, 0x00000000c8830000)
 Tenured    total 283304K, used 283223K [0x00000000d5550000, 0x00000000e69fa000, 0x0000000100000000)
  the  space 283304K,  99% used [0x00000000d5550000, 0x00000000e69e5f70, 0x00000000e69fa000)
}
Event: 102.153 {heap Before GC invocations=160 (full 7):
 DefNew     total 125568K, used 13289K [0x00000000c0000000, 0x00000000c8830000, 0x00000000d5550000)
  eden space 111680K,   5% used [0x00000000c0000000, 0x00000000c0653f78, 0x00000000c6d10000)
  from space 13888K,  49% used [0x00000000c6d10000, 0x00000000c73b65e8, 0x00000000c7aa0000)
  to   space 13888K,   0% used [0x00000000c7aa0000, 0x00000000c7aa0000, 0x00000000c8830000)
 Tenured    total 283304K, used 283223K [0x00000000d5550000, 0x00000000e69fa000, 0x0000000100000000)
  the  space 283304K,  99% used [0x00000000d5550000, 0x00000000e69e5f70, 0x00000000e69fa000)
}
Event: 102.672 {heap After GC invocations=161 (full 8):
 DefNew     total 127744K, used 0K [0x00000000c0000000, 0x00000000c8a90000, 0x00000000d5550000)
  eden space 113600K,   0% used [0x00000000c0000000, 0x00000000c0000000, 0x00000000c6ef0000)
  from space 14144K,   0% used [0x00000000c6ef0000, 0x00000000c6ef0000, 0x00000000c7cc0000)
  to   space 14144K,   0% used [0x00000000c7cc0000, 0x00000000c7cc0000, 0x00000000c8a90000)
 Tenured    total 283304K, used 139548K [0x00000000d5550000, 0x00000000e69fa000, 0x0000000100000000)
  the  space 283304K,  49% used [0x00000000d5550000, 0x00000000ddd97210, 0x00000000e69fa000)
}
Event: 104.992 {heap Before GC invocations=161 (full 8):
 DefNew     total 127744K, used 113353K [0x00000000c0000000, 0x00000000c8a90000, 0x00000000d5550000)
  eden space 113600K,  99% used [0x00000000c0000000, 0x00000000c6eb2588, 0x00000000c6ef0000)
  from space 14144K,   0% used [0x00000000c6ef0000, 0x00000000c6ef0000, 0x00000000c7cc0000)
  to   space 14144K,   0% used [0x00000000c7cc0000, 0x00000000c7cc0000, 0x00000000c8a90000)
 Tenured    total 283304K, used 139548K [0x00000000d5550000, 0x00000000e69fa000, 0x0000000100000000)
  the  space 283304K,  49% used [0x00000000d5550000, 0x00000000ddd97210, 0x00000000e69fa000)
}
Event: 105.012 {heap After GC invocations=162 (full 8):
 DefNew     total 127744K, used 7044K [0x00000000c0000000, 0x00000000c8a90000, 0x00000000d5550000)
  eden space 113600K,   0% used [0x00000000c0000000, 0x00000000c0000000, 0x00000000c6ef0000)
  from space 14144K,  49% used [0x00000000c7cc0000, 0x00000000c83a1348, 0x00000000c8a90000)
  to   space 14144K,   0% used [0x00000000c6ef0000, 0x00000000c6ef0000, 0x00000000c7cc0000)
 Tenured    total 283304K, used 139548K [0x00000000d5550000, 0x00000000e69fa000, 0x0000000100000000)
  the  space 283304K,  49% used [0x00000000d5550000, 0x00000000ddd97210, 0x00000000e69fa000)
}
Event: 105.586 {heap Before GC invocations=162 (full 8):
 DefNew     total 127744K, used 120644K [0x00000000c0000000, 0x00000000c8a90000, 0x00000000d5550000)
  eden space 113600K, 100% used [0x00000000c0000000, 0x00000000c6ef0000, 0x00000000c6ef0000)
  from space 14144K,  49% used [0x00000000c7cc0000, 0x00000000c83a1348, 0x00000000c8a90000)
  to   space 14144K,   0% used [0x00000000c6ef0000, 0x00000000c6ef0000, 0x00000000c7cc0000)
 Tenured    total 283304K, used 139548K [0x00000000d5550000, 0x00000000e69fa000, 0x0000000100000000)
  the  space 283304K,  49% used [0x00000000d5550000, 0x00000000ddd97210, 0x00000000e69fa000)
}
Event: 105.602 {heap After GC invocations=163 (full 8):
 DefNew     total 127744K, used 9030K [0x00000000c0000000, 0x00000000c8a90000, 0x00000000d5550000)
  eden space 113600K,   0% used [0x00000000c0000000, 0x00000000c0000000, 0x00000000c6ef0000)
  from space 14144K,  63% used [0x00000000c6ef0000, 0x00000000c77c1a40, 0x00000000c7cc0000)
  to   space 14144K,   0% used [0x00000000c7cc0000, 0x00000000c7cc0000, 0x00000000c8a90000)
 Tenured    total 283304K, used 139548K [0x00000000d5550000, 0x00000000e69fa000, 0x0000000100000000)
  the  space 283304K,  49% used [0x00000000d5550000, 0x00000000ddd97210, 0x00000000e69fa000)
}
Event: 133.015 {heap Before GC invocations=163 (full 8):
 DefNew     total 127744K, used 122630K [0x00000000c0000000, 0x00000000c8a90000, 0x00000000d5550000)
  eden space 113600K, 100% used [0x00000000c0000000, 0x00000000c6ef0000, 0x00000000c6ef0000)
  from space 14144K,  63% used [0x00000000c6ef0000, 0x00000000c77c1a40, 0x00000000c7cc0000)
  to   space 14144K,   0% used [0x00000000c7cc0000, 0x00000000c7cc0000, 0x00000000c8a90000)
 Tenured    total 283304K, used 139548K [0x00000000d5550000, 0x00000000e69fa000, 0x0000000100000000)
  the  space 283304K,  49% used [0x00000000d5550000, 0x00000000ddd97210, 0x00000000e69fa000)
}
Event: 133.030 {heap After GC invocations=164 (full 8):
 DefNew     total 127744K, used 2692K [0x00000000c0000000, 0x00000000c8a90000, 0x00000000d5550000)
  eden space 113600K,   0% used [0x00000000c0000000, 0x00000000c0000000, 0x00000000c6ef0000)
  from space 14144K,  19% used [0x00000000c7cc0000, 0x00000000c7f61200, 0x00000000c8a90000)
  to   space 14144K,   0% used [0x00000000c6ef0000, 0x00000000c6ef0000, 0x00000000c7cc0000)
 Tenured    total 283304K, used 142985K [0x00000000d5550000, 0x00000000e69fa000, 0x0000000100000000)
  the  space 283304K,  50% used [0x00000000d5550000, 0x00000000de0f2418, 0x00000000e69fa000)
}
Event: 183.847 {heap Before GC invocations=164 (full 8):
 DefNew     total 127744K, used 116292K [0x00000000c0000000, 0x00000000c8a90000, 0x00000000d5550000)
  eden space 113600K, 100% used [0x00000000c0000000, 0x00000000c6ef0000, 0x00000000c6ef0000)
  from space 14144K,  19% used [0x00000000c7cc0000, 0x00000000c7f61200, 0x00000000c8a90000)
  to   space 14144K,   0% used [0x00000000c6ef0000, 0x00000000c6ef0000, 0x00000000c7cc0000)
 Tenured    total 283304K, used 142985K [0x00000000d5550000, 0x00000000e69fa000, 0x0000000100000000)
  the  space 283304K,  50% used [0x00000000d5550000, 0x00000000de0f2418, 0x00000000e69fa000)
}
Event: 183.878 {heap After GC invocations=165 (full 8):
 DefNew     total 127744K, used 7690K [0x00000000c0000000, 0x00000000c8a90000, 0x00000000d5550000)
  eden space 113600K,   0% used [0x00000000c0000000, 0x00000000c0000000, 0x00000000c6ef0000)
  from space 14144K,  54% used [0x00000000c6ef0000, 0x00000000c7672a80, 0x00000000c7cc0000)
  to   space 14144K,   0% used [0x00000000c7cc0000, 0x00000000c7cc0000, 0x00000000c8a90000)
 Tenured    total 283304K, used 142985K [0x00000000d5550000, 0x00000000e69fa000, 0x0000000100000000)
  the  space 283304K,  50% used [0x00000000d5550000, 0x00000000de0f2418, 0x00000000e69fa000)
}
Event: 200.851 {heap Before GC invocations=165 (full 8):
 DefNew     total 127744K, used 121290K [0x00000000c0000000, 0x00000000c8a90000, 0x00000000d5550000)
  eden space 113600K, 100% used [0x00000000c0000000, 0x00000000c6ef0000, 0x00000000c6ef0000)
  from space 14144K,  54% used [0x00000000c6ef0000, 0x00000000c7672a80, 0x00000000c7cc0000)
  to   space 14144K,   0% used [0x00000000c7cc0000, 0x00000000c7cc0000, 0x00000000c8a90000)
 Tenured    total 283304K, used 142985K [0x00000000d5550000, 0x00000000e69fa000, 0x0000000100000000)
  the  space 283304K,  50% used [0x00000000d5550000, 0x00000000de0f2418, 0x00000000e69fa000)
}
Event: 200.872 {heap After GC invocations=166 (full 8):
 DefNew     total 127744K, used 7130K [0x00000000c0000000, 0x00000000c8a90000, 0x00000000d5550000)
  eden space 113600K,   0% used [0x00000000c0000000, 0x00000000c0000000, 0x00000000c6ef0000)
  from space 14144K,  50% used [0x00000000c7cc0000, 0x00000000c83b69b8, 0x00000000c8a90000)
  to   space 14144K,   0% used [0x00000000c6ef0000, 0x00000000c6ef0000, 0x00000000c7cc0000)
 Tenured    total 283304K, used 143877K [0x00000000d5550000, 0x00000000e69fa000, 0x0000000100000000)
  the  space 283304K,  50% used [0x00000000d5550000, 0x00000000de1d1750, 0x00000000e69fa000)
}

Metaspace Usage History (20 events):
Event: 98.910 {metaspace Before GC invocations=156 (full 7):
 Metaspace       used 167918K, committed 170048K, reserved 524288K
  class space    used 24699K, committed 25664K, reserved 327680K
}
Event: 98.929 {metaspace After GC invocations=157 (full 7):
 Metaspace       used 167918K, committed 170048K, reserved 524288K
  class space    used 24699K, committed 25664K, reserved 327680K
}
Event: 99.593 {metaspace Before GC invocations=157 (full 7):
 Metaspace       used 167920K, committed 170048K, reserved 524288K
  class space    used 24700K, committed 25664K, reserved 327680K
}
Event: 99.660 {metaspace After GC invocations=158 (full 7):
 Metaspace       used 167920K, committed 170048K, reserved 524288K
  class space    used 24700K, committed 25664K, reserved 327680K
}
Event: 100.212 {metaspace Before GC invocations=158 (full 7):
 Metaspace       used 168191K, committed 170304K, reserved 524288K
  class space    used 24736K, committed 25728K, reserved 327680K
}
Event: 100.312 {metaspace After GC invocations=159 (full 7):
 Metaspace       used 168191K, committed 170304K, reserved 524288K
  class space    used 24736K, committed 25728K, reserved 327680K
}
Event: 101.865 {metaspace Before GC invocations=159 (full 7):
 Metaspace       used 176094K, committed 178240K, reserved 524288K
  class space    used 26128K, committed 27136K, reserved 327680K
}
Event: 101.933 {metaspace After GC invocations=160 (full 7):
 Metaspace       used 176094K, committed 178240K, reserved 524288K
  class space    used 26128K, committed 27136K, reserved 327680K
}
Event: 102.153 {metaspace Before GC invocations=160 (full 7):
 Metaspace       used 176516K, committed 178752K, reserved 524288K
  class space    used 26203K, committed 27264K, reserved 327680K
}
Event: 102.673 {metaspace After GC invocations=161 (full 8):
 Metaspace       used 176516K, committed 178752K, reserved 524288K
  class space    used 26203K, committed 27264K, reserved 327680K
}
Event: 104.992 {metaspace Before GC invocations=161 (full 8):
 Metaspace       used 185059K, committed 187264K, reserved 524288K
  class space    used 27475K, committed 28480K, reserved 327680K
}
Event: 105.012 {metaspace After GC invocations=162 (full 8):
 Metaspace       used 185059K, committed 187264K, reserved 524288K
  class space    used 27475K, committed 28480K, reserved 327680K
}
Event: 105.586 {metaspace Before GC invocations=162 (full 8):
 Metaspace       used 186089K, committed 188352K, reserved 524288K
  class space    used 27608K, committed 28672K, reserved 327680K
}
Event: 105.602 {metaspace After GC invocations=163 (full 8):
 Metaspace       used 186089K, committed 188352K, reserved 524288K
  class space    used 27608K, committed 28672K, reserved 327680K
}
Event: 133.016 {metaspace Before GC invocations=163 (full 8):
 Metaspace       used 186327K, committed 188608K, reserved 524288K
  class space    used 27649K, committed 28736K, reserved 327680K
}
Event: 133.030 {metaspace After GC invocations=164 (full 8):
 Metaspace       used 186327K, committed 188608K, reserved 524288K
  class space    used 27649K, committed 28736K, reserved 327680K
}
Event: 183.847 {metaspace Before GC invocations=164 (full 8):
 Metaspace       used 187125K, committed 189376K, reserved 524288K
  class space    used 27749K, committed 28800K, reserved 327680K
}
Event: 183.878 {metaspace After GC invocations=165 (full 8):
 Metaspace       used 187125K, committed 189376K, reserved 524288K
  class space    used 27749K, committed 28800K, reserved 327680K
}
Event: 200.851 {metaspace Before GC invocations=165 (full 8):
 Metaspace       used 187125K, committed 189376K, reserved 524288K
  class space    used 27749K, committed 28800K, reserved 327680K
}
Event: 200.872 {metaspace After GC invocations=166 (full 8):
 Metaspace       used 187125K, committed 189376K, reserved 524288K
  class space    used 27749K, committed 28800K, reserved 327680K
}

Dll operation events (3 events):
Event: 0.014 Loaded shared library C:\Program Files\Android\Android Studio\jbr\bin\java.dll
Event: 0.022 Loaded shared library C:\Program Files\Android\Android Studio\jbr\bin\zip.dll
Event: 0.851 Loaded shared library C:\Program Files\Android\Android Studio\jbr\bin\verify.dll

Deoptimization events (20 events):
Event: 17.281 Thread 0x000001f4bfb98030 DEOPT PACKING pc=0x000001f4b79992ec sp=0x000000aa0ecf30e0
Event: 17.281 Thread 0x000001f4bfb98030 DEOPT UNPACKING pc=0x000001f4b6d51402 sp=0x000000aa0ecf2600 mode 0
Event: 17.566 Thread 0x000001f4bfb98030 DEOPT PACKING pc=0x000001f4b797d10c sp=0x000000aa0ecf3da0
Event: 17.566 Thread 0x000001f4bfb98030 DEOPT UNPACKING pc=0x000001f4b6d51402 sp=0x000000aa0ecf3340 mode 0
Event: 30.462 Thread 0x000001f4bfb98030 DEOPT PACKING pc=0x000001f4b7a1e144 sp=0x000000aa0ecf3270
Event: 30.462 Thread 0x000001f4bfb98030 DEOPT UNPACKING pc=0x000001f4b6d51402 sp=0x000000aa0ecf2ab0 mode 0
Event: 54.790 Thread 0x000001f4bfb98030 DEOPT PACKING pc=0x000001f4b7655154 sp=0x000000aa0ecf9b60
Event: 54.790 Thread 0x000001f4bfb98030 DEOPT UNPACKING pc=0x000001f4b6d51402 sp=0x000000aa0ecf8ff0 mode 0
Event: 62.768 Thread 0x000001f4bfb960f0 DEOPT PACKING pc=0x000001f4b744891c sp=0x000000aa0efff5c0
Event: 62.768 Thread 0x000001f4bfb960f0 DEOPT UNPACKING pc=0x000001f4b6d51402 sp=0x000000aa0effeb28 mode 0
Event: 73.542 Thread 0x000001f4bfb98030 DEOPT PACKING pc=0x000001f4b70bb59c sp=0x000000aa0ecf1ea0
Event: 73.543 Thread 0x000001f4bfb98030 DEOPT UNPACKING pc=0x000001f4b6d51402 sp=0x000000aa0ecf13a0 mode 0
Event: 74.775 Thread 0x000001f4bfb98030 DEOPT PACKING pc=0x000001f4b6e800e4 sp=0x000000aa0ecf7b70
Event: 74.775 Thread 0x000001f4bfb98030 DEOPT UNPACKING pc=0x000001f4b6d51402 sp=0x000000aa0ecf7198 mode 0
Event: 99.916 Thread 0x000001f4bfb98030 DEOPT PACKING pc=0x000001f4b7f430a4 sp=0x000000aa0ecef1a0
Event: 99.916 Thread 0x000001f4bfb98030 DEOPT UNPACKING pc=0x000001f4b6d51402 sp=0x000000aa0ecee698 mode 0
Event: 99.916 Thread 0x000001f4bfb98030 DEOPT PACKING pc=0x000001f4b84a453c sp=0x000000aa0ecef310
Event: 99.916 Thread 0x000001f4bfb98030 DEOPT UNPACKING pc=0x000001f4b6d51402 sp=0x000000aa0ecee7b8 mode 0
Event: 103.795 Thread 0x000001f4bfb98030 DEOPT PACKING pc=0x000001f4b7086a3c sp=0x000000aa0ecf4dd0
Event: 103.795 Thread 0x000001f4bfb98030 DEOPT UNPACKING pc=0x000001f4b6d51402 sp=0x000000aa0ecf4298 mode 0

Classes loaded (20 events):
Event: 104.785 Loading class sun/security/ssl/PreSharedKeyExtension$SHPreSharedKeySpec
Event: 104.785 Loading class sun/security/ssl/PreSharedKeyExtension$SHPreSharedKeySpec done
Event: 105.158 Loading class sun/security/ssl/Alert
Event: 105.159 Loading class sun/security/ssl/Alert done
Event: 105.159 Loading class sun/security/ssl/Alert$AlertConsumer
Event: 105.160 Loading class sun/security/ssl/Alert$AlertConsumer done
Event: 105.160 Loading class sun/security/ssl/Alert$Level
Event: 105.160 Loading class sun/security/ssl/Alert$Level done
Event: 105.287 Loading class java/nio/ShortBuffer
Event: 105.288 Loading class java/nio/ShortBuffer done
Event: 105.289 Loading class java/nio/FloatBuffer
Event: 105.289 Loading class java/nio/FloatBuffer done
Event: 105.290 Loading class java/nio/DoubleBuffer
Event: 105.290 Loading class java/nio/DoubleBuffer done
Event: 180.023 Loading class java/io/SequenceInputStream
Event: 180.023 Loading class java/io/SequenceInputStream done
Event: 180.216 Loading class java/time/temporal/TemporalAdjusters
Event: 180.217 Loading class java/time/temporal/TemporalAdjusters done
Event: 180.218 Loading class java/time/LocalDate$1
Event: 180.218 Loading class java/time/LocalDate$1 done

Classes unloaded (0 events):
No events

Classes redefined (0 events):
No events

Internal exceptions (20 events):
Event: 204.475 Thread 0x000001f4bfb98030 Exception <a 'sun/nio/fs/WindowsException'{0x00000000c1003088}> (0x00000000c1003088) 
thrown [s\src\hotspot\share\prims\jni.cpp, line 535]
Event: 204.484 Thread 0x000001f4bfb98030 Exception <a 'sun/nio/fs/WindowsException'{0x00000000c100c520}> (0x00000000c100c520) 
thrown [s\src\hotspot\share\prims\jni.cpp, line 535]
Event: 204.484 Thread 0x000001f4bfb98030 Exception <a 'sun/nio/fs/WindowsException'{0x00000000c100e280}> (0x00000000c100e280) 
thrown [s\src\hotspot\share\prims\jni.cpp, line 535]
Event: 204.495 Thread 0x000001f4bfb98030 Exception <a 'sun/nio/fs/WindowsException'{0x00000000c1017718}> (0x00000000c1017718) 
thrown [s\src\hotspot\share\prims\jni.cpp, line 535]
Event: 204.496 Thread 0x000001f4bfb98030 Exception <a 'sun/nio/fs/WindowsException'{0x00000000c1019478}> (0x00000000c1019478) 
thrown [s\src\hotspot\share\prims\jni.cpp, line 535]
Event: 204.502 Thread 0x000001f4bfb98030 Exception <a 'sun/nio/fs/WindowsException'{0x00000000c10228f8}> (0x00000000c10228f8) 
thrown [s\src\hotspot\share\prims\jni.cpp, line 535]
Event: 204.502 Thread 0x000001f4bfb98030 Exception <a 'sun/nio/fs/WindowsException'{0x00000000c1024650}> (0x00000000c1024650) 
thrown [s\src\hotspot\share\prims\jni.cpp, line 535]
Event: 204.506 Thread 0x000001f4bfb98030 Exception <a 'sun/nio/fs/WindowsException'{0x00000000c102dad8}> (0x00000000c102dad8) 
thrown [s\src\hotspot\share\prims\jni.cpp, line 535]
Event: 204.507 Thread 0x000001f4bfb98030 Exception <a 'sun/nio/fs/WindowsException'{0x00000000c102f830}> (0x00000000c102f830) 
thrown [s\src\hotspot\share\prims\jni.cpp, line 535]
Event: 204.514 Thread 0x000001f4bfb98030 Exception <a 'sun/nio/fs/WindowsException'{0x00000000c1038cc8}> (0x00000000c1038cc8) 
thrown [s\src\hotspot\share\prims\jni.cpp, line 535]
Event: 204.515 Thread 0x000001f4bfb98030 Exception <a 'sun/nio/fs/WindowsException'{0x00000000c103aa28}> (0x00000000c103aa28) 
thrown [s\src\hotspot\share\prims\jni.cpp, line 535]
Event: 204.527 Thread 0x000001f4bfb98030 Exception <a 'sun/nio/fs/WindowsException'{0x00000000c1043ec0}> (0x00000000c1043ec0) 
thrown [s\src\hotspot\share\prims\jni.cpp, line 535]
Event: 204.527 Thread 0x000001f4bfb98030 Exception <a 'sun/nio/fs/WindowsException'{0x00000000c1045c20}> (0x00000000c1045c20) 
thrown [s\src\hotspot\share\prims\jni.cpp, line 535]
Event: 204.534 Thread 0x000001f4bfb98030 Exception <a 'sun/nio/fs/WindowsException'{0x00000000c104eee8}> (0x00000000c104eee8) 
thrown [s\src\hotspot\share\prims\jni.cpp, line 535]
Event: 204.534 Thread 0x000001f4bfb98030 Exception <a 'sun/nio/fs/WindowsException'{0x00000000c1050c18}> (0x00000000c1050c18) 
thrown [s\src\hotspot\share\prims\jni.cpp, line 535]
Event: 206.232 Thread 0x000001f4bfb98030 Exception <a 'sun/nio/fs/WindowsException'{0x00000000c156ab20}> (0x00000000c156ab20) 
thrown [s\src\hotspot\share\prims\jni.cpp, line 535]
Event: 206.232 Thread 0x000001f4bfb98030 Exception <a 'sun/nio/fs/WindowsException'{0x00000000c156c858}> (0x00000000c156c858) 
thrown [s\src\hotspot\share\prims\jni.cpp, line 535]
Event: 207.794 Thread 0x000001f4bfb98030 Exception <a 'sun/nio/fs/WindowsException'{0x00000000c1a81b48}> (0x00000000c1a81b48) 
thrown [s\src\hotspot\share\prims\jni.cpp, line 535]
Event: 207.794 Thread 0x000001f4bfb98030 Exception <a 'sun/nio/fs/WindowsException'{0x00000000c1a83880}> (0x00000000c1a83880) 
thrown [s\src\hotspot\share\prims\jni.cpp, line 535]
Event: 208.286 Thread 0x000001f4bfb98030 Exception <a 'java/io/IOException'{0x00000000c1add878}> (0x00000000c1add878) 
thrown [s\src\hotspot\share\prims\jni.cpp, line 535]

VM Operations (20 events):
Event: 105.586 Executing safepoint VM operation: SerialCollectForAllocation (Allocation Failure)
Event: 105.602 Executing safepoint VM operation: SerialCollectForAllocation (Allocation Failure) done
Event: 106.341 Executing non-safepoint VM operation: HandshakeAllThreads (Deoptimize)
Event: 106.341 Executing non-safepoint VM operation: HandshakeAllThreads (Deoptimize) done
Event: 106.349 Executing non-safepoint VM operation: HandshakeAllThreads (Deoptimize)
Event: 106.349 Executing non-safepoint VM operation: HandshakeAllThreads (Deoptimize) done
Event: 120.338 Executing non-safepoint VM operation: HandshakeAllThreads (HandshakeForDeflation)
Event: 120.339 Executing non-safepoint VM operation: HandshakeAllThreads (HandshakeForDeflation) done
Event: 120.339 Executing non-safepoint VM operation: RendezvousGCThreads
Event: 120.339 Executing non-safepoint VM operation: RendezvousGCThreads done
Event: 133.015 Executing safepoint VM operation: SerialCollectForAllocation (Allocation Failure)
Event: 133.030 Executing safepoint VM operation: SerialCollectForAllocation (Allocation Failure) done
Event: 180.464 Executing non-safepoint VM operation: HandshakeAllThreads (HandshakeForDeflation)
Event: 180.464 Executing non-safepoint VM operation: HandshakeAllThreads (HandshakeForDeflation) done
Event: 180.464 Executing non-safepoint VM operation: RendezvousGCThreads
Event: 180.464 Executing non-safepoint VM operation: RendezvousGCThreads done
Event: 183.847 Executing safepoint VM operation: SerialCollectForAllocation (Allocation Failure)
Event: 183.878 Executing safepoint VM operation: SerialCollectForAllocation (Allocation Failure) done
Event: 200.851 Executing safepoint VM operation: SerialCollectForAllocation (Allocation Failure)
Event: 200.872 Executing safepoint VM operation: SerialCollectForAllocation (Allocation Failure) done

Memory protections (0 events):
No events

Nmethod flushes (20 events):
Event: 102.426 Thread 0x000001f4b38ce240 flushing  nmethod 0x000001f4b7fcc508
Event: 102.426 Thread 0x000001f4b38ce240 flushing  nmethod 0x000001f4b7fd4e88
Event: 102.426 Thread 0x000001f4b38ce240 flushing  nmethod 0x000001f4b7fd5488
Event: 102.426 Thread 0x000001f4b38ce240 flushing  nmethod 0x000001f4b7fd5788
Event: 102.426 Thread 0x000001f4b38ce240 flushing  nmethod 0x000001f4b7fe4388
Event: 102.426 Thread 0x000001f4b38ce240 flushing  nmethod 0x000001f4b7fedc08
Event: 102.426 Thread 0x000001f4b38ce240 flushing  nmethod 0x000001f4b7ff0a08
Event: 102.426 Thread 0x000001f4b38ce240 flushing  nmethod 0x000001f4b7ff1388
Event: 102.426 Thread 0x000001f4b38ce240 flushing  nmethod 0x000001f4b8000e88
Event: 102.426 Thread 0x000001f4b38ce240 flushing  nmethod 0x000001f4b8005008
Event: 102.426 Thread 0x000001f4b38ce240 flushing  nmethod 0x000001f4b800bf88
Event: 102.426 Thread 0x000001f4b38ce240 flushing  nmethod 0x000001f4b8134c08
Event: 102.426 Thread 0x000001f4b38ce240 flushing  nmethod 0x000001f4b8134f08
Event: 102.426 Thread 0x000001f4b38ce240 flushing  nmethod 0x000001f4b8135208
Event: 102.426 Thread 0x000001f4b38ce240 flushing  nmethod 0x000001f4b8135f08
Event: 102.426 Thread 0x000001f4b38ce240 flushing  nmethod 0x000001f4b8136f88
Event: 102.426 Thread 0x000001f4b38ce240 flushing  nmethod 0x000001f4b8137588
Event: 102.426 Thread 0x000001f4b38ce240 flushing  nmethod 0x000001f4b82dae88
Event: 102.426 Thread 0x000001f4b38ce240 flushing  nmethod 0x000001f4b8509408
Event: 102.426 Thread 0x000001f4b38ce240 flushing  nmethod 0x000001f4b8520388

Events (20 events):
Event: 105.200 Thread 0x000001f4d6503de0 Thread exited: 0x000001f4d6503de0
Event: 105.207 Thread 0x000001f4c6fbbe60 Thread exited: 0x000001f4c6fbbe60
Event: 105.209 Thread 0x000001f4d6505550 Thread exited: 0x000001f4d6505550
Event: 105.211 Thread 0x000001f4d6504d80 Thread exited: 0x000001f4d6504d80
Event: 105.213 Thread 0x000001f4d65016d0 Thread exited: 0x000001f4d65016d0
Event: 105.252 Thread 0x000001f4c6fbf510 Thread exited: 0x000001f4c6fbf510
Event: 105.287 Loaded shared library C:\Users\Mannona\AppData\Local\Temp\jna--1794658450\jna17618255817650813205.dll
Event: 105.331 Thread 0x000001f4d7e144a0 Thread exited: 0x000001f4d7e144a0
Event: 118.012 Thread 0x000001f4d84b6790 Thread exited: 0x000001f4d84b6790
Event: 119.592 Thread 0x000001f4d7e13500 Thread exited: 0x000001f4d7e13500
Event: 130.755 Thread 0x000001f4d84b5f80 Thread exited: 0x000001f4d84b5f80
Event: 135.755 Thread 0x000001f4d6170060 Thread exited: 0x000001f4d6170060
Event: 179.980 Thread 0x000001f4bfb98030 Thread added: 0x000001f4d64ed070
Event: 180.290 Thread 0x000001f4b35e2f70 Thread added: 0x000001f4d84afec0
Event: 180.290 Thread 0x000001f4b35e2f70 Thread added: 0x000001f4d84af6b0
Event: 180.290 Thread 0x000001f4b35e2f70 Thread added: 0x000001f4d84b2710
Event: 182.128 Thread 0x000001f4d84b2710 Thread exited: 0x000001f4d84b2710
Event: 182.678 Thread 0x000001f4d84af6b0 Thread exited: 0x000001f4d84af6b0
Event: 189.985 Thread 0x000001f4d64ed070 Thread exited: 0x000001f4d64ed070
Event: 191.999 Thread 0x000001f4d84afec0 Thread exited: 0x000001f4d84afec0


Dynamic libraries:
0x00007ff7f7e60000 - 0x00007ff7f7e6a000 	C:\Program Files\Android\Android Studio\jbr\bin\java.exe
0x00007ff81d440000 - 0x00007ff81d6a7000 	C:\WINDOWS\SYSTEM32\ntdll.dll
0x00007ff81c740000 - 0x00007ff81c80b000 	C:\WINDOWS\System32\KERNEL32.DLL
0x00007ff81a920000 - 0x00007ff81ad22000 	C:\WINDOWS\System32\KERNELBASE.dll
0x00007ff816d80000 - 0x00007ff816e1f000 	C:\WINDOWS\SYSTEM32\apphelp.dll
0x00007ff81a700000 - 0x00007ff81a84c000 	C:\WINDOWS\System32\ucrtbase.dll
0x00007ff8100b0000 - 0x00007ff8100c6000 	C:\Program Files\Android\Android Studio\jbr\bin\jli.dll
0x00007ff813530000 - 0x00007ff81354b000 	C:\Program Files\Android\Android Studio\jbr\bin\VCRUNTIME140.dll
0x00007ff81b460000 - 0x00007ff81b62f000 	C:\WINDOWS\System32\USER32.dll
0x00007ff81ad30000 - 0x00007ff81ad57000 	C:\WINDOWS\System32\win32u.dll
0x00007ff81b820000 - 0x00007ff81b84b000 	C:\WINDOWS\System32\GDI32.dll
0x00007ff804600000 - 0x00007ff804890000 	C:\WINDOWS\WinSxS\amd64_microsoft.windows.common-controls_6595b64144ccf1df_6.0.26100.9278_none_3e0d1ba8e3303201\COMCTL32.dll
0x00007ff81ad60000 - 0x00007ff81ae89000 	C:\WINDOWS\System32\gdi32full.dll
0x00007ff81d350000 - 0x00007ff81d3f9000 	C:\WINDOWS\System32\msvcrt.dll
0x00007ff81ae90000 - 0x00007ff81af33000 	C:\WINDOWS\System32\msvcp_win.dll
0x00007ff81cfe0000 - 0x00007ff81d011000 	C:\WINDOWS\System32\IMM32.DLL
0x0000000069320000 - 0x000000006932d000 	C:\Program Files (x86)\360\Total Security\safemon\SafeWrapper.dll
0x00007ff81d280000 - 0x00007ff81d33c000 	C:\WINDOWS\System32\ADVAPI32.dll
0x00007ff81b3b0000 - 0x00007ff81b459000 	C:\WINDOWS\System32\sechost.dll
0x00007ff81b190000 - 0x00007ff81b2a8000 	C:\WINDOWS\System32\RPCRT4.dll
0x00007ff817d50000 - 0x00007ff817e55000 	C:\Program Files (x86)\360\Total Security\safemon\libzdtp64.dll
0x00007ff81b9d0000 - 0x00007ff81c168000 	C:\WINDOWS\System32\SHELL32.dll
0x00007ff81b2b0000 - 0x00007ff81b316000 	C:\WINDOWS\System32\SHLWAPI.dll
0x00007ff81a080000 - 0x00007ff81a08b000 	C:\WINDOWS\SYSTEM32\VERSION.dll
0x00007ff8132b0000 - 0x00007ff8132bc000 	C:\Program Files\Android\Android Studio\jbr\bin\vcruntime140_1.dll
0x00007fffea270000 - 0x00007fffea2fd000 	C:\Program Files\Android\Android Studio\jbr\bin\msvcp140.dll
0x00007fffad380000 - 0x00007fffae25d000 	C:\Program Files\Android\Android Studio\jbr\bin\server\jvm.dll
0x00007ff81b320000 - 0x00007ff81b3a0000 	C:\WINDOWS\System32\WS2_32.dll
0x00007ff81a4a0000 - 0x00007ff81a4fe000 	C:\WINDOWS\SYSTEM32\POWRPROF.dll
0x00007ff8088f0000 - 0x00007ff808926000 	C:\WINDOWS\SYSTEM32\WINMM.dll
0x00007ff81a480000 - 0x00007ff81a495000 	C:\WINDOWS\SYSTEM32\UMPDC.dll
0x00007ff819250000 - 0x00007ff81926b000 	C:\WINDOWS\SYSTEM32\kernel.appcore.dll
0x00007ff811710000 - 0x00007ff81171a000 	C:\Program Files\Android\Android Studio\jbr\bin\jimage.dll
0x00007ff817000000 - 0x00007ff81724c000 	C:\WINDOWS\SYSTEM32\DBGHELP.DLL
0x00007ff81cc50000 - 0x00007ff81cfd5000 	C:\WINDOWS\System32\combase.dll
0x00007ff81b8e0000 - 0x00007ff81b9b9000 	C:\WINDOWS\System32\OLEAUT32.dll
0x00007ff801d20000 - 0x00007ff801d5b000 	C:\WINDOWS\SYSTEM32\dbgcore.DLL
0x00007ff81a640000 - 0x00007ff81a6ec000 	C:\WINDOWS\System32\bcryptPrimitives.dll
0x00007ffffc6d0000 - 0x00007ffffc6de000 	C:\Program Files\Android\Android Studio\jbr\bin\instrument.dll
0x00007ff8116f0000 - 0x00007ff81170e000 	C:\Program Files\Android\Android Studio\jbr\bin\java.dll
0x00007ff81cab0000 - 0x00007ff81cc4a000 	C:\WINDOWS\System32\ole32.dll
0x00007ff810270000 - 0x00007ff810286000 	C:\Program Files\Android\Android Studio\jbr\bin\zip.dll
0x00007ff818000000 - 0x00007ff8188ae000 	C:\WINDOWS\SYSTEM32\windows.storage.dll
0x00007ff81d180000 - 0x00007ff81d27b000 	C:\WINDOWS\System32\SHCORE.dll
0x00007ff81a560000 - 0x00007ff81a589000 	C:\WINDOWS\SYSTEM32\profapi.dll
0x00007ff8116e0000 - 0x00007ff8116f0000 	C:\Program Files\Android\Android Studio\jbr\bin\net.dll
0x00007ff8197f0000 - 0x00007ff81985c000 	C:\WINDOWS\system32\mswsock.dll
0x00007ff810090000 - 0x00007ff8100a6000 	C:\Program Files\Android\Android Studio\jbr\bin\nio.dll
0x00007ffffc3b0000 - 0x00007ffffc3c0000 	C:\Program Files\Android\Android Studio\jbr\bin\verify.dll
0x00007ffff0590000 - 0x00007ffff05b7000 	C:\Users\Mannona\.gradle\native\660c5614fbf4a5f2a75b1949f50a0caf5cd603558e7d8a26e50b933a0cfb79d1\windows-amd64\native-platform.dll
0x00007fffd38a0000 - 0x00007fffd3917000 	C:\Users\Mannona\.gradle\native\0.2.8\x86_64-windows-gnu\gradle-fileevents.dll
0x00007ff80be00000 - 0x00007ff80be09000 	C:\Program Files\Android\Android Studio\jbr\bin\management.dll
0x00007ffffc8d0000 - 0x00007ffffc8db000 	C:\Program Files\Android\Android Studio\jbr\bin\management_ext.dll
0x00007ff81c670000 - 0x00007ff81c678000 	C:\WINDOWS\System32\PSAPI.DLL
0x00007ff818c00000 - 0x00007ff818c33000 	C:\WINDOWS\SYSTEM32\IPHLPAPI.DLL
0x00007ff81b160000 - 0x00007ff81b16a000 	C:\WINDOWS\System32\NSI.dll
0x00007ff80ff80000 - 0x00007ff80ff89000 	C:\Program Files\Android\Android Studio\jbr\bin\extnet.dll
0x00007ff819b90000 - 0x00007ff819bab000 	C:\WINDOWS\SYSTEM32\CRYPTSP.dll
0x00007ff8191b0000 - 0x00007ff8191e9000 	C:\WINDOWS\system32\rsaenh.dll
0x00007ff8198a0000 - 0x00007ff8198d4000 	C:\WINDOWS\SYSTEM32\USERENV.dll
0x00007ff81a530000 - 0x00007ff81a55a000 	C:\WINDOWS\SYSTEM32\bcrypt.dll
0x00007ff819a50000 - 0x00007ff819a5c000 	C:\WINDOWS\SYSTEM32\CRYPTBASE.dll
0x00007fff7f750000 - 0x00007fff7f758000 	C:\WINDOWS\system32\wshunix.dll
0x00007ff819380000 - 0x00007ff8193b6000 	C:\WINDOWS\SYSTEM32\ntmarta.dll
0x00007ff818c90000 - 0x00007ff818de8000 	C:\WINDOWS\SYSTEM32\DNSAPI.dll
0x00007ff819610000 - 0x00007ff81961d000 	C:\WINDOWS\SYSTEM32\DSPARSE.dll
0x00007ff810340000 - 0x00007ff81034b000 	C:\Windows\System32\rasadhlp.dll
0x00007ff811370000 - 0x00007ff8113f6000 	C:\WINDOWS\System32\fwpuclnt.dll
0x00007fffdcee0000 - 0x00007fffdcf21000 	C:\Users\Mannona\AppData\Local\Temp\jna--1794658450\jna17618255817650813205.dll

JVMTI agents:
C:\Users\Mannona\.gradle\wrapper\dists\gradle-9.3.1-all\9ot9r568e8zfvvd4mn8rbu1j0\gradle-9.3.1\lib\agents\gradle-instrumentation-agent-9.3.1.jar path:C:\Program Files\Android\Android Studio\jbr\bin\instrument.dll, loaded, initialized, instrumentlib options:none

dbghelp: loaded successfully - version: 4.0.5 - missing functions: none
symbol engine: initialized successfully - sym options: 0x614 - pdb path: .;C:\Program Files\Android\Android Studio\jbr\bin;C:\WINDOWS\SYSTEM32;C:\WINDOWS\WinSxS\amd64_microsoft.windows.common-controls_6595b64144ccf1df_6.0.26100.9278_none_3e0d1ba8e3303201;C:\Program Files (x86)\360\Total Security\safemon;C:\Program Files\Android\Android Studio\jbr\bin\server;C:\Users\Mannona\.gradle\native\660c5614fbf4a5f2a75b1949f50a0caf5cd603558e7d8a26e50b933a0cfb79d1\windows-amd64;C:\Users\Mannona\.gradle\native\0.2.8\x86_64-windows-gnu;C:\Users\Mannona\AppData\Local\Temp\jna--1794658450

VM Arguments:
jvm_args: --add-opens=java.base/java.lang=ALL-UNNAMED --add-opens=java.base/java.lang.invoke=ALL-UNNAMED --add-opens=java.base/java.util=ALL-UNNAMED --add-opens=java.prefs/java.util.prefs=ALL-UNNAMED --add-exports=jdk.compiler/com.sun.tools.javac.api=ALL-UNNAMED --add-exports=jdk.compiler/com.sun.tools.javac.util=ALL-UNNAMED --add-opens=java.base/java.util=ALL-UNNAMED --add-opens=java.prefs/java.util.prefs=ALL-UNNAMED --add-opens=java.base/java.nio.charset=ALL-UNNAMED --add-opens=java.base/java.net=ALL-UNNAMED --add-opens=java.base/java.util.concurrent=ALL-UNNAMED --add-opens=java.base/java.util.concurrent.atomic=ALL-UNNAMED --add-opens=java.xml/javax.xml.namespace=ALL-UNNAMED --add-opens=java.base/java.time=ALL-UNNAMED --enable-native-access=ALL-UNNAMED -XX:MaxMetaspaceSize=384m -XX:+UseSerialGC -XX:TieredStopAtLevel=1 -Xmx1G -Dfile.encoding=UTF-8 -Duser.country=US -Duser.language=en -Duser.variant -javaagent:C:\Users\Mannona\.gradle\wrapper\dists\gradle-9.3.1-all\9ot9r568e8zfvvd4mn8rbu1j0\gradle-9.3.1\lib\agents\gradle-instrumentation-agent-9.3.1.jar 
java_command: org.gradle.launcher.daemon.bootstrap.GradleDaemon 9.3.1
java_class_path (initial): C:\Users\Mannona\.gradle\wrapper\dists\gradle-9.3.1-all\9ot9r568e8zfvvd4mn8rbu1j0\gradle-9.3.1\lib\gradle-daemon-main-9.3.1.jar
Launcher Type: SUN_STANDARD

[Global flags]
     intx CICompilerCount                          = 4                                         {product} {ergonomic}
   size_t CompressedClassSpaceSize                 = 335544320                                 {product} {ergonomic}
   size_t InitialHeapSize                          = 266338304                                 {product} {ergonomic}
   size_t MaxHeapSize                              = 1073741824                                {product} {command line}
   size_t MaxMetaspaceSize                         = 402653184                                 {product} {command line}
   size_t MaxNewSize                               = 357892096                                 {product} {ergonomic}
   size_t MinHeapDeltaBytes                        = 196608                                    {product} {ergonomic}
   size_t MinHeapSize                              = 8388608                                   {product} {ergonomic}
   size_t NewSize                                  = 88735744                                  {product} {ergonomic}
    uintx NonNMethodCodeHeapSize                   = 4096                                   {pd product} {ergonomic}
    uintx NonProfiledCodeHeapSize                  = 0                                      {pd product} {ergonomic}
     bool ProfileInterpreter                       = false                                  {pd product} {command line}
    uintx ProfiledCodeHeapSize                     = 0                                      {pd product} {ergonomic}
   size_t SoftMaxHeapSize                          = 1073741824                             {manageable} {ergonomic}
     intx TieredStopAtLevel                        = 1                                         {product} {command line}
     bool UseCompressedOops                        = true                           {product lp64_product} {ergonomic}
     bool UseLargePagesIndividualAllocation        = false                                  {pd product} {ergonomic}
     bool UseSerialGC                              = true                                      {product} {command line}

Logging:
Log output configuration:
 #0: stdout all=warning uptime,level,tags foldmultilines=false
 #1: stderr all=off uptime,level,tags foldmultilines=false

Release file:
JAVA_VERSION="25.0.3" 
MODULES="java.base java.compiler java.datatransfer java.xml java.prefs java.desktop java.instrument java.logging java.management java.security.sasl java.naming java.rmi java.management.rmi java.net.http java.scripting java.security.jgss java.transaction.xa java.sql java.sql.rowset java.xml.crypto java.se java.smartcardio jdk.accessibility jdk.internal.jvmstat jdk.attach jdk.charsets jdk.internal.opt jdk.zipfs jdk.compiler jdk.crypto.cryptoki jdk.crypto.ec jdk.dynalink jdk.hotspot.agent jdk.httpserver jdk.internal.ed jdk.internal.le jdk.internal.md jdk.internal.vm.ci jdk.jartool jdk.javadoc jdk.jcmd jdk.jdeps jdk.jdwp.agent jdk.jdi jdk.jfr jdk.jlink jdk.localedata jdk.management jdk.management.agent jdk.management.jfr jdk.naming.dns jdk.naming.rmi jdk.net jdk.sctp jdk.security.auth jdk.security.jgss jdk.unsupported jdk.unsupported.desktop jdk.xml.dom" 
IMPLEMENTOR="JetBrains s.r.o." 
JAVA_RUNTIME_VERSION="25.0.3+-15898627-b508.16" 
LIBC="default" 
OS_ARCH="x86_64" 
OS_NAME="Windows" 
SOURCE=".:git:a8b1dba3234f" 

Environment Variables:
JAVA_HOME=C:\Program Files\Android\Android Studio\jbr
CLASSPATH=C:\Users\Mannona\Desktop\flutterprojects\android\\gradle\wrapper\gradle-wrapper.jar
PATH=C:\Program Files\Android\Android Studio\jbr\bin;C:\Program Files\Eclipse Adoptium\jre-8.0.462.8-hotspot\bin;C:\WINDOWS\system32;C:\WINDOWS;C:\WINDOWS\System32\Wbem;C:\WINDOWS\System32\WindowsPowerShell\v1.0\;C:\WINDOWS\System32\OpenSSH\;C:\Program Files (x86)\NVIDIA Corporation\PhysX\Common;C:\Program Files\NVIDIA Corporation\NVIDIA NvDLISR;C:\Program Files\Microsoft VS Code\bin;C:\Program Files\dotnet\;C:\Program Files\Docker\Docker\resources\bin;C:\Program Files\nodejs\;C:\Program Files\Git\cmd;c:\Users\Mannona\AppData\Roaming\Code\User\globalStorage\github.copilot-chat\debugCommand;c:\Users\Mannona\AppData\Roaming\Code\User\globalStorage\github.copilot-chat\copilotCli;C:\Users\Mannona\AppData\Local\Programs\Python\Python311\Scripts\;C:\Users\Mannona\AppData\Local\Programs\Python\Python311\;C:\Users\Mannona\AppData\Local\Microsoft\WindowsApps;C:\Users\Mannona\AppData\Roaming\npm;C:\Users\Mannona\AppData\Local\Kingsoft\WPS Office\12.1.0.27458\clitool;D:\IntelliJ IDEA 2026.2.2\bin;C:\src\flutter\bin;C:\src\flutter\bin\mingit\cmd
USERNAME=Mannona
OS=Windows_NT
PROCESSOR_IDENTIFIER=Intel64 Family 6 Model 158 Stepping 10, GenuineIntel
TMP=C:\Users\Mannona\AppData\Local\Temp
TEMP=C:\Users\Mannona\AppData\Local\Temp




Compilation memory statistics disabled.

Periodic native trim disabled

JNI global refs:
JNI global refs: 27, weak refs: 45

JNI global refs memory usage: 835, weak refs: 833

Process memory usage:
Resident Set Size: 778880K (4% of 16564264K total physical memory with 2922444K free physical memory)

OOME stack traces (most recent first):
Classloader memory used:
Loader org.gradle.internal.classloader.VisitableURLClassLoader                         : 108 M
Loader org.gradle.internal.classloader.VisitableURLClassLoader$InstrumentingVisitableURLClassLoader: 33567 K
Loader bootstrap                                                                       : 30064 K
Loader org.gradle.initialization.MixInLegacyTypesClassLoader                           : 11773 K
Loader jdk.internal.jrtfs.JrtFileSystemProvider$JrtFsLoader                            : 271 K
Loader jdk.internal.loader.ClassLoaders$AppClassLoader                                 : 217 K
Loader jdk.internal.loader.ClassLoaders$PlatformClassLoader                            : 190 K
Loader org.gradle.internal.classloader.VisitableURLClassLoader                         : 183 K

Classes loaded by more than one classloader:
Class Program                                                                         : loaded 11 times (x 74B)
Class Build_gradle                                                                    : loaded 4 times (x 128B)
Class org.jetbrains.kotlin.util.capitalizeDecapitalize.CapitalizeDecapitalizeKt       : loaded 3 times (x 73B)
Class Build_gradle$2                                                                  : loaded 3 times (x 76B)
Class Settings_gradle                                                                 : loaded 3 times (x 126B)
Class org.jetbrains.kotlin.gradle.targets.native.KonanPropertiesBuildService$Companion$registerIfAbsent$1: loaded 2 times (x 77B)
Class org.jetbrains.kotlin.gradle.internal.ClassLoadersCachingBuildService$Companion$registerIfAbsent$2$1$1: loaded 2 times (x 77B)
Class org.jetbrains.kotlin.gradle.fus.internal.SynchronizedConfigurationMetrics$Companion: loaded 2 times (x 73B)
Class org.jetbrains.kotlin.gradle.plugin.internal.CustomPropertiesFileValueSource$Inject_: loaded 2 times (x 115B)
Class com.google.common.base.PairwiseEquivalence                                      : loaded 2 times (x 85B)
Class com.google.common.base.Equivalence$Identity                                     : loaded 2 times (x 84B)
Class com.google.common.collect.RegularImmutableMap$KeySet                            : loaded 2 times (x 154B)
Class org.gradle.internal.classloader.FilteringClassLoader                            : loaded 2 times (x 106B)
Class jdk.internal.jimage.BasicImageReader                                            : loaded 2 times (x 97B)
Class kotlinx.coroutines.internal.ThreadContextKt                                     : loaded 2 times (x 73B)
Class kotlinx.coroutines.BuildersKt                                                   : loaded 2 times (x 73B)
Class com.google.common.collect.SortedSetMultimap                                     : loaded 2 times (x 72B)
Class org.jetbrains.kotlin.gradle.internal.KotlinDomApiDependencyManagementKt         : loaded 2 times (x 73B)
Class org.jetbrains.kotlin.gradle.plugin.KotlinPluginLifecycleImpl$launch$coroutine$1 : loaded 2 times (x 78B)
Class org.jetbrains.kotlin.gradle.targets.js.npm.NpmDependencyExtensionKt$defaultNpmDependencyDelegate$1: loaded 2 times (x 162B)
Class org.jetbrains.kotlin.gradle.plugin.diagnostics.checkers.MissingNativeStdlibChecker: loaded 2 times (x 76B)
Class org.jetbrains.kotlin.gradle.targets.ConfigureNonPackedKlibConsumingSideEffectKt : loaded 2 times (x 73B)
Class org.jetbrains.kotlin.gradle.plugin.KotlinPlatformType$DisambiguationRule        : loaded 2 times (x 78B)
Class org.jetbrains.kotlin.gradle.plugin.KotlinPlatformType$Companion                 : loaded 2 times (x 73B)
Class org.jetbrains.kotlin.gradle.plugin.internal.ConfigurationCacheStartParameterAccessorKt: loaded 2 times (x 73B)
Class com.google.common.base.CharMatcher$IsEither                                     : loaded 2 times (x 113B)
Class org.gradle.internal.classloader.ClassLoaderHierarchy                            : loaded 2 times (x 72B)
Class com.google.common.collect.AbstractMapBasedMultimap$WrappedCollection            : loaded 2 times (x 126B)
Class org.jetbrains.kotlin.gradle.utils.MutableObservableSet                          : loaded 2 times (x 72B)
Class org.jetbrains.kotlin.gradle.dsl.KotlinHierarchyDsl                              : loaded 2 times (x 72B)
Class org.jetbrains.kotlin.gradle.utils.ConfigurationCacheOpaqueValueSource           : loaded 2 times (x 81B)
Class org.jetbrains.kotlin.gradle.targets.native.KonanPropertiesBuildService$Companion$registerIfAbsent$2$1: loaded 2 times (x 81B)
Class org.jetbrains.kotlin.gradle.report.BuildReportType                              : loaded 2 times (x 81B)
Class org.jetbrains.kotlin.statistics.metrics.StringAnonymizationPolicy$AllowedListAnonymizer: loaded 2 times (x 81B)
Class org.jetbrains.kotlin.gradle.plugin.internal.CustomPropertiesFileValueSource$Parameters$Inject_: loaded 2 times (x 108B)
Class com.google.common.collect.ImmutableEnumSet                                      : loaded 2 times (x 148B)
Class com.google.common.util.concurrent.ExecutionError                                : loaded 2 times (x 84B)
Class com.google.common.collect.ImmutableList$1                                       : loaded 2 times (x 99B)
Class org.gradle.api.internal.classpath.ManifestUtil                                  : loaded 2 times (x 73B)
Class org.apache.commons.compress.archivers.zip.ResourceAlignmentExtraField           : loaded 2 times (x 91B)
Class org.jetbrains.kotlin.konan.target.KonanTarget$ANDROID_ARM64                     : loaded 2 times (x 80B)
Class org.jetbrains.kotlin.gradle.artifacts.KotlinNativeHostSpecificMetadataArtifactKt$KotlinNativeHostSpecificMetadataArtifact$1: loaded 2 times (x 76B)
Class org.jetbrains.kotlin.gradle.plugin.mpp.compilationImpl.KotlinCompilationSideEffect$Companion: loaded 2 times (x 73B)
Class org.jetbrains.kotlin.gradle.plugin.mpp.KotlinUsages$KotlinMetadataDisambiguation: loaded 2 times (x 78B)
Class org.jetbrains.kotlin.gradle.plugin.statistics.FlowActionBuildFusService$Companion$registerIfAbsentImpl$1: loaded 2 times (x 77B)
Class org.jetbrains.kotlin.gradle.internal.properties.PropertiesBuildService$IntGradleProperty: loaded 2 times (x 78B)
Class com.google.common.collect.RegularImmutableMap                                   : loaded 2 times (x 122B)
Class com.google.common.collect.ImmutableMap$MapViewOfValuesAsSingletonSets           : loaded 2 times (x 128B)
Class jdk.internal.jimage.decompressor.StringSharingDecompressorFactory               : loaded 2 times (x 76B)
Class org.apache.commons.compress.archivers.zip.RandomAccessOutputStream              : loaded 2 times (x 90B)
Class kotlinx.coroutines.CoroutineScope                                               : loaded 2 times (x 72B)
Class kotlinx.coroutines.ChildHandle                                                  : loaded 2 times (x 72B)
Class org.jetbrains.kotlin.gradle.plugin.KotlinProjectSetupActionKt$KotlinProjectSetupCoroutine$1$1: loaded 2 times (x 97B)
Class org.jetbrains.kotlin.konan.target.KonanTarget$WATCHOS_ARM32                     : loaded 2 times (x 80B)
Class org.jetbrains.kotlin.gradle.targets.js.dsl.KotlinJsTargetDsl                    : loaded 2 times (x 72B)
Class org.jetbrains.kotlin.gradle.plugin.KotlinPluginLifecycleImplKt                  : loaded 2 times (x 73B)
Class org.jetbrains.kotlin.gradle.plugin.diagnostics.checkers.DeprecatedKotlinNativeTargetsChecker$runChecks$1: loaded 2 times (x 89B)
Class org.jetbrains.kotlin.gradle.plugin.KotlinPluginLifecycleImpl$WhenMappings       : loaded 2 times (x 73B)
Class org.jetbrains.kotlin.gradle.dsl.KotlinCommonCompilerToolOptionsHelper           : loaded 2 times (x 73B)
Class org.jetbrains.kotlin.gradle.plugin.KotlinTargetComponent                        : loaded 2 times (x 72B)
Class org.jetbrains.kotlin.gradle.plugin.KotlinGradlePluginExtensionPointInternal     : loaded 2 times (x 78B)
Class org.jetbrains.kotlin.statistics.metrics.StringOverridePolicy$OVERRIDE_VERSION_IF_NOT_SET: loaded 2 times (x 87B)
Class org.jetbrains.kotlin.gradle.plugin.statistics.KotlinBuildStatsBeanService$Companion$initStatsService$1: loaded 2 times (x 81B)
Class org.jetbrains.kotlin.gradle.plugin.VariantImplementationFactories$Companion$getProvider$1: loaded 2 times (x 77B)
Class org.jetbrains.kotlin.gradle.internal.properties.PropertiesBuildService$BooleanGradleProperty: loaded 2 times (x 78B)
Class org.jetbrains.kotlin.gradle.dsl.KotlinProjectExtension                          : loaded 2 times (x 130B)
Class [Lorg.objectweb.asm.Symbol;                                                     : loaded 2 times (x 71B)
Class org.objectweb.asm.ClassVisitor                                                  : loaded 2 times (x 90B)
Class com.google.common.collect.UnmodifiableListIterator                              : loaded 2 times (x 97B)
Class kotlinx.coroutines.scheduling.CoroutineScheduler                                : loaded 2 times (x 83B)
Class kotlinx.coroutines.scheduling.SchedulerTimeSource                               : loaded 2 times (x 74B)
Class kotlinx.coroutines.EventLoopImplPlatform                                        : loaded 2 times (x 109B)
Class com.google.common.base.Platform$JdkPatternCompiler                              : loaded 2 times (x 77B)
Class org.jetbrains.kotlin.gradle.tasks.DefaultKotlinJavaToolchain$Companion          : loaded 2 times (x 73B)
Class org.jetbrains.kotlin.gradle.tasks.DefaultKotlinJavaToolchain                    : loaded 2 times (x 79B)
Class org.jetbrains.kotlin.gradle.targets.native.toolchain.KotlinNativeBundleBuildService$Parameters: loaded 2 times (x 72B)
Class org.jetbrains.kotlin.gradle.targets.native.toolchain.KotlinNativeBundleBuildService: loaded 2 times (x 78B)
Class org.jetbrains.kotlin.gradle.plugin.KotlinGradleBuildServices                    : loaded 2 times (x 82B)
Class [Lorg.jetbrains.kotlin.statistics.ValueAnonymizer;                              : loaded 2 times (x 71B)
Class org.jetbrains.kotlin.gradle.internal.properties.PropertiesBuildService$MemoizedCallable$value$2: loaded 2 times (x 81B)
Class org.objectweb.asm.MethodTooLargeException                                       : loaded 2 times (x 84B)
Class [Lcom.google.common.cache.CacheBuilder$OneWeigher;                              : loaded 2 times (x 71B)
Class com.google.common.base.Suppliers                                                : loaded 2 times (x 73B)
Class org.gradle.internal.classloader.DefaultClassLoaderFactory                       : loaded 2 times (x 84B)
Class org.apache.commons.compress.archivers.zip.X0015_CertificateIdForFile            : loaded 2 times (x 94B)
Class org.apache.commons.io.file.PathUtils                                            : loaded 2 times (x 73B)
Class org.apache.commons.compress.archivers.zip.ZipArchiveOutputStream                : loaded 2 times (x 125B)
Class com.google.common.hash.AbstractHasher                                           : loaded 2 times (x 144B)
Class kotlinx.coroutines.CopyableThreadContextElement                                 : loaded 2 times (x 72B)
Class com.google.common.collect.ReverseNaturalOrdering                                : loaded 2 times (x 116B)
Class org.jetbrains.kotlin.gradle.plugin.KotlinTargetWithTests                        : loaded 2 times (x 72B)
Class [Lorg.jetbrains.kotlin.gradle.dsl.KotlinVersion;                                : loaded 2 times (x 71B)
Class org.jetbrains.kotlin.gradle.plugin.diagnostics.checkers.JsEnvironmentChecker    : loaded 2 times (x 78B)
Class org.jetbrains.kotlin.gradle.targets.js.npm.NpmDependencyExtensionKt             : loaded 2 times (x 73B)
Class org.jetbrains.kotlin.gradle.dsl.abi.ExperimentalAbiValidation                   : loaded 2 times (x 72B)
Class org.jetbrains.kotlin.gradle.plugin.diagnostics.ToolingDiagnosticRenderingOptions: loaded 2 times (x 74B)
Class org.jetbrains.kotlin.gradle.plugin.diagnostics.UsesKotlinToolingDiagnosticsParameters: loaded 2 times (x 72B)
Class org.jetbrains.kotlin.gradle.plugin.PropertiesProvider$classLoaderCacheTimeoutInSeconds$1: loaded 2 times (x 77B)
Class org.jetbrains.kotlin.gradle.report.BuildMetricsService                          : loaded 2 times (x 88B)
Class org.jetbrains.kotlin.statistics.metrics.NumberAnonymizationPolicy               : loaded 2 times (x 87B)
Class org.jetbrains.kotlin.statistics.metrics.StringAnonymizationPolicy               : loaded 2 times (x 80B)
Class org.gradle.internal.classloader.ClassLoaderVisitor                              : loaded 2 times (x 78B)
Class org.apache.commons.compress.archivers.zip.ZipUtil                               : loaded 2 times (x 73B)
Class com.google.common.collect.Ordering                                              : loaded 2 times (x 116B)
Class org.jetbrains.kotlin.gradle.plugin.KotlinPluginLifecycleKt$await$1              : loaded 2 times (x 89B)
Class [Lorg.jetbrains.kotlin.gradle.plugin.KotlinCompilation;                         : loaded 2 times (x 71B)
Class org.jetbrains.kotlin.gradle.plugin.mpp.KotlinTargetComponentWithPublication     : loaded 2 times (x 72B)
Class org.jetbrains.kotlin.gradle.plugin.mpp.compilationImpl.KotlinCreateNativeCompileTasksSideEffectKt: loaded 2 times (x 73B)
Class org.jetbrains.kotlin.gradle.plugin.KotlinProjectSetupActionKt                   : loaded 2 times (x 73B)
Class org.jetbrains.kotlin.gradle.dsl.KotlinTargetContainerWithJsPresetFunctions      : loaded 2 times (x 72B)
Class org.jetbrains.kotlin.gradle.report.ReportingSettings$Companion                  : loaded 2 times (x 73B)
Class org.jetbrains.kotlin.gradle.report.ConfigureReporingKt                          : loaded 2 times (x 73B)
Class org.jetbrains.kotlin.tooling.core.TypeUtils                                     : loaded 2 times (x 73B)
Class [Lcom.google.common.collect.ImmutableMapEntry;                                  : loaded 2 times (x 71B)
Class org.gradle.api.internal.classpath.EffectiveClassPath                            : loaded 2 times (x 92B)
Class [Lorg.apache.commons.io.StandardLineSeparator;                                  : loaded 2 times (x 71B)
Class org.apache.commons.io.output.StringBuilderWriter                                : loaded 2 times (x 102B)
Class kotlinx.coroutines.DebugKt                                                      : loaded 2 times (x 73B)
Class com.google.common.collect.ImmutableRangeSet                                     : loaded 2 times (x 117B)
Class org.jetbrains.kotlin.gradle.tasks.TasksProviderKt                               : loaded 2 times (x 73B)
Class org.jetbrains.kotlin.konan.target.KonanTarget$ANDROID_ARM32                     : loaded 2 times (x 80B)
Class org.jetbrains.kotlin.gradle.plugin.sources.DefaultKotlinSourceSetFactory        : loaded 2 times (x 82B)
Class org.jetbrains.kotlin.gradle.plugin.diagnostics.ToolingDiagnostic                : loaded 2 times (x 74B)
Class com.google.common.collect.ListMultimap                                          : loaded 2 times (x 72B)
Class com.google.common.collect.ImmutableEnumMap                                      : loaded 2 times (x 128B)
Class org.apache.commons.compress.archivers.zip.X000A_NTFS                            : loaded 2 times (x 108B)
Class kotlinx.coroutines.EventLoop_commonKt                                           : loaded 2 times (x 73B)
Class com.google.common.collect.ComparatorOrdering                                    : loaded 2 times (x 117B)
Class com.google.common.collect.Iterators$EmptyModifiableIterator                     : loaded 2 times (x 88B)
Class org.jetbrains.kotlin.gradle.plugin.diagnostics.checkers.AndroidPluginWithoutAndroidTargetChecker$runChecks$1: loaded 2 times (x 89B)
Class org.jetbrains.kotlin.gradle.plugin.diagnostics.KotlinGradleProjectCheckersRunnerKt$launchKotlinGradleProjectCheckers$1$1: loaded 2 times (x 97B)
Class org.jetbrains.kotlin.gradle.targets.CreateDefaultTestRunSideEffectKt            : loaded 2 times (x 73B)
Class org.jetbrains.kotlin.gradle.utils.ProviderApiUtilsKt$mapOrNull$1                : loaded 2 times (x 77B)
Class org.jetbrains.kotlin.konan.target.KonanTarget                                   : loaded 2 times (x 80B)
Class org.jetbrains.kotlin.gradle.targets.native.toolchain.KotlinNativeBundleBuildService$Companion$registerIfAbsent$1: loaded 2 times (x 77B)
Class org.jetbrains.kotlin.statistics.metrics.BooleanAnonymizationPolicy              : loaded 2 times (x 87B)
Class org.jetbrains.kotlin.statistics.metrics.BooleanOverridePolicy$OVERRIDE          : loaded 2 times (x 87B)
Class org.jetbrains.kotlin.gradle.plugin.PropertiesProvider$kotlinExperimentalTryNext$1: loaded 2 times (x 77B)
Class org.jetbrains.kotlin.gradle.fus.BuildUidService$Companion                       : loaded 2 times (x 73B)
Class org.jetbrains.kotlin.gradle.plugin.VariantImplementationFactoriesConfigurator$Companion$getProvider$1: loaded 2 times (x 76B)
Class com.google.common.collect.Sets$1                                                : loaded 2 times (x 141B)
Class org.objectweb.asm.AnnotationVisitor                                             : loaded 2 times (x 80B)
Class org.jetbrains.kotlin.buildtools.api.jvm.ClassSnapshotGranularity                : loaded 2 times (x 81B)
Class org.gradle.api.internal.DefaultClassPathProvider                                : loaded 2 times (x 78B)
Class com.google.common.hash.HashCode$BytesHashCode                                   : loaded 2 times (x 83B)
Class com.google.common.collect.NaturalOrdering                                       : loaded 2 times (x 117B)
Class org.jetbrains.kotlin.gradle.plugin.KotlinPluginLifecycleCoroutineContextElement : loaded 2 times (x 86B)
Class org.jetbrains.kotlin.gradle.dsl.PlatformSourceSetConventionsChecker             : loaded 2 times (x 76B)
Class org.jetbrains.kotlin.gradle.plugin.diagnostics.checkers.KotlinSourceSetTreeDependsOnMismatchChecker: loaded 2 times (x 76B)
Class org.jetbrains.kotlin.gradle.targets.CreateDefaultCompilationsSideEffectKt       : loaded 2 times (x 73B)
Class org.jetbrains.kotlin.gradle.plugin.mpp.SyncLanguageSettingsWithKotlinExtensionSetupActionKt: loaded 2 times (x 73B)
Class org.jetbrains.kotlin.statistics.metrics.NumericalMetrics                        : loaded 2 times (x 81B)
Class org.jetbrains.kotlin.gradle.plugin.VariantImplementationFactories$Companion$getProvider$2$1: loaded 2 times (x 81B)
Class com.google.common.collect.Sets$2                                                : loaded 2 times (x 141B)
Class [Lorg.gradle.api.internal.ClassPathProvider;                                    : loaded 2 times (x 71B)
Class org.gradle.api.internal.ClassPathProvider                                       : loaded 2 times (x 72B)
Class kotlinx.coroutines.JobNode                                                      : loaded 2 times (x 88B)
Class kotlinx.coroutines.Delay                                                        : loaded 2 times (x 72B)
Class kotlinx.coroutines.ParentJob                                                    : loaded 2 times (x 72B)
Class org.jetbrains.kotlin.konan.target.HostManager$targetValues$2                    : loaded 2 times (x 80B)
Class org.jetbrains.kotlin.gradle.plugin.diagnostics.checkers.UnusedSourceSetsChecker$runChecks$1: loaded 2 times (x 89B)
Class org.jetbrains.kotlin.gradle.targets.js.npm.PeerNpmDependencyExtension           : loaded 2 times (x 72B)
Class org.jetbrains.kotlin.gradle.dsl.AndroidMainSourceSetConventionsChecker          : loaded 2 times (x 76B)
Class org.jetbrains.kotlin.gradle.plugin.diagnostics.checkers.WasmJsEnvironmentChecker$1: loaded 2 times (x 80B)
Class org.jetbrains.kotlin.gradle.targets.js.npm.NpmDependencyExtensionKt$AddNpmDependencyExtensionProjectSetupAction$1: loaded 2 times (x 76B)
Class [Lorg.jetbrains.kotlin.konan.target.Family;                                     : loaded 2 times (x 71B)
Class org.jetbrains.kotlin.gradle.plugin.statistics.FlowActionBuildFusService         : loaded 2 times (x 86B)
Class org.jetbrains.kotlin.build.report.metrics.GradleBuildPerformanceMetric          : loaded 2 times (x 74B)
Class org.jetbrains.kotlin.gradle.internal.properties.PropertiesBuildService$NullableBooleanGradleProperty: loaded 2 times (x 78B)
Class [Lorg.objectweb.asm.AnnotationVisitor;                                          : loaded 2 times (x 71B)
Class com.google.common.collect.Sets$3                                                : loaded 2 times (x 141B)
Class com.google.common.cache.LocalCache$LocalLoadingCache                            : loaded 2 times (x 136B)
Class org.gradle.internal.service.UnknownServiceException                             : loaded 2 times (x 85B)
Class kotlinx.coroutines.IncompleteStateBox                                           : loaded 2 times (x 74B)
Class com.google.common.hash.Hasher                                                   : loaded 2 times (x 72B)
Class org.jetbrains.kotlin.gradle.plugin.diagnostics.checkers.ComposePluginSuggestApplyChecker$runChecks$1: loaded 2 times (x 89B)
Class org.jetbrains.kotlin.konan.target.KonanTarget$TVOS_ARM64                        : loaded 2 times (x 80B)
Class org.jetbrains.kotlin.gradle.targets.js.npm.DefaultPeerNpmDependencyExtension    : loaded 2 times (x 142B)
Class org.jetbrains.kotlin.gradle.targets.android.internal.InternalKotlinTargetPreset : loaded 2 times (x 72B)
Class org.jetbrains.kotlin.gradle.plugin.KotlinPluginLifecycleKt                      : loaded 2 times (x 73B)
Class org.jetbrains.kotlin.gradle.plugin.diagnostics.checkers.WasmJsEnvironmentChecker$2: loaded 2 times (x 80B)
Class org.jetbrains.kotlin.gradle.plugin.mpp.AbstractKotlinTarget                     : loaded 2 times (x 149B)
Class org.jetbrains.kotlin.gradle.internal.properties.NativePropertiesLoader$kotlinNativeVersion$1: loaded 2 times (x 77B)
Class org.jetbrains.kotlin.gradle.dsl.KotlinSingleTargetExtension                     : loaded 2 times (x 132B)
Class com.google.common.collect.Sets$4                                                : loaded 2 times (x 141B)
Class org.objectweb.asm.ModuleVisitor                                                 : loaded 2 times (x 83B)
Class com.google.common.cache.LocalCache$Strength$1                                   : loaded 2 times (x 83B)
Class [Lorg.apache.commons.compress.archivers.zip.ZipArchiveEntry$NameSource;         : loaded 2 times (x 71B)
Class org.apache.commons.io.output.QueueOutputStream                                  : loaded 2 times (x 89B)
Class kotlinx.coroutines.internal.SystemPropsKt                                       : loaded 2 times (x 73B)
Class org.jetbrains.kotlin.gradle.internal.properties.PropertiesBuildServiceKt$propertyWithDeprecatedName$1: loaded 2 times (x 77B)
Class org.jetbrains.kotlin.gradle.targets.js.npm.NpmDependencyExtension               : loaded 2 times (x 72B)
Class org.jetbrains.kotlin.gradle.plugin.LanguageSettingsBuilder                      : loaded 2 times (x 72B)
Class org.jetbrains.kotlin.gradle.plugin.diagnostics.checkers.WasmWasiEnvironmentChecker: loaded 2 times (x 78B)
Class org.jetbrains.kotlin.gradle.plugin.diagnostics.checkers.WasmJsEnvironmentChecker$3: loaded 2 times (x 80B)
Class org.jetbrains.kotlin.gradle.targets.ConfigureBuildSideEffectKt                  : loaded 2 times (x 73B)
Class org.jetbrains.kotlin.gradle.plugin.statistics.BuildFusService$Companion$registerIfAbsentImpl$generalConfigurationMetricsProvider$1: loaded 2 times (x 77B)
Class [Lorg.jetbrains.kotlin.statistics.metrics.StringMetrics;                        : loaded 2 times (x 71B)
Class org.jetbrains.kotlin.gradle.plugin.BuildEventsListenerRegistryHolder$Companion  : loaded 2 times (x 73B)
Class com.google.common.util.concurrent.SettableFuture                                : loaded 2 times (x 116B)
Class com.google.common.cache.LocalCache$Strength$2                                   : loaded 2 times (x 83B)
Class kotlinx.coroutines.DispatchedTask                                               : loaded 2 times (x 82B)
Class com.google.common.collect.AllEqualOrdering                                      : loaded 2 times (x 116B)
Class org.jetbrains.kotlin.gradle.internal.StdlibDependencyManagementKt$configureStdlibVersionAlignment$1: loaded 2 times (x 77B)
Class org.jetbrains.kotlin.gradle.plugin.diagnostics.checkers.OverriddenKotlinNativeHomeChecker$StdlibExistenceCheckerValueSource$Params$Inject_: loaded 2 times (x 108B)
Class org.jetbrains.kotlin.gradle.plugin.diagnostics.checkers.OverriddenKotlinNativeHomeChecker$allKonanMainSubdirectoriesExist$1$1: loaded 2 times (x 77B)
Class org.jetbrains.kotlin.gradle.dsl.PlatformSourceSetConventionsChecker$CheckedPlatformInfo: loaded 2 times (x 74B)
Class org.jetbrains.kotlin.gradle.plugin.diagnostics.checkers.WasmJsEnvironmentChecker$4: loaded 2 times (x 80B)
Class org.jetbrains.kotlin.gradle.plugin.mpp.KotlinUsages$KotlinCinteropDisambiguation: loaded 2 times (x 78B)
Class org.jetbrains.kotlin.gradle.plugin.KotlinPluginInMultipleProjectsHolder         : loaded 2 times (x 74B)
Class org.jetbrains.kotlin.gradle.report.BuildReportType$Companion                    : loaded 2 times (x 73B)
Class com.google.common.cache.LocalCache$Strength$3                                   : loaded 2 times (x 83B)
Class com.google.common.collect.MapDifference                                         : loaded 2 times (x 72B)
Class org.jetbrains.kotlin.gradle.plugin.sources.FragmentConsistencyChecks$optInAnnotationsCheck$1: loaded 2 times (x 81B)
Class org.jetbrains.kotlin.gradle.plugin.mpp.AbstractKotlinCompilationToRunnableFiles : loaded 2 times (x 198B)
Class org.jetbrains.kotlin.gradle.artifacts.KotlinMetadataArtifactKt$KotlinMetadataArtifact$1: loaded 2 times (x 76B)
Class org.jetbrains.kotlin.gradle.plugin.mpp.KotlinUsages$KotlinMetadataCompatibility : loaded 2 times (x 78B)
Class [Lorg.jetbrains.kotlin.gradle.dsl.JvmTarget;                                    : loaded 2 times (x 71B)
Class org.jetbrains.kotlin.gradle.utils.ConfigurationsKt$maybeCreateResolvable$1      : loaded 2 times (x 80B)
Class org.jetbrains.kotlin.gradle.plugin.StatisticsBuildFlowManager$Companion         : loaded 2 times (x 73B)
Class org.jetbrains.kotlin.statistics.metrics.StringMetrics$Companion                 : loaded 2 times (x 73B)
Class org.jetbrains.kotlin.gradle.internal.properties.PropertiesBuildService$property$1$1: loaded 2 times (x 77B)
Class org.jetbrains.kotlin.tooling.core.Extras$Type                                   : loaded 2 times (x 74B)
Class org.objectweb.asm.FieldWriter                                                   : loaded 2 times (x 79B)
Class com.google.common.cache.CacheBuilder$NullListener                               : loaded 2 times (x 84B)
Class org.gradle.internal.classpath.TransformedClassPath                              : loaded 2 times (x 98B)
Class org.gradle.internal.classloader.InstrumentingClassLoader                        : loaded 2 times (x 72B)
Class org.apache.commons.io.output.UnsynchronizedByteArrayOutputStream                : loaded 2 times (x 104B)
Class kotlinx.coroutines.DisposableHandle                                             : loaded 2 times (x 72B)
Class com.google.common.collect.ImmutableRangeSet$AsSet                               : loaded 2 times (x 302B)
Class org.jetbrains.kotlin.gradle.plugin.sources.FragmentConsistencyChecks$optInAnnotationsCheck$2: loaded 2 times (x 80B)
Class org.jetbrains.kotlin.gradle.targets.NativeForwardImplementationToApiElementsSideEffectKt$special$$inlined$KotlinTargetSideEffect$1: loaded 2 times (x 76B)
Class org.jetbrains.kotlin.gradle.plugin.statistics.BuildFusServiceKt                 : loaded 2 times (x 73B)
Class org.jetbrains.kotlin.gradle.plugin.BuildFinishedListenerService$Companion       : loaded 2 times (x 73B)
Class org.jetbrains.kotlin.gradle.plugin.BuildFinishedListenerService                 : loaded 2 times (x 82B)
Class com.google.common.cache.CacheLoader$FunctionToCacheLoader                       : loaded 2 times (x 77B)
Class com.google.common.collect.Iterators$ArrayItr                                    : loaded 2 times (x 99B)
Class com.google.common.collect.ImmutableCollection$Builder                           : loaded 2 times (x 78B)
Class org.apache.commons.io.output.ByteArrayOutputStream                              : loaded 2 times (x 104B)
Class kotlinx.coroutines.scheduling.CoroutineScheduler$Companion                      : loaded 2 times (x 73B)
Class com.google.common.base.Joiner                                                   : loaded 2 times (x 81B)
Class org.jetbrains.kotlin.gradle.plugin.diagnostics.checkers.OverriddenKotlinNativeHomeChecker$allKonanMainSubdirectoriesExist$1: loaded 2 times (x 77B)
Class org.jetbrains.kotlin.gradle.plugin.AbstractKotlinPlugin$Companion               : loaded 2 times (x 73B)
Class org.jetbrains.kotlin.gradle.plugin.KotlinSourceSetTree                          : loaded 2 times (x 74B)
Class org.jetbrains.kotlin.gradle.plugin.KotlinPluginLifecycle$Stage                  : loaded 2 times (x 81B)
Class [Lorg.jetbrains.kotlin.gradle.plugin.diagnostics.checkers.GradleDeprecatedPropertyChecker$DeprecatedProperty;: loaded 2 times (x 71B)
Class org.jetbrains.kotlin.gradle.plugin.mpp.compilationImpl.KotlinCreateResourcesTaskSideEffectKt$KotlinCreateResourcesTaskSideEffect$1: loaded 2 times (x 76B)
Class org.jetbrains.kotlin.gradle.targets.jvm.KotlinJvmTargetTestFixturesSideEffectKt : loaded 2 times (x 73B)
Class org.jetbrains.kotlin.gradle.plugin.sources.KotlinSourceSetFactory               : loaded 2 times (x 82B)
Class org.jetbrains.kotlin.gradle.targets.native.toolchain.KotlinNativeBundleBuildService$Parameters_Decorated: loaded 2 times (x 141B)
Class org.jetbrains.kotlin.gradle.internal.ClassLoadersCachingBuildService$Companion  : loaded 2 times (x 73B)
Class org.jetbrains.kotlin.gradle.internal.IdeaKt$isInIdeaSync$1                      : loaded 2 times (x 76B)
Class com.google.common.base.MoreObjects                                              : loaded 2 times (x 73B)
Class kotlinx.coroutines.internal.ThreadState                                         : loaded 2 times (x 74B)
Class kotlinx.coroutines.scheduling.NanoTimeSource                                    : loaded 2 times (x 74B)
Class kotlinx.coroutines.BuildersKt__BuildersKt                                       : loaded 2 times (x 73B)
Class org.jetbrains.kotlin.gradle.plugin.diagnostics.checkers.OverriddenKotlinNativeHomeChecker$StdlibExistenceCheckerValueSource: loaded 2 times (x 80B)
Class org.jetbrains.kotlin.gradle.plugin.StatisticsBuildFlowManager$subscribeForBuildResultAndConfigurationTimeMetrics$1$1: loaded 2 times (x 76B)
Class org.jetbrains.kotlin.gradle.plugin.statistics.BuildFinishBuildService$Parameters: loaded 2 times (x 72B)
Class org.jetbrains.kotlin.gradle.utils.IsolatedKotlinClasspathClassCastException     : loaded 2 times (x 84B)
Class com.google.common.collect.Platform                                              : loaded 2 times (x 73B)
Class [Lorg.objectweb.asm.Type;                                                       : loaded 2 times (x 71B)
Class com.google.common.collect.UnmodifiableIterator                                  : loaded 2 times (x 82B)
Class org.jetbrains.kotlin.build.report.metrics.GradleBuildTime                       : loaded 2 times (x 90B)
Class org.gradle.internal.service.ServiceLocator                                      : loaded 2 times (x 72B)
Class jdk.internal.jrtfs.JrtFileSystemProvider                                        : loaded 2 times (x 103B)
Class [Lorg.jetbrains.kotlin.konan.target.KonanTarget;                                : loaded 2 times (x 71B)
Class org.jetbrains.kotlin.gradle.plugin.diagnostics.checkers.WasmSourceSetsNotFoundChecker: loaded 2 times (x 76B)
Class org.jetbrains.kotlin.gradle.plugin.statistics.KotlinBuildStatsLoggerService$Companion: loaded 2 times (x 73B)
Class com.google.common.base.Ascii                                                    : loaded 2 times (x 73B)
Class com.google.common.cache.LocalCache$1                                            : loaded 2 times (x 91B)
Class com.google.common.collect.Iterators$SingletonIterator                           : loaded 2 times (x 83B)
Class com.google.common.collect.AbstractMapEntry                                      : loaded 2 times (x 83B)
Class org.apache.commons.compress.archivers.ArchiveOutputStream                       : loaded 2 times (x 102B)
Class kotlinx.coroutines.scheduling.GlobalQueue                                       : loaded 2 times (x 74B)
Class com.google.common.collect.AbstractSetMultimap                                   : loaded 2 times (x 175B)
Class com.google.common.collect.Sets$ImprovedAbstractSet                              : loaded 2 times (x 137B)
Class com.google.common.collect.ImmutableList$Builder                                 : loaded 2 times (x 79B)
Class org.jetbrains.kotlin.gradle.plugin.diagnostics.checkers.OverriddenKotlinNativeHomeChecker$StdlibExistenceCheckerValueSource$Inject_: loaded 2 times (x 111B)
Class org.jetbrains.kotlin.gradle.plugin.KotlinTargetPreset                           : loaded 2 times (x 72B)
Class org.jetbrains.kotlin.gradle.plugin.diagnostics.checkers.KotlinTargetAlreadyDeclaredChecker: loaded 2 times (x 76B)
Class org.jetbrains.kotlin.gradle.plugin.mpp.compilationImpl.KotlinCompilationProcessorSideEffectKt: loaded 2 times (x 73B)
Class org.jetbrains.kotlin.gradle.utils.FileUtilsKt$localProperties$1                 : loaded 2 times (x 77B)
Class org.jetbrains.kotlin.gradle.dsl.HasConfigurableKotlinCompilerOptions            : loaded 2 times (x 72B)
Class com.google.common.collect.AbstractMultimap                                      : loaded 2 times (x 125B)
Class com.google.common.cache.LocalCache$2                                            : loaded 2 times (x 144B)
Class com.google.common.hash.AbstractHashFunction                                     : loaded 2 times (x 97B)
Class com.google.common.collect.ImmutableRangeSet$1                                   : loaded 2 times (x 212B)
Class org.jetbrains.kotlin.gradle.plugin.mpp.HasBinaries                              : loaded 2 times (x 72B)
Class org.jetbrains.kotlin.gradle.dsl.KotlinCommonOptions                             : loaded 2 times (x 72B)
Class org.jetbrains.kotlin.gradle.plugin.diagnostics.checkers.KmpPartiallyResolvedDependenciesChecker: loaded 2 times (x 76B)
Class org.jetbrains.kotlin.gradle.plugin.mpp.compilationImpl.KotlinCreateSourcesJarTaskSideEffectKt: loaded 2 times (x 73B)
Class org.jetbrains.kotlin.gradle.dsl.KotlinJvmProjectExtension                       : loaded 2 times (x 155B)
Class org.jetbrains.kotlin.gradle.plugin.KotlinGradlePluginExtensionPointInternalKt   : loaded 2 times (x 73B)
Class org.jetbrains.kotlin.gradle.targets.native.toolchain.UsesKotlinNativeBundleBuildService: loaded 2 times (x 72B)
Class org.jetbrains.kotlin.gradle.plugin.KotlinCompilerArgumentsProducer              : loaded 2 times (x 72B)
Class org.jetbrains.kotlin.build.report.metrics.ValueType                             : loaded 2 times (x 81B)
Class com.google.common.collect.RegularImmutableAsList                                : loaded 2 times (x 219B)
Class com.google.common.collect.Range                                                 : loaded 2 times (x 89B)
Class org.jetbrains.kotlin.gradle.targets.js.npm.NpmDependencyExtensionDelegate       : loaded 2 times (x 162B)
Class org.jetbrains.kotlin.gradle.plugin.sources.FragmentConsistencyChecker           : loaded 2 times (x 74B)
Class org.jetbrains.kotlin.gradle.dsl.DefaultToolchainSupport_Decorated               : loaded 2 times (x 122B)
Class org.jetbrains.kotlin.gradle.internal.properties.NativePropertiesLoader$jvmArgs$1: loaded 2 times (x 77B)
Class org.jetbrains.kotlin.gradle.report.BuildMetricsService$Companion                : loaded 2 times (x 73B)
Class org.jetbrains.kotlin.gradle.tasks.KotlinCompileTool                             : loaded 2 times (x 72B)
Class org.jetbrains.kotlin.gradle.plugin.VariantImplementationFactories$Parameters_Decorated: loaded 2 times (x 132B)
Class org.jetbrains.kotlin.gradle.plugin.statistics.BuildFinishBuildService$Parameters_Decorated: loaded 2 times (x 144B)
Class org.jetbrains.kotlin.gradle.plugin.PropertiesProvider$PropertyNames             : loaded 2 times (x 73B)
Class org.jetbrains.kotlin.gradle.utils.SingleAction$PerformedActions                 : loaded 2 times (x 74B)
Class org.jetbrains.kotlin.gradle.utils.GradleUtilsKt                                 : loaded 2 times (x 73B)
Class org.jetbrains.kotlin.gradle.plugin.HasProject                                   : loaded 2 times (x 72B)
Class com.google.common.util.concurrent.AbstractFuture$Trusted                        : loaded 2 times (x 72B)
Class com.google.common.collect.Iterators                                             : loaded 2 times (x 73B)
Class jdk.internal.jimage.ImageLocation                                               : loaded 2 times (x 92B)
Class org.apache.commons.compress.archivers.zip.GeneralPurposeBit                     : loaded 2 times (x 73B)
Class com.google.common.collect.ExplicitOrdering                                      : loaded 2 times (x 117B)
Class org.jetbrains.kotlin.tooling.core.KotlinToolingVersion                          : loaded 2 times (x 77B)
Class org.jetbrains.kotlin.gradle.internal.KotlinDependenciesManagementKt$CustomizeKotlinDependenciesSetupAction$1$coreLibrariesVersion$1: loaded 2 times (x 81B)
Class org.jetbrains.kotlin.gradle.plugin.diagnostics.checkers.AndroidPublicationNotConfiguredChecker$runChecks$1: loaded 2 times (x 89B)
Class org.jetbrains.kotlin.gradle.plugin.diagnostics.checkers.CInteropInputChecker$runChecks$1: loaded 2 times (x 89B)
Class org.jetbrains.kotlin.gradle.ExperimentalKotlinGradlePluginApi                   : loaded 2 times (x 72B)
Class org.jetbrains.kotlin.gradle.plugin.diagnostics.ToolingDiagnosticRenderingOptionsKt$isAttachedToTerminal$1: loaded 2 times (x 76B)
Class org.jetbrains.kotlin.gradle.internal.properties.NativePropertiesLoader          : loaded 2 times (x 85B)
Class org.jetbrains.kotlin.gradle.plugin.KotlinGradleBuildServices$Parameters$Inject_ : loaded 2 times (x 108B)
Class org.jetbrains.kotlin.statistics.metrics.NumberAnonymizationPolicy$SAFE          : loaded 2 times (x 87B)
Class org.jetbrains.kotlin.gradle.plugin.statistics.BuildFusService                   : loaded 2 times (x 86B)
Class org.jetbrains.kotlin.gradle.dsl.KotlinAndroidProjectExtension                   : loaded 2 times (x 148B)
Class com.google.common.collect.Lists$StringAsImmutableList                           : loaded 2 times (x 209B)
Class com.google.common.util.concurrent.UncheckedExecutionException                   : loaded 2 times (x 84B)
Class [Lorg.jetbrains.kotlin.build.report.metrics.BuildTime;                          : loaded 2 times (x 71B)
Class org.apache.commons.compress.archivers.zip.X7875_NewUnix                         : loaded 2 times (x 94B)
Class org.jetbrains.kotlin.gradle.plugin.diagnostics.CheckKotlinGradlePluginConfigurationErrorsKt: loaded 2 times (x 73B)
Class org.jetbrains.kotlin.gradle.targets.js.npm.NpmDependencyExtensionKt$AddNpmDependencyExtensionProjectSetupAction$1$WhenMappings: loaded 2 times (x 73B)
Class org.jetbrains.kotlin.gradle.plugin.mpp.KotlinJvmAndroidCompilation              : loaded 2 times (x 199B)
Class org.jetbrains.kotlin.gradle.targets.CreateDefaultCompilationsSideEffectKt$CreateDefaultCompilationsSideEffect$1: loaded 2 times (x 76B)
Class org.jetbrains.kotlin.gradle.targets.native.internal.AddKotlinPlatformIntegersSupportLibraryKt$AddKotlinPlatformIntegersSupportLibrary$1: loaded 2 times (x 97B)
Class org.jetbrains.kotlin.gradle.plugin.mpp.ApplyUserDefinedAttributesKt             : loaded 2 times (x 73B)
Class org.jetbrains.kotlin.gradle.utils.FutureImpl                                    : loaded 2 times (x 82B)
Class org.jetbrains.kotlin.gradle.dsl.abi.AbiValidationLegacyDumpExtension            : loaded 2 times (x 72B)
Class org.jetbrains.kotlin.gradle.plugin.diagnostics.IsAttachedToTerminalValueSource$Inject_: loaded 2 times (x 102B)
Class org.jetbrains.kotlin.gradle.plugin.diagnostics.ToolingDiagnosticRenderingOptionsKt$isAttachedToTerminal$2: loaded 2 times (x 76B)
Class org.jetbrains.kotlin.gradle.internal.properties.NativePropertiesLoader$isToolchainEnabled$1: loaded 2 times (x 77B)
Class [Lorg.jetbrains.kotlin.statistics.metrics.NumericalMetrics;                     : loaded 2 times (x 71B)
Class jdk.internal.jimage.ImageBufferCache$1                                          : loaded 2 times (x 84B)
Class org.apache.commons.compress.archivers.zip.JarMarker                             : loaded 2 times (x 82B)
Class org.apache.commons.compress.archivers.zip.SeekableChannelRandomAccessOutputStream: loaded 2 times (x 91B)
Class kotlinx.coroutines.internal.ThreadLocalKt                                       : loaded 2 times (x 73B)
Class com.google.common.collect.HashMultimapGwtSerializationDependencies              : loaded 2 times (x 175B)
Class com.google.common.collect.AbstractMapBasedMultimap$KeySet$1                     : loaded 2 times (x 84B)
Class org.jetbrains.kotlin.gradle.internal.KotlinDomApiDependencyManagementKt$configureKotlinDomApiDefaultDependency$1: loaded 2 times (x 81B)
Class org.jetbrains.kotlin.gradle.targets.js.npm.DefaultDevNpmDependencyExtension     : loaded 2 times (x 146B)
Class [Lorg.jetbrains.kotlin.gradle.plugin.HasKotlinDependencies;                     : loaded 2 times (x 71B)
Class org.jetbrains.kotlin.gradle.tasks.DefaultKotlinJavaToolchain$Companion$wireJvmTargetToToolchain$1: loaded 2 times (x 77B)
Class org.jetbrains.kotlin.gradle.plugin.diagnostics.checkers.JsLikeEnvironmentChecker: loaded 2 times (x 78B)
Class org.jetbrains.kotlin.gradle.plugin.KotlinPlatformType                           : loaded 2 times (x 84B)
Class org.jetbrains.kotlin.gradle.plugin.KotlinGradleBuildServices$Companion          : loaded 2 times (x 73B)
Class org.jetbrains.kotlin.gradle.internal.properties.PropertiesBuildServiceKt        : loaded 2 times (x 73B)
Class org.objectweb.asm.ClassWriter                                                   : loaded 2 times (x 107B)
Class com.google.common.cache.CacheLoader$UnsupportedLoadingOperationException        : loaded 2 times (x 84B)
Class com.google.common.base.CharMatcher$And                                          : loaded 2 times (x 114B)
Class org.gradle.internal.classloader.ClasspathUtil$1                                 : loaded 2 times (x 78B)
Class jdk.internal.jimage.ImageBufferCache$2                                          : loaded 2 times (x 93B)
Class org.apache.commons.compress.archivers.zip.ZipEncodingHelper                     : loaded 2 times (x 73B)
Class kotlinx.coroutines.JobSupport                                                   : loaded 2 times (x 134B)
Class com.google.common.collect.AbstractMapBasedMultimap$Itr                          : loaded 2 times (x 85B)
Class org.jetbrains.kotlin.gradle.dsl.KotlinJvmCompilerOptionsHelper                  : loaded 2 times (x 73B)
Class org.jetbrains.kotlin.gradle.tasks.DefaultKotlinJavaToolchain$Companion$wireJvmTargetToToolchain$2: loaded 2 times (x 77B)
Class org.jetbrains.kotlin.gradle.plugin.ProjectLocalConfigurations$ProjectLocalDisambiguation: loaded 2 times (x 78B)
Class org.jetbrains.kotlin.gradle.plugin.diagnostics.ToolingDiagnosticRenderingOptions$Companion: loaded 2 times (x 73B)
Class org.jetbrains.kotlin.gradle.plugin.diagnostics.DiagnosticGroup$KotlinDiagnosticGroup: loaded 2 times (x 83B)
Class org.jetbrains.kotlin.gradle.internal.properties.PropertiesBuildService$NullableStringGradleProperty: loaded 2 times (x 78B)
Class org.jetbrains.kotlin.gradle.targets.native.KonanPropertiesBuildService          : loaded 2 times (x 78B)
Class org.jetbrains.kotlin.gradle.plugin.KotlinGradleBuildServices$detectKotlinPluginLoadedInMultipleProjects$onRegister$1$1: loaded 2 times (x 77B)
Class org.jetbrains.kotlin.gradle.internal.properties.PropertiesBuildService$Inject_  : loaded 2 times (x 98B)
Class org.jetbrains.kotlin.gradle.plugin.internal.ConfigurationCacheStartParameterAccessor$Factory: loaded 2 times (x 72B)
Class org.objectweb.asm.FieldVisitor                                                  : loaded 2 times (x 79B)
Class com.google.common.collect.IndexedImmutableSet                                   : loaded 2 times (x 154B)
Class com.google.common.collect.ImmutableMap$1                                        : loaded 2 times (x 83B)
Class com.google.common.collect.BiMap                                                 : loaded 2 times (x 72B)
Class org.gradle.api.internal.classpath.DefaultModuleRegistry$DefaultModule           : loaded 2 times (x 88B)
Class com.google.common.collect.NullsFirstOrdering                                    : loaded 2 times (x 117B)
Class org.jetbrains.kotlin.gradle.plugin.diagnostics.checkers.WasmSourceSetsNotFoundChecker$wasmSourceSetRegex$2: loaded 2 times (x 80B)
Class org.jetbrains.kotlin.gradle.plugin.mpp.compilationImpl.KotlinCompilationSideEffect: loaded 2 times (x 72B)
Class org.jetbrains.kotlin.gradle.plugin.KotlinGradlePluginExtensionPoint             : loaded 2 times (x 72B)
Class org.jetbrains.kotlin.tooling.core.ExtrasUtilsKt                                 : loaded 2 times (x 73B)
Class org.jetbrains.kotlin.buildtools.api.ExperimentalBuildToolsApi                   : loaded 2 times (x 72B)
Class org.jetbrains.kotlin.gradle.plugin.diagnostics.KotlinToolingDiagnosticsCollector$Inject_: loaded 2 times (x 98B)
Class org.jetbrains.kotlin.gradle.targets.native.KonanPropertiesBuildService$Companion$registerIfAbsent$2$1$1: loaded 2 times (x 77B)
Class org.jetbrains.kotlin.gradle.utils.ResourceUtilsKt                               : loaded 2 times (x 73B)
Class org.jetbrains.kotlin.gradle.plugin.KotlinPluginWrapperKt$kotlinPluginVersionFromResources$1: loaded 2 times (x 80B)
Class com.google.common.primitives.Ints                                               : loaded 2 times (x 73B)
Class com.google.common.collect.AbstractIterator                                      : loaded 2 times (x 84B)
Class kotlinx.coroutines.ExecutorCoroutineDispatcher                                  : loaded 2 times (x 110B)
Class com.google.common.collect.ObjectArrays                                          : loaded 2 times (x 73B)
Class org.jetbrains.kotlin.gradle.plugin.diagnostics.CheckKotlinGradlePluginConfigurationErrorsKt$addDependsOnFromTasksThatShouldFailWhenErrorsReported$1: loaded 2 times (x 77B)
Class org.jetbrains.kotlin.konan.target.KonanTarget$TVOS_X64                          : loaded 2 times (x 80B)
Class org.jetbrains.kotlin.gradle.plugin.diagnostics.KotlinToolingDiagnosticsSetupActionKt: loaded 2 times (x 73B)
Class org.jetbrains.kotlin.gradle.targets.native.KonanPropertiesBuildService$Parameters_Decorated: loaded 2 times (x 132B)
Class org.jetbrains.kotlin.gradle.plugin.KotlinPluginWrapperKt$kotlinPluginVersionFromResources$1$1: loaded 2 times (x 73B)
Class com.google.common.math.MathPreconditions                                        : loaded 2 times (x 73B)
Class com.google.common.collect.Multiset                                              : loaded 2 times (x 72B)
Class com.google.common.collect.ArrayListMultimapGwtSerializationDependencies         : loaded 2 times (x 173B)
Class com.google.common.collect.AbstractIndexedListIterator                           : loaded 2 times (x 98B)
Class org.apache.commons.io.output.NullOutputStream                                   : loaded 2 times (x 87B)
Class org.apache.commons.compress.archivers.EntryStreamOffsets                        : loaded 2 times (x 72B)
Class kotlinx.coroutines.Job                                                          : loaded 2 times (x 72B)
Class org.jetbrains.kotlin.gradle.utils.WhenEvaluatedKt$whenEvaluated$3               : loaded 2 times (x 81B)
Class org.jetbrains.kotlin.gradle.internal.Kapt3GradleSubplugin$Kapt3SubpluginContext : loaded 2 times (x 74B)
Class org.jetbrains.kotlin.gradle.artifacts.KotlinTargetArtifact                      : loaded 2 times (x 72B)
Class org.jetbrains.kotlin.gradle.dsl.KotlinJvmCompilerOptionsDefault_Decorated       : loaded 2 times (x 165B)
Class org.jetbrains.kotlin.gradle.plugin.HasKotlinDependencies                        : loaded 2 times (x 72B)
Class org.jetbrains.kotlin.gradle.internal.ClassLoadersCachingBuildService$Parameters_Decorated: loaded 2 times (x 132B)
Class org.jetbrains.kotlin.gradle.targets.native.toolchain.KotlinNativeBundleBuildService$Companion: loaded 2 times (x 73B)
Class org.jetbrains.kotlin.gradle.plugin.StatisticsBuildFlowManager$subscribeForBuildResultAndConfigurationTimeMetrics$1: loaded 2 times (x 77B)
Class org.jetbrains.kotlin.gradle.plugin.statistics.MetricContainer                   : loaded 2 times (x 74B)
Class org.jetbrains.kotlin.gradle.plugin.statistics.old.Pre232IdeaKotlinBuildStatsMXBean: loaded 2 times (x 72B)
Class org.jetbrains.kotlin.gradle.plugin.statistics.KotlinBuildStatsServicesRegistry  : loaded 2 times (x 80B)
Class org.jetbrains.kotlin.gradle.plugin.BuildEventsListenerRegistryHolder_Decorated  : loaded 2 times (x 117B)
Class org.jetbrains.kotlin.gradle.plugin.VariantImplementationFactoriesConfigurator   : loaded 2 times (x 78B)
Class com.google.common.collect.ImmutableMapEntrySet                                  : loaded 2 times (x 154B)
Class org.gradle.api.internal.classpath.Module                                        : loaded 2 times (x 72B)
Class org.apache.commons.compress.archivers.zip.X0014_X509Certificates                : loaded 2 times (x 92B)
Class kotlinx.coroutines.internal.DispatchedContinuationKt                            : loaded 2 times (x 73B)
Class org.jetbrains.kotlin.gradle.utils.WhenEvaluatedKt$whenEvaluated$4               : loaded 2 times (x 77B)
Class org.jetbrains.kotlin.gradle.plugin.diagnostics.KotlinToolingDiagnosticsSetupActionKt$KotlinToolingDiagnosticsSetupAction$1$1: loaded 2 times (x 77B)
Class org.jetbrains.kotlin.gradle.targets.js.npm.NpmDirectoryDependencyWithExternalsExtension: loaded 2 times (x 72B)
Class org.jetbrains.kotlin.gradle.plugin.KotlinProjectSetupAction                     : loaded 2 times (x 72B)
Class org.jetbrains.kotlin.gradle.plugin.KotlinGradleFinishBuildHandler$Companion     : loaded 2 times (x 73B)
Class org.jetbrains.kotlin.gradle.internal.IsInIdeaSyncValueSource                    : loaded 2 times (x 80B)
Class com.google.common.cache.Weigher                                                 : loaded 2 times (x 72B)
Class org.gradle.api.internal.classpath.UnknownModuleException                        : loaded 2 times (x 84B)
Class jdk.internal.jimage.ImageHeader                                                 : loaded 2 times (x 73B)
Class org.apache.commons.io.Charsets                                                  : loaded 2 times (x 73B)
Class org.apache.commons.compress.archivers.ArchiveEntry                              : loaded 2 times (x 72B)
Class kotlinx.coroutines.internal.LockFreeTaskQueueCore                               : loaded 2 times (x 74B)
Class org.jetbrains.kotlin.gradle.plugin.diagnostics.KotlinToolingDiagnosticsSetupActionKt$KotlinToolingDiagnosticsSetupAction$1$2: loaded 2 times (x 97B)
Class org.jetbrains.kotlin.gradle.targets.js.npm.NpmDependencyWithExternalsExtension  : loaded 2 times (x 72B)
Class org.jetbrains.kotlin.gradle.plugin.mpp.KotlinUsageContext                       : loaded 2 times (x 72B)
Class org.jetbrains.kotlin.gradle.plugin.KotlinTargetsContainer                       : loaded 2 times (x 72B)
Class org.jetbrains.kotlin.compilerRunner.GradleCliCommonizerKt                       : loaded 2 times (x 73B)
Class org.jetbrains.kotlin.gradle.utils.ConfigurationsKt                              : loaded 2 times (x 73B)
Class org.jetbrains.kotlin.gradle.plugin.StatisticsBuildFlowManager                   : loaded 2 times (x 74B)
Class org.jetbrains.kotlin.gradle.plugin.statistics.BuildFusService$Parameters        : loaded 2 times (x 72B)
Class org.jetbrains.kotlin.gradle.plugin.diagnostics.DefaultProblemsReporter$Factory  : loaded 2 times (x 78B)
Class org.jetbrains.kotlin.gradle.plugin.PluginWrappersKt                             : loaded 2 times (x 73B)
Class com.google.common.base.Stopwatch                                                : loaded 2 times (x 74B)
Class com.google.common.cache.LocalCache$Strength                                     : loaded 2 times (x 83B)
Class com.google.common.cache.Cache                                                   : loaded 2 times (x 72B)
Class org.apache.commons.compress.archivers.zip.UnicodePathExtraField                 : loaded 2 times (x 95B)
Class com.google.common.io.AppendableWriter                                           : loaded 2 times (x 101B)
Class org.jetbrains.kotlin.gradle.plugin.diagnostics.KotlinToolingDiagnosticsSetupActionKt$KotlinToolingDiagnosticsSetupAction$1$3: loaded 2 times (x 77B)
Class org.jetbrains.kotlin.gradle.targets.js.dsl.KotlinTargetWithNodeJsDsl            : loaded 2 times (x 72B)
Class org.jetbrains.kotlin.gradle.plugin.sources.DefaultKotlinSourceSetKt$defaultSourceSetLanguageSettingsChecker$1: loaded 2 times (x 80B)
Class org.jetbrains.kotlin.gradle.plugin.sources.InternalKotlinSourceSet              : loaded 2 times (x 72B)
Class org.jetbrains.kotlin.gradle.plugin.KotlinJvmPlugin                              : loaded 2 times (x 81B)
Class org.jetbrains.kotlin.gradle.plugin.mpp.SyncLanguageSettingsWithKotlinExtensionSetupActionKt$SyncLanguageSettingsWithKotlinExtensionSetupAction$1: loaded 2 times (x 97B)
Class org.jetbrains.kotlin.gradle.dsl.KotlinGradlePluginPublicDsl                     : loaded 2 times (x 72B)
Class org.jetbrains.kotlin.gradle.internal.properties.NativeProperties                : loaded 2 times (x 72B)
Class org.jetbrains.kotlin.gradle.fus.internal.SynchronizedConfigurationMetrics       : loaded 2 times (x 74B)
Class org.jetbrains.kotlin.statistics.BuildSessionLogger                              : loaded 2 times (x 79B)
Class org.jetbrains.kotlin.gradle.plugin.internal.ConfigurationCacheStartParameterAccessor: loaded 2 times (x 72B)
Class org.jetbrains.kotlin.gradle.internal.diagnostics.GradleCompatibilityCheck$DefaultCurrentGradleVersionProvider: loaded 2 times (x 76B)
Class org.jetbrains.kotlin.gradle.dsl.KotlinBaseExtension                             : loaded 2 times (x 72B)
Class com.google.common.util.concurrent.AbstractFuture$Cancellation                   : loaded 2 times (x 74B)
Class com.google.common.collect.ImmutableMap$Builder                                  : loaded 2 times (x 84B)
Class org.jetbrains.kotlin.build.report.metrics.BuildMetricsReporter                  : loaded 2 times (x 72B)
Class org.apache.commons.compress.archivers.zip.ZipLong                               : loaded 2 times (x 73B)
Class com.google.common.collect.AbstractMapBasedMultimap$WrappedCollection$WrappedIterator: loaded 2 times (x 86B)
Class org.jetbrains.kotlin.gradle.targets.js.dsl.KotlinWasmTargetDsl                  : loaded 2 times (x 72B)
Class org.jetbrains.kotlin.gradle.plugin.diagnostics.checkers.DisabledCinteropCommonizationInHmppProjectChecker$runChecks$1: loaded 2 times (x 89B)
Class org.jetbrains.kotlin.gradle.plugin.sources.ConsistencyCheck                     : loaded 2 times (x 74B)
Class org.jetbrains.kotlin.gradle.plugin.sources.DefaultKotlinSourceSetKt$defaultSourceSetLanguageSettingsChecker$2: loaded 2 times (x 80B)
Class org.jetbrains.kotlin.gradle.dsl.KotlinCommonToolOptions                         : loaded 2 times (x 72B)
Class org.jetbrains.kotlin.gradle.plugin.AbstractKotlinPlugin                         : loaded 2 times (x 80B)
Class org.jetbrains.kotlin.gradle.tasks.DefaultKotlinJavaToolchain$Companion$wireJvmTargetToJvm$1: loaded 2 times (x 77B)
Class org.jetbrains.kotlin.gradle.plugin.diagnostics.checkers.ComposePluginSuggestApplyChecker: loaded 2 times (x 76B)
Class org.jetbrains.kotlin.konan.target.KonanTarget$IOS_ARM64                         : loaded 2 times (x 80B)
Class org.jetbrains.kotlin.gradle.dsl.KotlinMultiplatformExtension                    : loaded 2 times (x 609B)
Class org.jetbrains.kotlin.gradle.plugin.diagnostics.KotlinToolingDiagnosticsCollectorKt$kotlinToolingDiagnosticsCollectorProvider$1$execute$$inlined$variantImplementationFactoryProvider$1: loaded 2 times (x 76B)
Class org.jetbrains.kotlin.gradle.plugin.statistics.FlowActionBuildFusService$Inject_ : loaded 2 times (x 106B)
Class org.jetbrains.kotlin.gradle.plugin.BuildFinishAndConfigurationTimeMetricsFlowAction: loaded 2 times (x 76B)
Class org.jetbrains.kotlin.gradle.plugin.PropertiesProvider$booleanProvider$1         : loaded 2 times (x 76B)
Class com.google.common.cache.RemovalListener                                         : loaded 2 times (x 72B)
Class org.gradle.api.internal.DefaultClassPathRegistry                                : loaded 2 times (x 78B)
Class org.apache.commons.io.file.DeleteOption                                         : loaded 2 times (x 72B)
Class org.jetbrains.kotlin.gradle.targets.js.npm.DefaultPeerNpmDependencyExtension$delegate$1: loaded 2 times (x 162B)
Class org.jetbrains.kotlin.gradle.targets.js.npm.NpmDependency                        : loaded 2 times (x 88B)
Class org.jetbrains.kotlin.gradle.targets.js.npm.DefaultNpmDependencyExtension        : loaded 2 times (x 150B)
Class org.jetbrains.kotlin.gradle.targets.js.npm.NpmDependency$Scope                  : loaded 2 times (x 81B)
Class org.jetbrains.kotlin.gradle.plugin.sources.FragmentConsistencyChecks$unstableFeaturesCheck$1: loaded 2 times (x 81B)
Class org.jetbrains.kotlin.gradle.plugin.sources.DefaultKotlinSourceSet               : loaded 2 times (x 141B)
Class org.jetbrains.kotlin.gradle.plugin.diagnostics.KotlinToolingDiagnosticsCollector$Parameter_Decorated: loaded 2 times (x 132B)
Class org.jetbrains.kotlin.gradle.utils.ConfigurationsKt$sam$org_gradle_api_Action$0  : loaded 2 times (x 77B)
Class org.jetbrains.kotlin.gradle.plugin.statistics.BuildFinishBuildService$Inject_   : loaded 2 times (x 106B)
Class org.jetbrains.kotlin.gradle.plugin.diagnostics.ProblemsReporter                 : loaded 2 times (x 72B)
Class org.jetbrains.kotlin.gradle.plugin.VariantImplementationFactories$Parameters    : loaded 2 times (x 72B)
Class org.jetbrains.kotlin.gradle.plugin.internal.JavaExecTaskParametersCompatibility$Factory: loaded 2 times (x 72B)
Class com.google.common.primitives.IntsMethodsForWeb                                  : loaded 2 times (x 73B)
Class com.google.common.collect.Multimap                                              : loaded 2 times (x 72B)
Class org.gradle.api.internal.ClassPathRegistry                                       : loaded 2 times (x 72B)
Class org.gradle.internal.classpath.DefaultClassPath$ImmutableUniqueList              : loaded 2 times (x 201B)
Class jdk.internal.jimage.decompressor.ResourceDecompressor                           : loaded 2 times (x 72B)
Class org.apache.commons.compress.archivers.zip.ZipShort                              : loaded 2 times (x 73B)
Class org.apache.commons.io.IOUtils                                                   : loaded 2 times (x 73B)
Class kotlinx.coroutines.DispatchedTaskKt                                             : loaded 2 times (x 73B)
Class kotlinx.coroutines.internal.SystemPropsKt__SystemProps_commonKt                 : loaded 2 times (x 73B)
Class kotlinx.coroutines.ThreadContextElement                                         : loaded 2 times (x 72B)
Class org.jetbrains.kotlin.gradle.utils.ProviderApiUtilsKt$providerWithLazyConvention$1: loaded 2 times (x 76B)
Class org.jetbrains.kotlin.gradle.plugin.sources.FragmentConsistencyChecks$unstableFeaturesCheck$2: loaded 2 times (x 80B)
Class org.jetbrains.kotlin.gradle.plugin.KotlinPluginLifecycleImpl                    : loaded 2 times (x 82B)
Class org.jetbrains.kotlin.gradle.plugin.diagnostics.KotlinToolingDiagnostics$WasmWasiEnvironmentNotChosenExplicitly: loaded 2 times (x 75B)
Class org.jetbrains.kotlin.gradle.artifacts.KotlinNativeKlibArtifactKt$KotlinNativeKlibArtifact$1: loaded 2 times (x 76B)
Class org.jetbrains.kotlin.gradle.dsl.KotlinCommonCompilerOptionsDefault              : loaded 2 times (x 96B)
Class org.jetbrains.kotlin.gradle.dsl.KotlinCommonCompilerToolOptionsDefault          : loaded 2 times (x 86B)
Class org.jetbrains.kotlin.konan.target.KonanTarget$Companion$predefinedTargets$2     : loaded 2 times (x 80B)
Class org.jetbrains.kotlin.gradle.plugin.diagnostics.DiagnosticGroup$Kgp              : loaded 2 times (x 84B)
Class org.jetbrains.kotlin.gradle.tasks.publishing.HelpersKt$addPomValidationHelpers$1: loaded 2 times (x 77B)
Class org.jetbrains.kotlin.gradle.internal.properties.NativePropertiesLoader$isUseXcodeMessageStyleEnabled$1: loaded 2 times (x 77B)
Class org.jetbrains.kotlin.gradle.internal.ClassLoadersCachingBuildService$Companion$registerIfAbsent$2$1: loaded 2 times (x 81B)
Class org.jetbrains.kotlin.gradle.plugin.statistics.KotlinBuildStatisticsUtilsKt$collectGeneralConfigurationTimeMetrics$statisticOverhead$1$2: loaded 2 times (x 77B)
Class org.jetbrains.kotlin.gradle.plugin.StatisticsBuildFlowManager_Decorated         : loaded 2 times (x 117B)
Class org.jetbrains.kotlin.gradle.report.BuildReportMode$Companion                    : loaded 2 times (x 73B)
Class org.jetbrains.kotlin.gradle.plugin.VariantImplementationFactories$VariantImplementationFactory: loaded 2 times (x 72B)
Class org.jetbrains.kotlin.gradle.plugin.diagnostics.checkers.AndroidPublicationNotConfiguredChecker: loaded 2 times (x 76B)
Class org.jetbrains.kotlin.gradle.targets.js.npm.SemVer$Companion                     : loaded 2 times (x 73B)
Class org.jetbrains.kotlin.konan.target.KonanTarget$LINUX_ARM64                       : loaded 2 times (x 80B)
Class org.jetbrains.kotlin.gradle.targets.native.SetupEmbedAndSignAppleFrameworkTaskSideEffectKt$special$$inlined$KotlinTargetSideEffect$1: loaded 2 times (x 76B)
Class org.jetbrains.kotlin.gradle.plugin.mpp.KotlinUsages$KotlinCinteropCompatibility : loaded 2 times (x 79B)
Class org.jetbrains.kotlin.gradle.plugin.mpp.KotlinUsages$KotlinUsagesCompatibility   : loaded 2 times (x 78B)
Class org.jetbrains.kotlin.gradle.dsl.ExplicitApiMode                                 : loaded 2 times (x 81B)
Class org.jetbrains.kotlin.konan.target.KonanTarget$LINUX_X64                         : loaded 2 times (x 80B)
Class [Lorg.jetbrains.kotlin.konan.target.Architecture;                               : loaded 2 times (x 71B)
Class org.jetbrains.kotlin.gradle.tasks.publishing.HelpersKt$addSigningValidationHelpers$1: loaded 2 times (x 77B)
Class org.jetbrains.kotlin.gradle.plugin.VariantImplementationFactories$Parameters$Inject_: loaded 2 times (x 108B)
Class org.jetbrains.kotlin.gradle.plugin.VariantImplementationFactories$Companion     : loaded 2 times (x 73B)
Class org.jetbrains.kotlin.gradle.plugin.internal.CustomPropertiesFileValueSource$Parameters_Decorated: loaded 2 times (x 132B)
Class org.jetbrains.kotlin.gradle.dsl.KotlinTopLevelExtensionConfig                   : loaded 2 times (x 72B)
Class com.google.common.cache.CacheBuilder                                            : loaded 2 times (x 74B)
Class com.google.common.collect.SingletonImmutableList                                : loaded 2 times (x 209B)
Class Settings_gradle$1                                                               : loaded 2 times (x 76B)
Class org.gradle.internal.classpath.ClassPath                                         : loaded 2 times (x 72B)
Class org.apache.commons.compress.archivers.zip.UnsupportedZipFeatureException        : loaded 2 times (x 86B)
Class com.google.common.base.JdkPattern                                               : loaded 2 times (x 77B)
Class org.jetbrains.kotlin.gradle.dsl.PlatformSourceSetConventionsChecker$runChecks$1 : loaded 2 times (x 89B)
Class org.jetbrains.kotlin.gradle.plugin.mpp.compilationImpl.KotlinCompilationProcessorSideEffectKt$KotlinCompilationProcessorSideEffect$1: loaded 2 times (x 76B)
Class org.jetbrains.kotlin.gradle.dsl.KotlinJvmCompilerOptionsDefault                 : loaded 2 times (x 108B)
Class org.jetbrains.kotlin.gradle.internal.UsesClassLoadersCachingBuildService        : loaded 2 times (x 72B)
Class com.google.common.collect.ImmutableList$ReverseImmutableList                    : loaded 2 times (x 211B)
Class com.google.common.io.CharStreams$NullWriter                                     : loaded 2 times (x 101B)
Class [Lkotlinx.coroutines.CoroutineStart;                                            : loaded 2 times (x 71B)
Class kotlinx.coroutines.CoroutineDispatcher$Key                                      : loaded 2 times (x 74B)
Class org.jetbrains.kotlin.gradle.internal.StdlibDependencyManagementKt               : loaded 2 times (x 73B)
Class org.jetbrains.kotlin.gradle.dsl.PlatformSourceSetConventionsChecker$runChecks$2 : loaded 2 times (x 80B)
Class org.jetbrains.kotlin.gradle.utils.ObservableSet                                 : loaded 2 times (x 72B)
Class org.jetbrains.kotlin.gradle.plugin.mpp.HierarchyAttributeContainer              : loaded 2 times (x 87B)
Class org.jetbrains.kotlin.gradle.tasks.UsesKotlinJavaToolchain                       : loaded 2 times (x 72B)
Class org.jetbrains.kotlin.konan.target.KonanTarget$MINGW_X64                         : loaded 2 times (x 80B)
Class org.jetbrains.kotlin.gradle.plugin.diagnostics.KotlinToolingDiagnosticsCollectorKt: loaded 2 times (x 73B)
Class org.jetbrains.kotlin.gradle.plugin.DefaultKotlinBasePlugin$apply$1              : loaded 2 times (x 77B)
Class org.jetbrains.kotlin.statistics.metrics.StringOverridePolicy$OVERRIDE           : loaded 2 times (x 87B)
Class org.jetbrains.kotlin.gradle.internal.properties.PropertiesBuildService$Params_Decorated: loaded 2 times (x 132B)
Class org.objectweb.asm.SymbolTable$Entry                                             : loaded 2 times (x 75B)
Class org.jetbrains.kotlin.cli.common.arguments.Freezable                             : loaded 2 times (x 74B)
Class Native_plugin_loader_gradle                                                     : loaded 2 times (x 128B)
Class jdk.internal.jimage.ImageStringsReader                                          : loaded 2 times (x 82B)
Class org.jetbrains.kotlin.gradle.dsl.PlatformSourceSetConventionsChecker$runChecks$3 : loaded 2 times (x 80B)
Class org.jetbrains.kotlin.konan.target.KonanTarget$ANDROID_X86                       : loaded 2 times (x 80B)
Class org.jetbrains.kotlin.gradle.plugin.RegisterKotlinPluginExtensionsKt             : loaded 2 times (x 73B)
Class org.jetbrains.kotlin.gradle.utils.CompilerOptionsKt$configureExperimentalTryNext$1$1: loaded 2 times (x 80B)
Class org.jetbrains.kotlin.gradle.utils.CompilerOptionsKt                             : loaded 2 times (x 73B)
Class org.jetbrains.kotlin.gradle.plugin.PropertiesProvider$Companion                 : loaded 2 times (x 73B)
Class org.jetbrains.kotlin.gradle.utils.SingleAction                                  : loaded 2 times (x 75B)
Class org.objectweb.asm.Edge                                                          : loaded 2 times (x 74B)
Class com.google.common.base.Suppliers$SupplierOfInstance                             : loaded 2 times (x 81B)
Class com.google.common.collect.Iterators$1                                           : loaded 2 times (x 83B)
Class org.apache.commons.compress.utils.ByteUtils                                     : loaded 2 times (x 73B)
Class org.jetbrains.kotlin.gradle.dsl.PlatformSourceSetConventionsChecker$runChecks$4 : loaded 2 times (x 80B)
Class org.jetbrains.kotlin.gradle.plugin.diagnostics.checkers.JsLikeEnvironmentChecker$runChecks$1: loaded 2 times (x 89B)
Class org.jetbrains.kotlin.gradle.plugin.diagnostics.UsesKotlinToolingDiagnostics     : loaded 2 times (x 72B)
Class org.jetbrains.kotlin.gradle.plugin.diagnostics.checkers.KonanHomeConflictDeclarationChecker: loaded 2 times (x 76B)
Class org.jetbrains.kotlin.gradle.plugin.diagnostics.KotlinToolingDiagnostics$WasmJsEnvironmentNotChosenExplicitly: loaded 2 times (x 75B)
Class org.jetbrains.kotlin.gradle.dsl.abi.AbiFilterSetSpec                            : loaded 2 times (x 72B)
Class org.jetbrains.kotlin.statistics.metrics.BooleanAnonymizationPolicy$SAFE         : loaded 2 times (x 87B)
Class com.google.common.cache.LocalCache$ComputingValueReference                      : loaded 2 times (x 98B)
Class com.google.common.collect.SingletonImmutableSet                                 : loaded 2 times (x 148B)
Class com.google.common.collect.ImmutableMap$IteratorBasedImmutableMap                : loaded 2 times (x 128B)
Class jdk.internal.jimage.ImageReader                                                 : loaded 2 times (x 77B)
Class org.jetbrains.kotlin.konan.target.KonanTarget$TVOS_SIMULATOR_ARM64              : loaded 2 times (x 80B)
Class org.jetbrains.kotlin.gradle.plugin.KotlinPluginLifecycle$Stage$Companion        : loaded 2 times (x 73B)
Class org.jetbrains.kotlin.gradle.plugin.diagnostics.checkers.DeprecatedKotlinNativeTargetsChecker: loaded 2 times (x 76B)
Class org.jetbrains.kotlin.gradle.targets.jvm.KotlinJvmCompilationWireJavaSourcesSideEffectKt$KotlinJvmCompilationWireJavaSourcesSideEffect$1: loaded 2 times (x 76B)
Class org.jetbrains.kotlin.gradle.targets.native.ConfigureFrameworkExportSideEffectKt$special$$inlined$KotlinTargetSideEffect$1: loaded 2 times (x 76B)
Class org.jetbrains.kotlin.tooling.core.AbstractExtras                                : loaded 2 times (x 143B)
Class org.jetbrains.kotlin.konan.target.KonanTarget$Companion                         : loaded 2 times (x 73B)
Class org.jetbrains.kotlin.gradle.fus.BuildUidService$Companion$registerIfAbsent$1    : loaded 2 times (x 76B)
Class org.jetbrains.kotlin.gradle.internal.diagnostics.AgpCompatibilityCheck$AndroidGradlePluginVersionProvider: loaded 2 times (x 72B)
Class com.google.common.cache.LocalCache$Segment                                      : loaded 2 times (x 155B)
Class Native_plugin_loader_gradle$NativePluginLoader$Companion                        : loaded 2 times (x 73B)
Class jdk.internal.jimage.ImageReader$SharedImageReader                               : loaded 2 times (x 97B)
Class com.google.common.collect.SortedIterable                                        : loaded 2 times (x 72B)
Class org.jetbrains.kotlin.gradle.dsl.PlatformSourceSetConventionsChecker$runChecks$6 : loaded 2 times (x 89B)
Class org.jetbrains.kotlin.gradle.plugin.sources.DefaultKotlinSourceSet_Decorated     : loaded 2 times (x 187B)
Class org.jetbrains.kotlin.gradle.plugin.mpp.KotlinCompilationsKt                     : loaded 2 times (x 73B)
Class org.jetbrains.kotlin.gradle.dsl.abi.AbiValidationVariantSpec                    : loaded 2 times (x 72B)
Class org.jetbrains.kotlin.gradle.targets.native.KonanPropertiesBuildService$Companion: loaded 2 times (x 73B)
Class org.jetbrains.kotlin.statistics.metrics.StringOverridePolicy                    : loaded 2 times (x 87B)
Class org.jetbrains.kotlin.gradle.plugin.statistics.DefaultKotlinBuildStatsBeanService: loaded 2 times (x 94B)
Class org.jetbrains.kotlin.gradle.utils.GradleUtilsKt$registerClassLoaderScopedBuildService$1: loaded 2 times (x 76B)
Class org.jetbrains.kotlin.gradle.internal.diagnostics.AgpCompatibilityCheck$AndroidGradlePluginVersionProvider$Default: loaded 2 times (x 76B)
Class com.google.common.collect.AbstractListMultimap                                  : loaded 2 times (x 173B)
Class [Lorg.objectweb.asm.SymbolTable$Entry;                                          : loaded 2 times (x 71B)
Class com.google.common.cache.CacheLoader                                             : loaded 2 times (x 76B)
Class com.google.common.collect.Iterators$4                                           : loaded 2 times (x 84B)
Class com.google.common.collect.ImmutableBiMap                                        : loaded 2 times (x 145B)
Class org.gradle.api.internal.classpath.ModuleRegistry                                : loaded 2 times (x 72B)
Class org.gradle.internal.installation.GradleInstallation$1                           : loaded 2 times (x 77B)
Class jdk.internal.jimage.decompressor.ResourceDecompressorFactory                    : loaded 2 times (x 76B)
Class org.apache.commons.io.output.NullWriter                                         : loaded 2 times (x 101B)
Class org.jetbrains.kotlin.gradle.internal.KotlinDependenciesManagementKt$configureDefaultVersionsResolutionStrategy$1: loaded 2 times (x 77B)
Class org.jetbrains.kotlin.gradle.internal.StdlibDependencyManagementKt$configureStdlibDefaultDependency$1: loaded 2 times (x 81B)
Class org.jetbrains.kotlin.gradle.plugin.mpp.compilationImpl.KotlinCreateResourcesTaskSideEffectKt: loaded 2 times (x 73B)
Class org.jetbrains.kotlin.gradle.plugin.mpp.KotlinUsages                             : loaded 2 times (x 73B)
Class org.jetbrains.kotlin.gradle.utils.ConfigurationCacheOpaqueValue                 : loaded 2 times (x 74B)
Class org.jetbrains.kotlin.gradle.internal.properties.NativePropertiesLoader$Companion: loaded 2 times (x 73B)
Class org.jetbrains.kotlin.gradle.plugin.statistics.KotlinBuildStatsBeanService$Companion: loaded 2 times (x 73B)
Class org.jetbrains.kotlin.gradle.plugin.statistics.BuildFusService$Companion         : loaded 2 times (x 73B)
Class com.google.common.collect.ImmutableSet$JdkBackedSetBuilderImpl                  : loaded 2 times (x 78B)
Class com.google.common.util.concurrent.internal.InternalFutureFailureAccess          : loaded 2 times (x 74B)
Class com.google.common.collect.Iterators$5                                           : loaded 2 times (x 84B)
Class org.apache.commons.compress.archivers.zip.X0017_StrongEncryptionHeader          : loaded 2 times (x 97B)
Class org.apache.commons.io.input.ProxyInputStream                                    : loaded 2 times (x 98B)
Class kotlinx.coroutines.Job$Key                                                      : loaded 2 times (x 73B)
Class org.jetbrains.kotlin.konan.target.KonanTarget$WATCHOS_SIMULATOR_ARM64           : loaded 2 times (x 80B)
Class org.jetbrains.kotlin.gradle.targets.js.ir.KotlinJsIrTarget                      : loaded 2 times (x 249B)
Class org.jetbrains.kotlin.gradle.plugin.mpp.DefaultKotlinUsageContext                : loaded 2 times (x 95B)
Class org.jetbrains.kotlin.gradle.plugin.KotlinPluginLifecycleImpl$start$3            : loaded 2 times (x 81B)
Class org.jetbrains.kotlin.gradle.dsl.KotlinJvmExtension                              : loaded 2 times (x 72B)
Class org.jetbrains.kotlin.gradle.plugin.KotlinMultiplatformPluginWrapper             : loaded 2 times (x 88B)
Class org.jetbrains.kotlin.gradle.dsl.abi.AbiFilterSetSpec_Decorated                  : loaded 2 times (x 135B)
Class [Lorg.jetbrains.kotlin.statistics.metrics.BooleanMetrics;                       : loaded 2 times (x 71B)
Class org.jetbrains.kotlin.gradle.fus.internal.CiUtilKt                               : loaded 2 times (x 73B)
Class org.jetbrains.kotlin.gradle.utils.Completable$await$1                           : loaded 2 times (x 89B)
Class com.google.common.cache.LocalCache$LocalManualCache$1                           : loaded 2 times (x 77B)
Class com.google.common.base.CharMatcher$ForPredicate                                 : loaded 2 times (x 114B)
Class jdk.internal.jimage.ImageReader$Node                                            : loaded 2 times (x 86B)
Class org.apache.commons.compress.archivers.zip.ZipArchiveEntry                       : loaded 2 times (x 161B)
Class org.jetbrains.kotlin.gradle.internal.StdlibDependencyManagementKt$addStdlibDependency$1: loaded 2 times (x 77B)
Class [Lorg.jetbrains.kotlin.gradle.plugin.KotlinPluginLifecycle$CoroutineStart;      : loaded 2 times (x 71B)
Class org.jetbrains.kotlin.gradle.dsl.IosSourceSetConventionChecker                   : loaded 2 times (x 76B)
Class org.jetbrains.kotlin.gradle.plugin.diagnostics.KotlinGradleProjectChecker       : loaded 2 times (x 72B)
Class org.jetbrains.kotlin.gradle.plugin.sources.KotlinSourceSetFactory$Companion     : loaded 2 times (x 73B)
Class org.jetbrains.kotlin.gradle.dsl.KotlinMultiplatformSourceSetConventions         : loaded 2 times (x 72B)
Class org.jetbrains.kotlin.statistics.metrics.NumberOverridePolicy$SUM                : loaded 2 times (x 87B)
Class com.google.common.base.CharMatcher$AnyOf                                        : loaded 2 times (x 114B)
Class com.google.common.collect.ImmutableCollection                                   : loaded 2 times (x 127B)
Class org.gradle.api.internal.classpath.DefaultModuleRegistry                         : loaded 2 times (x 88B)
Class jdk.internal.jimage.BasicImageReader$1                                          : loaded 2 times (x 79B)
Class kotlinx.coroutines.EventLoop                                                    : loaded 2 times (x 107B)
Class org.jetbrains.kotlin.gradle.plugin.diagnostics.KotlinToolingDiagnosticsSetupActionKt$KotlinToolingDiagnosticsSetupAction$1$reporterProvider$1: loaded 2 times (x 76B)
Class org.jetbrains.kotlin.gradle.targets.native.internal.CInteropConfigurationsKt    : loaded 2 times (x 73B)
Class org.jetbrains.kotlin.statistics.metrics.StatisticsValuesConsumer                : loaded 2 times (x 72B)
Class org.jetbrains.kotlin.gradle.plugin.AndroidGradlePluginVersion$Companion         : loaded 2 times (x 73B)
Class com.google.common.collect.Lists                                                 : loaded 2 times (x 73B)
Class com.google.common.util.concurrent.ListenableFuture                              : loaded 2 times (x 72B)
Class com.google.common.cache.ReferenceEntry                                          : loaded 2 times (x 72B)
Class com.google.common.base.Converter                                                : loaded 2 times (x 92B)
Class com.google.common.collect.ImmutableSet$CachingAsList                            : loaded 2 times (x 150B)
Class org.jetbrains.kotlin.build.report.metrics.GradleBuildTime$Companion             : loaded 2 times (x 73B)
Class com.google.common.hash.HashFunction                                             : loaded 2 times (x 72B)
Class org.jetbrains.kotlin.gradle.plugin.diagnostics.KotlinToolingDiagnosticsSetupActionKt$KotlinToolingDiagnosticsSetupAction$1$reporterProvider$2: loaded 2 times (x 77B)
Class [Lorg.jetbrains.kotlin.tooling.core.HasMutableExtras;                           : loaded 2 times (x 71B)
Class org.jetbrains.kotlin.gradle.plugin.diagnostics.checkers.GradleDeprecatedPropertyChecker: loaded 2 times (x 76B)
Class org.jetbrains.kotlin.gradle.artifacts.KotlinJsKlibArtifactKt$KotlinJsKlibArtifact$1: loaded 2 times (x 76B)
Class org.jetbrains.kotlin.gradle.targets.CreateTargetConfigurationsSideEffectKt      : loaded 2 times (x 73B)
Class org.jetbrains.kotlin.gradle.plugin.mpp.ApplyUserDefinedAttributesKt$UserDefinedAttributesSetupAction$1: loaded 2 times (x 97B)
Class org.jetbrains.kotlin.gradle.plugin.mpp.KotlinAndroidTarget                      : loaded 2 times (x 158B)
Class org.jetbrains.kotlin.gradle.plugin.DefaultKotlinBasePlugin$addKotlinCompilerConfiguration$1: loaded 2 times (x 77B)
Class org.jetbrains.kotlin.gradle.plugin.statistics.NonSynchronizedMetricsContainer   : loaded 2 times (x 84B)
Class org.jetbrains.kotlin.gradle.plugin.internal.DefaultCompatibilityConventionRegistrar: loaded 2 times (x 76B)
Class org.jetbrains.kotlin.gradle.plugin.PropertiesProvider                           : loaded 2 times (x 75B)
Class com.google.common.collect.AbstractMapBasedMultimap                              : loaded 2 times (x 140B)
Class com.google.common.util.concurrent.AbstractFuture                                : loaded 2 times (x 108B)
Class com.google.common.base.FunctionalEquivalence                                    : loaded 2 times (x 85B)
Class com.google.common.collect.Iterators$9                                           : loaded 2 times (x 83B)
Class com.google.common.collect.ImmutableAsList                                       : loaded 2 times (x 211B)
Class org.apache.commons.compress.archivers.zip.UnixStat                              : loaded 2 times (x 72B)
Class com.google.common.io.CharStreams                                                : loaded 2 times (x 73B)
Class com.google.common.hash.HashCode                                                 : loaded 2 times (x 82B)
Class org.jetbrains.kotlin.gradle.plugin.KotlinCompilationToRunnableFiles             : loaded 2 times (x 72B)
Class org.jetbrains.kotlin.gradle.tooling.BuildKotlinToolingMetadataTaskKt            : loaded 2 times (x 73B)
Class org.jetbrains.kotlin.gradle.plugin.ProjectLocalConfigurations$setupAttributesMatchingStrategy$1$1: loaded 2 times (x 76B)
Class org.jetbrains.kotlin.konan.target.TargetSupportException                        : loaded 2 times (x 84B)
Class org.jetbrains.kotlin.gradle.internal.IsInIdeaEnvironmentValueSource             : loaded 2 times (x 82B)
Class org.jetbrains.kotlin.gradle.targets.native.toolchain.KotlinNativeBundleBuildService$Companion$registerIfAbsent$2$1$1: loaded 2 times (x 77B)
Class org.jetbrains.kotlin.statistics.BuildSessionLogger$Companion                    : loaded 2 times (x 73B)
Class org.jetbrains.kotlin.gradle.plugin.diagnostics.ProblemsReporter$Factory         : loaded 2 times (x 72B)
Class org.objectweb.asm.RecordComponentVisitor                                        : loaded 2 times (x 79B)
Class com.google.common.cache.CacheLoader$SupplierToCacheLoader                       : loaded 2 times (x 77B)
Class jdk.internal.jimage.decompressor.Decompressor                                   : loaded 2 times (x 74B)
Class kotlinx.coroutines.scheduling.TasksKt                                           : loaded 2 times (x 73B)
Class kotlinx.coroutines.internal.SystemPropsKt__SystemPropsKt                        : loaded 2 times (x 73B)
Class kotlinx.coroutines.ChildJob                                                     : loaded 2 times (x 72B)
Class com.google.common.collect.UsingToStringOrdering                                 : loaded 2 times (x 116B)
Class org.jetbrains.kotlin.gradle.plugin.KotlinPluginLifecycleCoroutineContextElement$Key: loaded 2 times (x 73B)
Class org.jetbrains.kotlin.gradle.plugin.diagnostics.KotlinToolingDiagnosticsSetupActionKt$KotlinToolingDiagnosticsSetupAction$1: loaded 2 times (x 76B)
Class org.jetbrains.kotlin.gradle.tasks.abi.KotlinLegacyAbiCheckTask                  : loaded 2 times (x 72B)
Class org.jetbrains.kotlin.gradle.dsl.KotlinProjectExtensionKt                        : loaded 2 times (x 73B)
Class org.jetbrains.kotlin.gradle.internal.ClassLoadersCachingBuildService$Companion$registerIfAbsent$1: loaded 2 times (x 77B)
Class org.jetbrains.kotlin.gradle.plugin.UsesKotlinGradleBuildServices                : loaded 2 times (x 72B)
Class org.jetbrains.kotlin.gradle.plugin.KotlinGradleBuildServices$Parameters_Decorated: loaded 2 times (x 132B)
Class org.jetbrains.kotlin.gradle.plugin.DefaultKotlinBasePlugin$addKotlinCompilerConfiguration$3: loaded 2 times (x 81B)
Class [Lorg.jetbrains.kotlin.statistics.metrics.IMetricContainerFactory;              : loaded 2 times (x 71B)
Class org.jetbrains.kotlin.gradle.internal.IdeaKt                                     : loaded 2 times (x 73B)
Class org.gradle.internal.service.ServiceLookupException                              : loaded 2 times (x 84B)
Class kotlinx.coroutines.ChildHandleNode                                              : loaded 2 times (x 92B)
Class com.google.common.hash.AbstractByteHasher                                       : loaded 2 times (x 149B)
Class kotlinx.coroutines.scheduling.SchedulerCoroutineDispatcher                      : loaded 2 times (x 110B)
Class com.google.common.collect.ImmutableSortedSet                                    : loaded 2 times (x 302B)
Class org.jetbrains.kotlin.gradle.targets.js.npm.NpmDirectoryDependencyExtension      : loaded 2 times (x 72B)
Class org.jetbrains.kotlin.gradle.plugin.mpp.KotlinUsageContext$MavenScope            : loaded 2 times (x 81B)
Class org.jetbrains.kotlin.gradle.plugin.KotlinProjectSetupAction$Companion           : loaded 2 times (x 73B)
Class org.jetbrains.kotlin.konan.target.HostManager                                   : loaded 2 times (x 74B)
Class org.jetbrains.kotlin.gradle.internal.IsInIdeaEnvironmentValueSource$Inject_     : loaded 2 times (x 102B)
Class [Lcom.google.common.cache.LocalCache$EntryFactory;                              : loaded 2 times (x 71B)
Class org.gradle.internal.classloader.ClassLoaderFactory                              : loaded 2 times (x 72B)
Class org.apache.commons.io.CloseableURLConnection                                    : loaded 2 times (x 118B)
Class com.google.common.base.CommonPattern                                            : loaded 2 times (x 76B)
Class org.jetbrains.kotlin.gradle.plugin.sources.AbstractKotlinSourceSet              : loaded 2 times (x 141B)
Class org.jetbrains.kotlin.gradle.tooling.BuildKotlinToolingMetadataTaskKt$RegisterBuildKotlinToolingMetadataTask$1: loaded 2 times (x 76B)
Class org.jetbrains.kotlin.compilerRunner.GradleCliCommonizerKt$maybeCreateCommonizerClasspathConfiguration$1$1: loaded 2 times (x 77B)
Class [Lorg.jetbrains.kotlin.build.report.metrics.ValueType;                          : loaded 2 times (x 71B)
Class org.jetbrains.kotlin.gradle.internal.diagnostics.AgpCompatibilityCheck          : loaded 2 times (x 73B)
Class com.google.common.cache.LocalCache$LocalManualCache                             : loaded 2 times (x 101B)
Class com.google.common.base.CharMatcher$IsNot                                        : loaded 2 times (x 113B)
Class org.gradle.internal.service.CachingServiceLocator                               : loaded 2 times (x 84B)
Class org.apache.commons.compress.archivers.zip.ExtraFieldParsingBehavior             : loaded 2 times (x 72B)
Class com.google.common.collect.AbstractMapBasedMultimap$KeySet                       : loaded 2 times (x 139B)
Class com.google.common.collect.RegularImmutableSortedSet                             : loaded 2 times (x 302B)
Class org.jetbrains.kotlin.gradle.plugin.diagnostics.checkers.OverriddenKotlinNativeHomeChecker$StdlibExistenceCheckerValueSource$Params_Decorated: loaded 2 times (x 132B)
Class org.jetbrains.kotlin.project.model.LanguageSettings                             : loaded 2 times (x 72B)
Class org.jetbrains.kotlin.gradle.plugin.KotlinPluginLifecycleKt$kotlinPluginLifecycle$2: loaded 2 times (x 80B)
Class org.jetbrains.kotlin.gradle.targets.native.KonanPropertiesBuildService$Parameters: loaded 2 times (x 72B)
Class org.jetbrains.kotlin.gradle.plugin.statistics.BuildFusService$Companion$registerIfAbsent$1$1: loaded 2 times (x 81B)
Class org.jetbrains.kotlin.gradle.internal.IsInIdeaSyncValueSource$Inject_            : loaded 2 times (x 111B)
Class org.jetbrains.kotlin.gradle.plugin.internal.CompatibilityConventionRegistrar$Factory: loaded 2 times (x 72B)
Class com.google.common.math.IntMath                                                  : loaded 2 times (x 73B)
Class [Lorg.apache.commons.compress.archivers.zip.ZipExtraField;                      : loaded 2 times (x 71B)
Class kotlinx.coroutines.BlockingEventLoop                                            : loaded 2 times (x 119B)
Class kotlinx.coroutines.ThreadLocalEventLoop                                         : loaded 2 times (x 73B)
Class org.jetbrains.kotlin.gradle.internal.KotlinTestDependencyManagementKt$configureKotlinTestDependency$2: loaded 2 times (x 81B)
Class org.jetbrains.kotlin.gradle.dsl.PlatformSourceSetConventionsChecker$runChecks$$inlined$CheckedPlatformInfo$default$1: loaded 2 times (x 80B)
Class [Lorg.jetbrains.kotlin.gradle.plugin.KotlinPluginLifecycle$Stage;               : loaded 2 times (x 71B)
Class org.jetbrains.kotlin.gradle.artifacts.KotlinTargetArtifact$Companion            : loaded 2 times (x 73B)
Class org.jetbrains.kotlin.gradle.plugin.mpp.compilationImpl.KotlinCreateLifecycleTasksSideEffectKt$KotlinCreateLifecycleTasksSideEffect$1: loaded 2 times (x 76B)
Class org.jetbrains.kotlin.gradle.dsl.KotlinGradlePluginDsl                           : loaded 2 times (x 72B)
Class org.jetbrains.kotlin.tooling.core.MutableExtras                                 : loaded 2 times (x 72B)
Class org.jetbrains.kotlin.gradle.plugin.KotlinGradleBuildServices$detectKotlinPluginLoadedInMultipleProjects$onRegister$1: loaded 2 times (x 81B)
Class org.jetbrains.kotlin.gradle.plugin.BuildFinishAndConfigurationTimeMetricsFlowAction$Parameters_Decorated: loaded 2 times (x 138B)
Class org.jetbrains.kotlin.gradle.plugin.BuildFinishAndConfigurationTimeMetricsFlowAction$Parameters: loaded 2 times (x 72B)
Class org.objectweb.asm.commons.InstructionAdapter                                    : loaded 2 times (x 190B)
Class com.google.common.collect.ImmutableMapEntry                                     : loaded 2 times (x 87B)
Class org.jetbrains.kotlin.build.report.metrics.BuildTime                             : loaded 2 times (x 72B)
Class org.apache.commons.compress.archivers.zip.X0019_EncryptionRecipientCertificateList: loaded 2 times (x 92B)
Class com.google.common.base.Predicates                                               : loaded 2 times (x 73B)
Class kotlinx.coroutines.CompletionStateKt                                            : loaded 2 times (x 73B)
Class org.jetbrains.kotlin.gradle.plugin.mpp.compilationImpl.KotlinCreateNativeCompileTasksSideEffectKt$special$$inlined$KotlinCompilationSideEffect$1: loaded 2 times (x 76B)
Class org.jetbrains.kotlin.gradle.targets.KotlinTargetSideEffect$Companion            : loaded 2 times (x 73B)
Class org.jetbrains.kotlin.gradle.dsl.KotlinSingleJavaTargetExtension                 : loaded 2 times (x 132B)
Class org.jetbrains.kotlin.gradle.plugin.KotlinPluginLifecycle$IllegalLifecycleException: loaded 2 times (x 84B)
Class org.jetbrains.kotlin.gradle.internal.properties.NativePropertiesLoader$userProvidedNativeHome$1: loaded 2 times (x 77B)
Class org.jetbrains.kotlin.gradle.plugin.KotlinGradleFinishBuildHandler               : loaded 2 times (x 74B)
Class org.jetbrains.kotlin.statistics.metrics.StringOverridePolicy$CONCAT             : loaded 2 times (x 87B)
Class org.jetbrains.kotlin.gradle.dsl.KotlinTopLevelExtension                         : loaded 2 times (x 72B)
Class com.google.common.base.Equivalence                                              : loaded 2 times (x 84B)
Class com.google.common.base.Function                                                 : loaded 2 times (x 72B)
Class com.google.common.collect.ImmutableMapEntry$NonTerminalImmutableMapEntry        : loaded 2 times (x 87B)
Class org.apache.commons.io.output.AbstractByteArrayOutputStream                      : loaded 2 times (x 104B)
Class com.google.common.collect.IndexedImmutableSet$1                                 : loaded 2 times (x 215B)
Class com.google.common.hash.Hashing                                                  : loaded 2 times (x 73B)
Class kotlinx.coroutines.CoroutineDispatcher                                          : loaded 2 times (x 102B)
Class org.jetbrains.kotlin.gradle.internal.KotlinDomApiDependencyManagementKt$addKotlinDomApiDependency$1: loaded 2 times (x 77B)
Class org.jetbrains.kotlin.gradle.plugin.diagnostics.checkers.KotlinTargetAlreadyDeclaredChecker$runChecks$1: loaded 2 times (x 89B)
Class org.jetbrains.kotlin.gradle.plugin.mpp.KotlinTargetWithBinaries                 : loaded 2 times (x 156B)
Class [Lorg.jetbrains.kotlin.gradle.plugin.KotlinSourceSet;                           : loaded 2 times (x 71B)
Class org.jetbrains.kotlin.gradle.plugin.diagnostics.checkers.JsEnvironmentChecker$1  : loaded 2 times (x 80B)
Class org.jetbrains.kotlin.gradle.plugin.diagnostics.KotlinToolingDiagnostics$JsLikeEnvironmentNotChosenExplicitly: loaded 2 times (x 75B)
Class org.jetbrains.kotlin.gradle.utils.StoredLazyProperty$getValue$1                 : loaded 2 times (x 81B)
Class org.jetbrains.kotlin.statistics.metrics.IMetricContainerFactory                 : loaded 2 times (x 72B)
Class org.jetbrains.kotlin.statistics.MetricValueValidationFailed                     : loaded 2 times (x 84B)
Class org.jetbrains.kotlin.gradle.plugin.PropertiesProvider$localProperties$2         : loaded 2 times (x 81B)
Class com.google.common.cache.CacheBuilder$OneWeigher                                 : loaded 2 times (x 84B)
Class com.google.common.collect.RegularImmutableList                                  : loaded 2 times (x 215B)
Class jdk.internal.jimage.ImageBufferCache                                            : loaded 2 times (x 73B)
Class jdk.internal.jrtfs.JrtPath                                                      : loaded 2 times (x 124B)
Class org.jetbrains.kotlin.gradle.targets.js.npm.SemVer                               : loaded 2 times (x 77B)
Class org.jetbrains.kotlin.gradle.internal.properties.NativePropertiesLoader$konanDataDirProperty$1$1: loaded 2 times (x 76B)
Class org.jetbrains.kotlin.gradle.plugin.diagnostics.checkers.JsEnvironmentChecker$2  : loaded 2 times (x 80B)
Class org.jetbrains.kotlin.gradle.utils.WhenPluginEnabledKt$whenPluginsEnabled$1      : loaded 2 times (x 77B)
Class org.jetbrains.kotlin.gradle.tasks.AbstractKotlinCompileTool                     : loaded 2 times (x 366B)
Class org.jetbrains.kotlin.gradle.plugin.statistics.FlowActionBuildFusService$Companion$registerIfAbsentImpl$1$1: loaded 2 times (x 76B)
Class [Lorg.jetbrains.kotlin.gradle.report.BuildReportType;                           : loaded 2 times (x 71B)
Class org.jetbrains.kotlin.gradle.plugin.statistics.KotlinBuildStatsConfiguration     : loaded 2 times (x 74B)
Class org.jetbrains.kotlin.gradle.internal.properties.PropertiesBuildService$localProperties$2: loaded 2 times (x 81B)
Class org.gradle.internal.classloader.ClasspathUtil                                   : loaded 2 times (x 73B)
Class org.apache.commons.compress.archivers.zip.PKWareExtraHeader                     : loaded 2 times (x 92B)
Class org.apache.commons.compress.archivers.zip.ZipArchiveEntry$NameSource            : loaded 2 times (x 81B)
Class kotlinx.coroutines.NonDisposableHandle                                          : loaded 2 times (x 80B)
Class org.jetbrains.kotlin.gradle.plugin.diagnostics.checkers.InternalGradlePropertiesUsageChecker$runChecks$1: loaded 2 times (x 89B)
Class org.jetbrains.kotlin.gradle.utils.StringUtilsKt$lowerCamelCaseName$1            : loaded 2 times (x 127B)
Class org.jetbrains.kotlin.gradle.plugin.diagnostics.checkers.JsEnvironmentChecker$3  : loaded 2 times (x 80B)
Class org.jetbrains.kotlin.gradle.dsl.JvmTarget$Companion                             : loaded 2 times (x 73B)
Class org.jetbrains.kotlin.gradle.internal.properties.NativePropertiesLoader$downloadFromMaven$1: loaded 2 times (x 77B)
Class org.jetbrains.kotlin.gradle.plugin.internal.DefaultConfigurationCacheStartParameterAccessor_Decorated: loaded 2 times (x 123B)
Class org.jetbrains.kotlin.gradle.plugin.internal.DefaultConfigurationCacheStartParameterAccessor: loaded 2 times (x 79B)
Class org.jetbrains.kotlin.tooling.core.HasExtras                                     : loaded 2 times (x 72B)
Class com.google.common.util.concurrent.Uninterruptibles                              : loaded 2 times (x 73B)
Class org.jetbrains.kotlin.gradle.targets.js.npm.DevNpmDependencyExtension            : loaded 2 times (x 72B)
Class org.jetbrains.kotlin.gradle.plugin.diagnostics.checkers.PreHmppDependenciesUsageChecker: loaded 2 times (x 76B)
Class org.jetbrains.kotlin.gradle.targets.CreateArtifactsSideEffectKt                 : loaded 2 times (x 73B)
Class org.jetbrains.kotlin.gradle.plugin.AbstractKotlinMultiplatformPluginWrapper     : loaded 2 times (x 88B)
Class org.jetbrains.kotlin.konan.target.HostManager$Companion                         : loaded 2 times (x 73B)
Class org.jetbrains.kotlin.gradle.utils.GradleConfigurationUtilsKt$addGradlePluginMetadataAttributes$1: loaded 2 times (x 77B)
Class org.jetbrains.kotlin.gradle.plugin.internal.DefaultProjectIsolationStartParameterAccessor: loaded 2 times (x 79B)
Class org.jetbrains.kotlin.gradle.dsl.KotlinAndroidExtension                          : loaded 2 times (x 72B)
Class com.google.common.util.concurrent.LazyLogger                                    : loaded 2 times (x 74B)
Class com.google.common.collect.Maps                                                  : loaded 2 times (x 73B)
Class org.gradle.api.specs.Spec                                                       : loaded 2 times (x 72B)
Class org.jetbrains.kotlin.gradle.tooling.BuildKotlinToolingMetadataTask              : loaded 2 times (x 316B)
Class org.jetbrains.kotlin.gradle.plugin.internal.CompatibilityConventionRegistrarKt  : loaded 2 times (x 73B)
Class org.jetbrains.kotlin.konan.target.UtilsKt                                       : loaded 2 times (x 73B)
Class org.jetbrains.kotlin.gradle.artifacts.KotlinJvmJarArtifactKt                    : loaded 2 times (x 73B)
Class org.jetbrains.kotlin.gradle.plugin.mpp.compilationImpl.CreateCInteropTasksSideEffectKt$special$$inlined$KotlinCompilationSideEffect$1: loaded 2 times (x 76B)
Class org.jetbrains.kotlin.gradle.plugin.statistics.FinalizeConfigurationFusMetricActionKt: loaded 2 times (x 73B)
Class org.jetbrains.kotlin.gradle.targets.native.toolchain.KotlinNativeBundleBuildService$Companion$registerIfAbsent$2$1: loaded 2 times (x 81B)
Class org.jetbrains.kotlin.gradle.plugin.statistics.KotlinBuildStatsBeanService       : loaded 2 times (x 89B)
Class org.jetbrains.kotlin.gradle.plugin.internal.MavenPublicationComponentAccessor$Factory: loaded 2 times (x 72B)
Class [Lcom.google.common.collect.ImmutableEntry;                                     : loaded 2 times (x 71B)
Class org.apache.commons.compress.archivers.zip.FileRandomAccessOutputStream          : loaded 2 times (x 92B)
Class kotlinx.coroutines.CoroutineContextKt                                           : loaded 2 times (x 73B)
Class org.jetbrains.kotlin.gradle.internal.properties.NativeProperties$Companion      : loaded 2 times (x 73B)
Class org.jetbrains.kotlin.gradle.utils.StringUtilsKt                                 : loaded 2 times (x 73B)
Class org.jetbrains.kotlin.gradle.targets.ConfigureBuildSideEffectKt$ConfigureBuildSideEffect$1: loaded 2 times (x 76B)
Class org.jetbrains.kotlin.gradle.utils.CompletableFuture                             : loaded 2 times (x 72B)
Class org.jetbrains.kotlin.gradle.plugin.diagnostics.DiagnosticGroup$Kgp$Misconfiguration: loaded 2 times (x 84B)
Class org.jetbrains.kotlin.build.report.metrics.BuildPerformanceMetric                : loaded 2 times (x 74B)
Class [Lorg.jetbrains.kotlin.statistics.metrics.StringOverridePolicy;                 : loaded 2 times (x 71B)
Class org.jetbrains.kotlin.gradle.plugin.internal.JavaExecTaskParametersCompatibility : loaded 2 times (x 72B)
Class com.google.common.cache.LocalCache$LoadingValueReference                        : loaded 2 times (x 98B)
Class Build_gradle$1                                                                  : loaded 2 times (x 77B)
Class jdk.internal.jimage.decompressor.ResourceDecompressorRepository                 : loaded 2 times (x 73B)
Class com.google.common.io.LineReader$1                                               : loaded 2 times (x 77B)
Class kotlinx.coroutines.internal.DispatchedContinuation                              : loaded 2 times (x 91B)
Class kotlinx.coroutines.internal.Symbol                                              : loaded 2 times (x 74B)
Class com.google.common.base.Platform                                                 : loaded 2 times (x 73B)
Class org.jetbrains.kotlin.gradle.plugin.diagnostics.checkers.CommonMainOrTestWithDependsOnChecker: loaded 2 times (x 76B)
Class org.jetbrains.kotlin.gradle.artifacts.KotlinNativeHostSpecificMetadataArtifactKt: loaded 2 times (x 73B)
Class org.jetbrains.kotlin.gradle.plugin.mpp.compilationImpl.KotlinCreateLifecycleTasksSideEffectKt: loaded 2 times (x 73B)
Class org.jetbrains.kotlin.gradle.plugin.KotlinTarget                                 : loaded 2 times (x 72B)
Class org.jetbrains.kotlin.gradle.utils.ConfigurationsKt$createResolvable$1           : loaded 2 times (x 80B)
Class [Lorg.jetbrains.kotlin.statistics.metrics.BooleanAnonymizationPolicy;           : loaded 2 times (x 71B)
Class kotlinx.coroutines.internal.ResizableAtomicArray                                : loaded 2 times (x 74B)
Class jdk.internal.jimage.ImageReader$Directory                                       : loaded 2 times (x 86B)
Class [Lorg.apache.commons.compress.archivers.zip.ZipMethod;                          : loaded 2 times (x 71B)
Class com.google.common.collect.CompoundOrdering                                      : loaded 2 times (x 117B)
Class org.jetbrains.kotlin.gradle.artifacts.KotlinNativeKlibArtifactKt                : loaded 2 times (x 73B)
Class org.jetbrains.kotlin.gradle.plugin.ProjectLocalConfigurations                   : loaded 2 times (x 73B)
Class org.jetbrains.kotlin.gradle.plugin.mpp.KotlinUsages$KotlinUsagesDisambiguation  : loaded 2 times (x 78B)
Class org.jetbrains.kotlin.gradle.plugin.diagnostics.KotlinToolingDiagnosticsCollector$Parameter: loaded 2 times (x 72B)
Class org.jetbrains.kotlin.gradle.plugin.diagnostics.KotlinToolingDiagnosticsCollectorKt$kotlinToolingDiagnosticsCollectorProvider$1: loaded 2 times (x 77B)
Class org.jetbrains.kotlin.tooling.core.Extras$Key$Companion                          : loaded 2 times (x 73B)
Class org.jetbrains.kotlin.tooling.core.Extras$Key                                    : loaded 2 times (x 74B)
Class [Lorg.objectweb.asm.AnnotationWriter;                                           : loaded 2 times (x 71B)
Class com.google.common.collect.Maps$8                                                : loaded 2 times (x 84B)
Class Build_gradle$3                                                                  : loaded 2 times (x 76B)
Class kotlinx.coroutines.EventLoopKt                                                  : loaded 2 times (x 73B)
Class com.google.common.collect.ImmutableRangeSet$Builder                             : loaded 2 times (x 79B)
Class [Lcom.google.common.collect.Iterators$EmptyModifiableIterator;                  : loaded 2 times (x 71B)
Class org.jetbrains.kotlin.gradle.plugin.diagnostics.CheckKotlinGradlePluginConfigurationErrors: loaded 2 times (x 318B)
Class org.jetbrains.kotlin.gradle.plugin.sources.DefaultKotlinSourceSetKt             : loaded 2 times (x 73B)
Class org.jetbrains.kotlin.gradle.dsl.KotlinJvmOptions                                : loaded 2 times (x 72B)
Class org.jetbrains.kotlin.gradle.plugin.mpp.HierarchyAttributeContainer$1            : loaded 2 times (x 80B)
Class org.jetbrains.kotlin.gradle.plugin.KotlinPluginLifecycle                        : loaded 2 times (x 72B)
Class org.jetbrains.kotlin.gradle.plugin.KotlinJsPluginWrapper                        : loaded 2 times (x 88B)
Class org.jetbrains.kotlin.gradle.dsl.ToolchainSupport                                : loaded 2 times (x 72B)
Class org.jetbrains.kotlin.tooling.core.Extras                                        : loaded 2 times (x 72B)
Class org.jetbrains.kotlin.gradle.plugin.mpp.InternalKotlinTarget                     : loaded 2 times (x 72B)
Class org.jetbrains.kotlin.gradle.fus.BuildUidService$Inject_                         : loaded 2 times (x 102B)
Class org.jetbrains.kotlin.statistics.metrics.NumberAnonymizationPolicy$RANDOM_10_PERCENT: loaded 2 times (x 87B)
Class org.jetbrains.kotlin.statistics.metrics.StringMetrics                           : loaded 2 times (x 81B)
Class com.google.common.collect.Sets$SetView                                          : loaded 2 times (x 140B)
Class com.google.common.cache.LocalCache$StrongValueReference                         : loaded 2 times (x 92B)
Class org.apache.commons.compress.archivers.zip.UnicodeCommentExtraField              : loaded 2 times (x 95B)
Class org.jetbrains.kotlin.gradle.dsl.KotlinCommonCompilerOptionsHelper               : loaded 2 times (x 73B)
Class org.jetbrains.kotlin.gradle.plugin.KotlinJvmPlugin$Companion                    : loaded 2 times (x 73B)
Class org.jetbrains.kotlin.gradle.artifacts.KotlinMetadataArtifactKt                  : loaded 2 times (x 73B)
Class org.jetbrains.kotlin.gradle.targets.CreateArtifactsSideEffectKt$CreateArtifactsSideEffect$1: loaded 2 times (x 76B)
Class org.jetbrains.kotlin.gradle.plugin.diagnostics.KotlinToolingDiagnostics         : loaded 2 times (x 73B)
Class org.jetbrains.kotlin.gradle.internal.properties.PropertiesBuildService$property$1$valueFromGradleAndLocalProperties$1: loaded 2 times (x 77B)
Class org.jetbrains.kotlin.gradle.plugin.KotlinPluginWrapperKt$kotlinToolingVersion$2 : loaded 2 times (x 80B)
Class org.objectweb.asm.Type                                                          : loaded 2 times (x 74B)
Class org.gradle.internal.classloader.VisitableURLClassLoader$InstrumentingVisitableURLClassLoader: loaded 2 times (x 124B)
Class org.apache.commons.compress.archivers.zip.X0016_CertificateIdForCentralDirectory: loaded 2 times (x 94B)
Class kotlinx.coroutines.Job$DefaultImpls                                             : loaded 2 times (x 73B)
Class org.jetbrains.kotlin.gradle.utils.WhenEvaluatedKt$whenEvaluated$afterAndroidDispatchQueue$1$1$1: loaded 2 times (x 77B)
Class org.jetbrains.kotlin.gradle.plugin.mpp.KotlinNativeTarget                       : loaded 2 times (x 166B)
Class org.jetbrains.kotlin.gradle.plugin.diagnostics.checkers.KotlinSourceSetTreeDependsOnMismatchChecker$runChecks$1: loaded 2 times (x 89B)
Class org.jetbrains.kotlin.gradle.plugin.diagnostics.checkers.PreHmppDependenciesUsageChecker$runChecks$1: loaded 2 times (x 89B)
Class org.jetbrains.kotlin.gradle.utils.ProjectExtensionsKt                           : loaded 2 times (x 73B)
Class org.jetbrains.kotlin.gradle.plugin.KotlinSourceSetTree$Companion                : loaded 2 times (x 73B)
Class org.jetbrains.kotlin.konan.target.UtilsKt$evaluatePresetName$1                  : loaded 2 times (x 80B)
Class org.jetbrains.kotlin.gradle.plugin.diagnostics.KotlinGradleProjectChecker$Companion: loaded 2 times (x 73B)
Class org.jetbrains.kotlin.gradle.plugin.KotlinGradleBuildServices$Parameters         : loaded 2 times (x 72B)
Class org.jetbrains.kotlin.gradle.plugin.statistics.BuildFusService$Companion$registerIfAbsent$1$1$1: loaded 2 times (x 77B)
Class org.jetbrains.kotlin.statistics.fileloggers.MetricsContainer$Companion          : loaded 2 times (x 73B)
Class com.google.common.math.IntMath$1                                                : loaded 2 times (x 73B)
Class org.objectweb.asm.ByteVector                                                    : loaded 2 times (x 81B)
Class [Lcom.google.common.cache.CacheBuilder$NullListener;                            : loaded 2 times (x 71B)
Class org.gradle.internal.classloader.VisitableURLClassLoader$Spec                    : loaded 2 times (x 76B)
Class org.gradle.internal.classpath.DefaultClassPath                                  : loaded 2 times (x 92B)
Class jdk.internal.jimage.decompressor.ZipDecompressorFactory                         : loaded 2 times (x 76B)
Class [Lorg.jetbrains.kotlin.gradle.plugin.HasProject;                                : loaded 2 times (x 71B)
Class org.jetbrains.kotlin.gradle.utils.MutableObservableSetImpl                      : loaded 2 times (x 165B)
Class org.jetbrains.kotlin.gradle.tasks.KotlinTasksProvider                           : loaded 2 times (x 74B)
Class org.jetbrains.kotlin.gradle.dsl.DefaultToolchainSupport$wireToolchainToTasks$1  : loaded 2 times (x 77B)
Class org.jetbrains.kotlin.gradle.dsl.KotlinCommonCompilerOptions                     : loaded 2 times (x 72B)
Class org.jetbrains.kotlin.gradle.plugin.KotlinJsCompilerTypeHolder                   : loaded 2 times (x 72B)
Class org.jetbrains.kotlin.konan.target.Architecture                                  : loaded 2 times (x 81B)
Class org.jetbrains.kotlin.gradle.internal.properties.PropertiesBuildService$MemoizedCallable: loaded 2 times (x 77B)
Class org.jetbrains.kotlin.gradle.plugin.internal.DefaultMavenPublicationComponentAccessorFactory: loaded 2 times (x 78B)
Class org.objectweb.asm.Symbol                                                        : loaded 2 times (x 75B)
Class [Lorg.jetbrains.kotlin.build.report.metrics.GradleBuildTime;                    : loaded 2 times (x 71B)
Class [Lorg.apache.commons.compress.archivers.ArchiveEntry;                           : loaded 2 times (x 71B)
Class com.google.common.io.Java8Compatibility                                         : loaded 2 times (x 73B)
Class org.jetbrains.kotlin.gradle.plugin.KotlinSourceSet$Companion                    : loaded 2 times (x 73B)
Class org.jetbrains.kotlin.konan.target.KonanTarget$MACOS_X64                         : loaded 2 times (x 80B)
Class org.jetbrains.kotlin.konan.util.Named                                           : loaded 2 times (x 72B)
Class [Lorg.jetbrains.kotlin.gradle.report.BuildReportMode;                           : loaded 2 times (x 71B)
Class org.jetbrains.kotlin.statistics.metrics.BooleanOverridePolicy                   : loaded 2 times (x 87B)
Class org.jetbrains.kotlin.gradle.plugin.AbstractKotlinAndroidPluginWrapper           : loaded 2 times (x 88B)
Class com.google.common.base.CharMatcher$BitSetMatcher                                : loaded 2 times (x 114B)
Class com.google.common.collect.RegularImmutableMap$Values                            : loaded 2 times (x 209B)
Class com.google.common.collect.ImmutableSet                                          : loaded 2 times (x 147B)
Class org.gradle.internal.classloader.ClassLoaderSpec                                 : loaded 2 times (x 73B)
Class org.apache.commons.compress.archivers.zip.ZipEncoding                           : loaded 2 times (x 72B)
Class org.jetbrains.kotlin.gradle.internal.KotlinDependenciesManagementKt$configureDefaultVersionsResolutionStrategy$1$1: loaded 2 times (x 77B)
Class org.jetbrains.kotlin.gradle.utils.KotlinExtensionUtilsKt$forAllTargets$1        : loaded 2 times (x 97B)
Class org.jetbrains.kotlin.gradle.plugin.diagnostics.CheckKotlinGradlePluginConfigurationErrorsKt$locateOrRegisterCheckKotlinGradlePluginErrorsTask$taskProvider$1: loaded 2 times (x 77B)
Class org.jetbrains.kotlin.gradle.plugin.diagnostics.checkers.KmpPartiallyResolvedDependenciesChecker$runChecks$1: loaded 2 times (x 89B)
Class org.jetbrains.kotlin.gradle.plugin.diagnostics.checkers.OverriddenKotlinNativeHomeChecker$StdlibExistenceCheckerValueSource$Params: loaded 2 times (x 72B)
Class org.jetbrains.kotlin.gradle.dsl.PlatformSourceSetConventionsChecker$nativeTargetPresets$1$1: loaded 2 times (x 81B)
Class org.jetbrains.kotlin.gradle.tooling.BuildKotlinToolingMetadataTaskKt$buildKotlinToolingMetadataTask$1: loaded 2 times (x 80B)
Class org.jetbrains.kotlin.gradle.internal.Kapt3GradleSubplugin$Companion             : loaded 2 times (x 73B)
Class org.jetbrains.kotlin.gradle.plugin.mpp.compilationImpl.KotlinCreateCompilationArchiveTaskKt$KotlinRegisterCompilationArchiveTasksExtension$1: loaded 2 times (x 76B)
Class [Lorg.jetbrains.kotlin.statistics.metrics.NumberOverridePolicy;                 : loaded 2 times (x 71B)
Class org.jetbrains.kotlin.gradle.internal.properties.PropertiesBuildService$GradleProperty: loaded 2 times (x 72B)
Class org.jetbrains.kotlin.gradle.plugin.statistics.BuildFinishBuildService$Companion : loaded 2 times (x 73B)
Class org.jetbrains.kotlin.gradle.utils.StoredPropertyKt$projectStoredProperty$1      : loaded 2 times (x 80B)
Class org.objectweb.asm.AnnotationWriter                                              : loaded 2 times (x 80B)
Class com.google.common.cache.CacheStats                                              : loaded 2 times (x 73B)
Class [Lorg.apache.commons.compress.archivers.zip.ZipArchiveEntry$CommentSource;      : loaded 2 times (x 71B)
Class kotlinx.coroutines.CoroutineStart$WhenMappings                                  : loaded 2 times (x 73B)
Class org.jetbrains.kotlin.gradle.plugin.diagnostics.checkers.DuplicateSourceSetChecker$runChecks$1: loaded 2 times (x 89B)
Class org.jetbrains.kotlin.gradle.dsl.JvmTarget                                       : loaded 2 times (x 81B)
Class org.jetbrains.kotlin.gradle.dsl.abi.AbiValidationExtension                      : loaded 2 times (x 72B)
Class org.jetbrains.kotlin.gradle.plugin.diagnostics.ToolingDiagnostic$Severity       : loaded 2 times (x 81B)
Class org.jetbrains.kotlin.gradle.internal.ClassLoadersCachingBuildService            : loaded 2 times (x 78B)
Class org.jetbrains.kotlin.gradle.plugin.internal.DefaultJavaExecTaskParametersCompatibility$Factory: loaded 2 times (x 78B)
Class org.jetbrains.kotlin.gradle.plugin.VariantImplementationFactoriesConfigurator$Companion: loaded 2 times (x 73B)
Class org.objectweb.asm.RecordComponentWriter                                         : loaded 2 times (x 79B)
Class com.google.common.util.concurrent.AbstractFuture$Listener                       : loaded 2 times (x 74B)
Class com.google.common.base.CharMatcher$Or                                           : loaded 2 times (x 114B)
Class Settings_gradle$1$1                                                             : loaded 2 times (x 76B)
Class com.google.common.collect.ForwardingSet                                         : loaded 2 times (x 153B)
Class org.jetbrains.kotlin.gradle.plugin.diagnostics.checkers.OverriddenKotlinNativeHomeChecker$StdlibExistenceCheckerValueSource$Companion: loaded 2 times (x 73B)
Class org.jetbrains.kotlin.gradle.targets.js.dsl.KotlinWasmSubTargetContainerDsl      : loaded 2 times (x 72B)
Class org.jetbrains.kotlin.gradle.plugin.diagnostics.checkers.WasmWasiEnvironmentChecker$1: loaded 2 times (x 80B)
Class org.jetbrains.kotlin.gradle.plugin.diagnostics.checkers.DisabledCinteropCommonizationInHmppProjectChecker: loaded 2 times (x 76B)
Class org.jetbrains.kotlin.gradle.plugin.diagnostics.checkers.NoKotlinTargetsDeclaredChecker: loaded 2 times (x 76B)
Class org.jetbrains.kotlin.gradle.targets.jvm.KotlinJvmTargetTestFixturesSideEffectKt$ConfigureJavaTestFixturesSideEffect$1: loaded 2 times (x 76B)
Class org.jetbrains.kotlin.gradle.utils.StoredPropertyStorage                         : loaded 2 times (x 74B)
Class org.jetbrains.kotlin.gradle.plugin.KotlinSourceSetContainer                     : loaded 2 times (x 72B)
Class org.objectweb.asm.Attribute                                                     : loaded 2 times (x 79B)
Class com.google.common.base.Supplier                                                 : loaded 2 times (x 72B)
Class org.gradle.internal.classloader.VisitableURLClassLoader                         : loaded 2 times (x 118B)
Class com.google.common.io.LineReader                                                 : loaded 2 times (x 74B)
Class org.apache.commons.compress.archivers.zip.ExtraFieldUtils                       : loaded 2 times (x 73B)
Class org.jetbrains.kotlin.konan.target.KonanTarget$WATCHOS_X64                       : loaded 2 times (x 80B)
Class org.jetbrains.kotlin.gradle.plugin.diagnostics.KotlinGradleProjectCheckersRunnerKt: loaded 2 times (x 73B)
Class [Lorg.jetbrains.kotlin.tooling.core.HasExtras;                                  : loaded 2 times (x 71B)
Class org.jetbrains.kotlin.gradle.plugin.diagnostics.checkers.IncorrectCompileOnlyDependenciesChecker: loaded 2 times (x 76B)
Class org.jetbrains.kotlin.gradle.plugin.diagnostics.checkers.WasmWasiEnvironmentChecker$2: loaded 2 times (x 80B)
Class org.jetbrains.kotlin.gradle.dsl.DefaultToolchainSupport$wireToolchainToTasks$1$1: loaded 2 times (x 77B)
Class org.jetbrains.kotlin.gradle.internal.IdeaKt$isInIdeaEnvironment$1               : loaded 2 times (x 76B)
Class org.jetbrains.kotlin.gradle.plugin.statistics.FusUtilKt                         : loaded 2 times (x 73B)
Class org.jetbrains.kotlin.gradle.utils.SingleActionPerProject                        : loaded 2 times (x 75B)
Class org.jetbrains.kotlin.gradle.plugin.DefaultKotlinBasePlugin                      : loaded 2 times (x 84B)
Class org.gradle.internal.Cast                                                        : loaded 2 times (x 73B)
Class org.gradle.api.Action                                                           : loaded 2 times (x 72B)
Class jdk.internal.jimage.decompressor.ZipDecompressor                                : loaded 2 times (x 77B)
Class kotlinx.coroutines.CompletedExceptionally                                       : loaded 2 times (x 74B)
Class com.google.common.base.Strings                                                  : loaded 2 times (x 73B)
Class org.jetbrains.kotlin.gradle.utils.FailuresKt$ideaSyncClasspathModeUtil$1        : loaded 2 times (x 74B)
Class org.jetbrains.kotlin.gradle.artifacts.KotlinJsKlibArtifactKt                    : loaded 2 times (x 73B)
Class org.jetbrains.kotlin.gradle.dsl.KotlinTargetContainerWithWasmPresetFunctions    : loaded 2 times (x 72B)
Class org.jetbrains.kotlin.gradle.internal.IdeaKt$isInIdeaEnvironment$2               : loaded 2 times (x 76B)
Class org.jetbrains.kotlin.gradle.plugin.GradleUtilsKt                                : loaded 2 times (x 73B)
Class org.jetbrains.kotlin.gradle.internal.properties.PropertiesBuildService$Params$Inject_: loaded 2 times (x 108B)
Class org.jetbrains.kotlin.gradle.internal.properties.PropertiesBuildService          : loaded 2 times (x 78B)
Class org.jetbrains.kotlin.gradle.plugin.BuildFinishedListenerService$Companion$registerIfAbsent$1$1$1: loaded 2 times (x 77B)
Class com.google.common.collect.Sets                                                  : loaded 2 times (x 73B)
Class org.objectweb.asm.Handler                                                       : loaded 2 times (x 74B)
Class com.google.common.base.Ticker                                                   : loaded 2 times (x 74B)
Class com.google.common.base.CharMatcher$FastMatcher                                  : loaded 2 times (x 113B)
Class org.jetbrains.kotlin.gradle.plugin.mpp.compilationImpl.KotlinCreateCompilationArchiveTaskKt: loaded 2 times (x 73B)
Class org.jetbrains.kotlin.tooling.core.MutableExtrasImpl                             : loaded 2 times (x 167B)
Class org.jetbrains.kotlin.gradle.plugin.diagnostics.KotlinToolingDiagnosticsCollector: loaded 2 times (x 78B)
Class org.jetbrains.kotlin.gradle.plugin.statistics.KotlinBuildStatsMXBean            : loaded 2 times (x 72B)
Class org.jetbrains.kotlin.gradle.utils.FileUtilsKt                                   : loaded 2 times (x 73B)
Class [Lcom.google.common.cache.LocalCache$Segment;                                   : loaded 2 times (x 71B)
Class [Lcom.google.common.cache.LocalCache$Strength;                                  : loaded 2 times (x 71B)
Class com.google.common.cache.CacheBuilder$1                                          : loaded 2 times (x 87B)
Class com.google.common.base.Predicate                                                : loaded 2 times (x 72B)
Class com.google.common.collect.ImmutableMap                                          : loaded 2 times (x 122B)
Class org.gradle.internal.classpath.DefaultClassPath$ImmutableUniqueList$Builder      : loaded 2 times (x 77B)
Class kotlinx.coroutines.CoroutineStart                                               : loaded 2 times (x 81B)
Class com.google.common.collect.AbstractRangeSet                                      : loaded 2 times (x 116B)
Class org.jetbrains.kotlin.gradle.plugin.diagnostics.checkers.InternalGradlePropertiesUsageChecker: loaded 2 times (x 76B)
Class org.jetbrains.kotlin.gradle.plugin.mpp.compilationImpl.CreateCInteropTasksSideEffectKt: loaded 2 times (x 73B)
Class org.jetbrains.kotlin.gradle.testing.internal.KotlinTestsRegistry$Companion      : loaded 2 times (x 73B)
Class org.jetbrains.kotlin.gradle.dsl.KotlinCommonCompilerToolOptions                 : loaded 2 times (x 72B)
Class org.jetbrains.kotlin.gradle.internal.properties.PropertiesBuildService$Companion$registerIfAbsent$1: loaded 2 times (x 77B)
Class org.jetbrains.kotlin.gradle.plugin.internal.DefaultConfigurationCacheStartParameterAccessorVariantFactory: loaded 2 times (x 78B)
Class com.google.common.cache.LocalCache                                              : loaded 2 times (x 188B)
Class com.google.common.cache.CacheBuilder$2                                          : loaded 2 times (x 81B)
Class com.google.common.base.CharMatcher$NegatedFastMatcher                           : loaded 2 times (x 115B)
Class org.apache.commons.compress.archivers.zip.CharsetAccessor                       : loaded 2 times (x 72B)
Class kotlinx.coroutines.EventLoopImplBase                                            : loaded 2 times (x 119B)
Class kotlinx.coroutines.CoroutineId                                                  : loaded 2 times (x 95B)
Class org.jetbrains.kotlin.gradle.internal.KotlinTestDependencyManagementKt           : loaded 2 times (x 73B)
Class [Lorg.jetbrains.kotlin.gradle.plugin.sources.ConsistencyCheck;                  : loaded 2 times (x 71B)
Class org.jetbrains.kotlin.konan.target.KonanTarget$ANDROID_X64                       : loaded 2 times (x 80B)
Class org.jetbrains.kotlin.gradle.plugin.statistics.FlowActionBuildFusService$Companion: loaded 2 times (x 73B)
Class org.jetbrains.kotlin.gradle.report.ReportingSettings                            : loaded 2 times (x 74B)
Class org.jetbrains.kotlin.statistics.metrics.StringAnonymizationPolicy$ComponentVersionAnonymizer: loaded 2 times (x 80B)
Class org.jetbrains.kotlin.gradle.plugin.KotlinBasePluginWrapper                      : loaded 2 times (x 88B)
Class com.google.common.collect.ArrayListMultimap                                     : loaded 2 times (x 173B)
Class com.google.common.cache.CacheBuilder$3                                          : loaded 2 times (x 74B)
Class [Lcom.google.common.collect.AbstractMapEntry;                                   : loaded 2 times (x 71B)
Class com.google.common.collect.ImmutableEntry                                        : loaded 2 times (x 84B)
Class org.jetbrains.kotlin.cli.common.arguments.K2JVMCompilerArguments                : loaded 2 times (x 77B)
Class org.gradle.api.GradleException                                                  : loaded 2 times (x 84B)
Class jdk.internal.jimage.ImageStrings                                                : loaded 2 times (x 72B)
Class org.apache.commons.io.StandardLineSeparator                                     : loaded 2 times (x 81B)
Class org.apache.commons.compress.archivers.zip.NioZipEncoding                        : loaded 2 times (x 82B)
Class org.jetbrains.kotlin.gradle.plugin.diagnostics.KotlinToolingDiagnostics$JsEnvironmentNotChosenExplicitly: loaded 2 times (x 75B)
Class org.jetbrains.kotlin.gradle.plugin.ProjectLocalConfigurations$ProjectLocalCompatibility: loaded 2 times (x 78B)
Class org.jetbrains.kotlin.gradle.dsl.JvmDefaultMode                                  : loaded 2 times (x 81B)
Class org.jetbrains.kotlin.gradle.dsl.KotlinJvmCompilerOptions                        : loaded 2 times (x 72B)
Class org.jetbrains.kotlin.gradle.plugin.internal.DefaultMavenPublicationComponentAccessor: loaded 2 times (x 77B)
Class org.jetbrains.kotlin.gradle.plugin.statistics.BuildFinishBuildService           : loaded 2 times (x 86B)
Class org.jetbrains.kotlin.gradle.plugin.internal.DefaultProjectIsolationStartParameterAccessor$Factory: loaded 2 times (x 78B)
Class com.google.common.collect.CollectPreconditions                                  : loaded 2 times (x 73B)
Class kotlinx.coroutines.Unconfined                                                   : loaded 2 times (x 102B)
Class kotlinx.coroutines.GlobalScope                                                  : loaded 2 times (x 76B)
Class org.jetbrains.kotlin.gradle.plugin.KotlinPluginLifecycleImpl$launch$1           : loaded 2 times (x 81B)
Class org.jetbrains.kotlin.gradle.plugin.diagnostics.checkers.GradleDeprecatedPropertyChecker$DeprecatedProperty: loaded 2 times (x 74B)
Class org.jetbrains.kotlin.gradle.utils.Completable                                   : loaded 2 times (x 74B)
Class org.jetbrains.kotlin.konan.target.HostManager$Companion$targetAliases$2         : loaded 2 times (x 80B)
Class org.jetbrains.kotlin.gradle.plugin.DefaultKotlinBasePlugin$addKotlinCompilerConfiguration$2$1: loaded 2 times (x 77B)
Class org.jetbrains.kotlin.gradle.plugin.statistics.KotlinBuildStatsServicesRegistry$Companion: loaded 2 times (x 73B)
Class org.jetbrains.kotlin.gradle.plugin.internal.DefaultCompatibilityConventionRegistrar$Factory: loaded 2 times (x 78B)
Class com.google.common.collect.SortedMapDifference                                   : loaded 2 times (x 72B)
Class com.google.common.hash.HashCode$IntHashCode                                     : loaded 2 times (x 82B)
Class kotlinx.coroutines.AbstractCoroutine                                            : loaded 2 times (x 145B)
Class org.jetbrains.kotlin.gradle.plugin.diagnostics.checkers.IncorrectCompileOnlyDependenciesChecker$runChecks$1: loaded 2 times (x 89B)
Class org.jetbrains.kotlin.gradle.plugin.mpp.KotlinOnlyTarget                         : loaded 2 times (x 152B)
Class org.jetbrains.kotlin.gradle.targets.js.npm.BaseNpmDependencyExtension           : loaded 2 times (x 72B)
Class org.jetbrains.kotlin.gradle.dsl.KotlinVersion$Companion                         : loaded 2 times (x 73B)
Class org.jetbrains.kotlin.gradle.InternalKotlinGradlePluginApi                       : loaded 2 times (x 72B)
Class org.jetbrains.kotlin.gradle.targets.ConfigureNonPackedKlibConsumingSideEffectKt$ConfigureNonPackedKlibConsumingSideEffect$1: loaded 2 times (x 76B)
Class org.jetbrains.kotlin.gradle.dsl.DefaultToolchainSupport                         : loaded 2 times (x 78B)
Class org.jetbrains.kotlin.gradle.plugin.diagnostics.DiagnosticGroup$Base             : loaded 2 times (x 83B)
Class org.jetbrains.kotlin.gradle.plugin.VariantImplementationFactories$Inject_       : loaded 2 times (x 108B)
Class org.jetbrains.kotlin.gradle.plugin.internal.CustomPropertiesFileValueSource     : loaded 2 times (x 84B)
Class com.google.common.cache.LocalCache$EntryFactory                                 : loaded 2 times (x 85B)
Class org.jetbrains.kotlin.cli.common.arguments.CommonCompilerArguments               : loaded 2 times (x 76B)
Class [Lorg.apache.commons.compress.archivers.zip.ZipArchiveEntry;                    : loaded 2 times (x 71B)
Class com.google.common.collect.NullsLastOrdering                                     : loaded 2 times (x 117B)
Class org.jetbrains.kotlin.gradle.internal.StdlibDependencyManagementKt$configureStdlibVersionAlignment$1$1: loaded 2 times (x 77B)
Class org.jetbrains.kotlin.gradle.dsl.KotlinProjectExtension$awaitSourceSets$1        : loaded 2 times (x 89B)
Class org.jetbrains.kotlin.gradle.plugin.KotlinPluginLifecycle$CoroutineStart         : loaded 2 times (x 81B)
Class org.jetbrains.kotlin.gradle.tasks.TasksProviderKt$sam$org_gradle_api_Action$0   : loaded 2 times (x 77B)
Class org.jetbrains.kotlin.gradle.tooling.BuildKotlinToolingMetadataTask$FromKotlinExtension: loaded 2 times (x 316B)
Class org.jetbrains.kotlin.gradle.utils.FailuresKt                                    : loaded 2 times (x 73B)
Class org.jetbrains.kotlin.gradle.targets.native.internal.CInteropConfigurationsKt$special$$inlined$KotlinTargetSideEffect$1: loaded 2 times (x 76B)
Class org.jetbrains.kotlin.konan.target.Family                                        : loaded 2 times (x 81B)
Class org.jetbrains.kotlin.gradle.plugin.diagnostics.DiagnosticGroup                  : loaded 2 times (x 72B)
Class org.jetbrains.kotlin.gradle.internal.properties.NativePropertiesLoader$konanDataDirProperty$1: loaded 2 times (x 77B)
Class org.jetbrains.kotlin.gradle.plugin.KotlinGradleBuildServices$Inject_            : loaded 2 times (x 102B)
Class org.jetbrains.kotlin.gradle.plugin.KotlinGradleBuildServices$Companion$registerIfAbsent$2$1: loaded 2 times (x 81B)
Class org.jetbrains.kotlin.gradle.plugin.statistics.BuildFusService$Parameters_Decorated: loaded 2 times (x 141B)
Class org.jetbrains.kotlin.gradle.plugin.VariantImplementationFactoriesConfigurator$Inject_: loaded 2 times (x 98B)
Class org.jetbrains.kotlin.tooling.core.HasMutableExtras                              : loaded 2 times (x 72B)
Class com.google.common.cache.LocalCache$AbstractReferenceEntry                       : loaded 2 times (x 109B)
Class org.gradle.internal.IoActions                                                   : loaded 2 times (x 73B)
Class com.google.common.collect.ImmutableRangeSet$ComplementRanges                    : loaded 2 times (x 209B)
Class org.jetbrains.kotlin.konan.target.KonanTarget$LINUX_ARM32_HFP                   : loaded 2 times (x 80B)
Class org.jetbrains.kotlin.gradle.internal.Kapt3GradleSubplugin                       : loaded 2 times (x 83B)
Class org.jetbrains.kotlin.gradle.plugin.diagnostics.checkers.CInteropInputChecker    : loaded 2 times (x 76B)
Class org.jetbrains.kotlin.gradle.targets.native.internal.CInteropConfigurationsKt$special$$inlined$KotlinTargetSideEffect$2: loaded 2 times (x 76B)
Class org.jetbrains.kotlin.gradle.plugin.statistics.FinalizeConfigurationFusMetricActionKt$FinalizeConfigurationFusMetricAction$1: loaded 2 times (x 97B)
Class org.jetbrains.kotlin.gradle.internal.KotlinDependenciesManagementKt$CustomizeKotlinDependenciesSetupAction$1: loaded 2 times (x 76B)
Class org.jetbrains.kotlin.gradle.plugin.KotlinGradlePluginExtensionPointInternal$registeredExtensions$2: loaded 2 times (x 80B)
Class org.jetbrains.kotlin.statistics.metrics.BooleanOverridePolicy$OR                : loaded 2 times (x 87B)
Class org.jetbrains.kotlin.gradle.plugin.UsesVariantImplementationFactories           : loaded 2 times (x 72B)
Class org.objectweb.asm.SymbolTable                                                   : loaded 2 times (x 74B)
Class com.google.common.cache.CacheLoader$InvalidCacheLoadException                   : loaded 2 times (x 84B)
Class com.google.common.collect.ImmutableSet$RegularSetBuilderImpl                    : loaded 2 times (x 78B)
Class org.gradle.internal.classloader.SystemClassLoaderSpec                           : loaded 2 times (x 73B)
Class [Lorg.apache.commons.compress.archivers.EntryStreamOffsets;                     : loaded 2 times (x 71B)
Class kotlinx.coroutines.internal.LockFreeLinkedListNode                              : loaded 2 times (x 76B)
Class org.jetbrains.kotlin.gradle.utils.KotlinExtensionUtilsKt                        : loaded 2 times (x 73B)
Class [Lorg.jetbrains.kotlin.konan.util.Named;                                        : loaded 2 times (x 71B)
Class org.jetbrains.kotlin.gradle.plugin.diagnostics.checkers.NoKotlinTargetsDeclaredChecker$runChecks$1: loaded 2 times (x 89B)
Class org.jetbrains.kotlin.gradle.plugin.mpp.AbstractKotlinTarget$kotlinComponents$2  : loaded 2 times (x 81B)
Class org.jetbrains.kotlin.gradle.plugin.KotlinPlatformType$CompatibilityRule         : loaded 2 times (x 78B)
Class org.jetbrains.kotlin.gradle.tasks.abi.KotlinLegacyAbiDumpTask                   : loaded 2 times (x 72B)
Class org.jetbrains.kotlin.gradle.internal.properties.NativePropertiesLoader$actualNativeHomeDirectory$1: loaded 2 times (x 77B)
Class org.jetbrains.kotlin.gradle.internal.properties.NativePropertiesKt              : loaded 2 times (x 73B)
Class [Lorg.jetbrains.kotlin.statistics.metrics.BooleanOverridePolicy;                : loaded 2 times (x 71B)
Class org.jetbrains.kotlin.gradle.plugin.BuildEventsListenerRegistryHolder            : loaded 2 times (x 74B)
Class com.google.common.cache.LocalCache$StrongEntry                                  : loaded 2 times (x 110B)
Class com.google.common.util.concurrent.AbstractFuture$TrustedFuture                  : loaded 2 times (x 116B)
Class com.google.common.cache.LoadingCache                                            : loaded 2 times (x 72B)
Class jdk.internal.jrtfs.JrtFileSystem                                                : loaded 2 times (x 104B)
Class org.apache.commons.compress.archivers.zip.Zip64ExtendedInformationExtraField    : loaded 2 times (x 99B)
Class org.jetbrains.kotlin.gradle.plugin.diagnostics.checkers.KmpPartiallyResolvedDependenciesCheckerKt: loaded 2 times (x 73B)
Class org.jetbrains.kotlin.gradle.plugin.diagnostics.checkers.WasmSourceSetsNotFoundChecker$runChecks$1: loaded 2 times (x 89B)
Class org.jetbrains.kotlin.konan.target.KonanTarget$IOS_SIMULATOR_ARM64               : loaded 2 times (x 80B)
Class org.jetbrains.kotlin.gradle.targets.jvm.KotlinJvmCompilationWireJavaSourcesSideEffectKt: loaded 2 times (x 73B)
Class org.jetbrains.kotlin.gradle.plugin.mpp.compilationImpl.KotlinCreateCompilationArchiveTaskKt$KotlinCreateCompilationArchivesTask$1: loaded 2 times (x 76B)
Class org.jetbrains.kotlin.gradle.dsl.KotlinVersion                                   : loaded 2 times (x 81B)
Class org.jetbrains.kotlin.gradle.internal.properties.NativePropertiesLoader$actualNativeHomeDirectory$2: loaded 2 times (x 76B)
Class org.jetbrains.kotlin.gradle.utils.StoredPropertyKt                              : loaded 2 times (x 73B)
Class org.objectweb.asm.MethodWriter                                                  : loaded 2 times (x 107B)
Class [Lcom.google.common.cache.Weigher;                                              : loaded 2 times (x 71B)
Class com.google.common.collect.RegularImmutableMap$BucketOverflowException           : loaded 2 times (x 84B)
Class jdk.internal.jimage.decompressor.CompressedResourceHeader                       : loaded 2 times (x 73B)
Class kotlinx.coroutines.internal.LockFreeTaskQueueCore$Companion                     : loaded 2 times (x 73B)
Class org.jetbrains.kotlin.gradle.plugin.KotlinPluginLifecycleKt$launchInStage$1      : loaded 2 times (x 97B)
Class org.jetbrains.kotlin.gradle.targets.NativeForwardImplementationToApiElementsSideEffectKt: loaded 2 times (x 73B)
Class org.jetbrains.kotlin.gradle.tasks.publishing.HelpersKt$addPgpSignatureHelpers$1 : loaded 2 times (x 77B)
Class org.jetbrains.kotlin.gradle.internal.properties.NativePropertiesLoader$actualNativeHomeDirectory$3: loaded 2 times (x 77B)
Class org.jetbrains.kotlin.gradle.report.BuildReportMode                              : loaded 2 times (x 81B)
Class org.jetbrains.kotlin.statistics.metrics.StringAnonymizationPolicy$RegexControlled: loaded 2 times (x 81B)
Class org.jetbrains.kotlin.statistics.ValueAnonymizer                                 : loaded 2 times (x 72B)
Class org.jetbrains.kotlin.gradle.plugin.VariantImplementationFactories$Companion$getProvider$2$1$1: loaded 2 times (x 77B)
Class org.jetbrains.kotlin.gradle.plugin.internal.ProjectIsolationStartParameterAccessor$Factory: loaded 2 times (x 72B)
Class org.jetbrains.kotlin.gradle.targets.native.internal.CommonizerTasksKt           : loaded 2 times (x 73B)
Class [Lorg.jetbrains.kotlin.gradle.targets.js.npm.NpmDependency$Scope;               : loaded 2 times (x 71B)
Class org.jetbrains.kotlin.gradle.plugin.KotlinCompilerPluginSupportPlugin            : loaded 2 times (x 72B)
Class org.jetbrains.kotlin.gradle.plugin.mpp.AbstractKotlinTarget$components$2        : loaded 2 times (x 81B)
Class org.jetbrains.kotlin.gradle.targets.CreateNonPackedKlibVariantsSideEffectKt$CreateNonPackedKlibVariantsSideEffect$1: loaded 2 times (x 76B)
Class org.jetbrains.kotlin.gradle.plugin.mpp.KotlinUsages$setupAttributesMatchingStrategy$1: loaded 2 times (x 76B)
Class org.jetbrains.kotlin.gradle.plugin.KotlinGradleBuildServices$Companion$registerIfAbsent$2$1$1: loaded 2 times (x 77B)
Class org.jetbrains.kotlin.gradle.plugin.statistics.BuildFinishBuildService$Parameters$Inject_: loaded 2 times (x 116B)
Class org.jetbrains.kotlin.gradle.internal.diagnostics.AgpCompatibilityCheck$runAgpCompatibilityCheckIfAgpIsApplied$1$1: loaded 2 times (x 77B)
Class org.jetbrains.kotlin.gradle.utils.AndroidPluginIdsKt                            : loaded 2 times (x 73B)
Class org.jetbrains.kotlin.gradle.plugin.KotlinBasePlugin                             : loaded 2 times (x 72B)
Class com.google.common.cache.LocalCache$ValueReference                               : loaded 2 times (x 72B)
Class com.google.common.base.CharMatcher$Negated                                      : loaded 2 times (x 115B)
Class com.google.common.base.CharMatcher$Is                                           : loaded 2 times (x 113B)
Class org.apache.commons.compress.archivers.zip.AsiExtraField                         : loaded 2 times (x 102B)
Class com.google.common.hash.PrimitiveSink                                            : loaded 2 times (x 72B)
Class com.google.common.base.PatternCompiler                                          : loaded 2 times (x 72B)
Class org.jetbrains.kotlin.gradle.utils.FutureKt                                      : loaded 2 times (x 73B)
Class org.jetbrains.kotlin.gradle.dsl.abi.AbiFiltersSpec                              : loaded 2 times (x 72B)
Class org.jetbrains.kotlin.gradle.targets.native.internal.PlatformLibrariesGenerator$GeneratedPlatformLibrariesService: loaded 2 times (x 78B)
Class org.jetbrains.kotlin.gradle.logging.GradleLoggingUtilsKt                        : loaded 2 times (x 73B)
Class org.jetbrains.kotlin.gradle.plugin.KotlinAndroidPluginWrapper                   : loaded 2 times (x 88B)
Class com.google.common.util.concurrent.AbstractFuture$Failure                        : loaded 2 times (x 74B)
Class com.google.common.base.Equivalence$Equals                                       : loaded 2 times (x 84B)
Class com.google.common.collect.Hashing                                               : loaded 2 times (x 73B)
Class com.google.common.base.Preconditions                                            : loaded 2 times (x 73B)
Class org.jetbrains.kotlin.cli.common.arguments.CommonToolArguments                   : loaded 2 times (x 75B)
Class [Lorg.apache.commons.io.file.DeleteOption;                                      : loaded 2 times (x 71B)
Class com.google.common.collect.ByFunctionOrdering                                    : loaded 2 times (x 117B)
Class com.google.common.base.Joiner$1                                                 : loaded 2 times (x 82B)
Class [Lorg.jetbrains.kotlin.gradle.dsl.PlatformSourceSetConventionsChecker$CheckedPlatformInfo;: loaded 2 times (x 71B)
Class org.jetbrains.kotlin.gradle.plugin.diagnostics.KotlinGradleProjectCheckerContext: loaded 2 times (x 74B)
Class org.jetbrains.kotlin.gradle.plugin.diagnostics.checkers.DuplicateSourceSetChecker: loaded 2 times (x 76B)
Class org.jetbrains.kotlin.gradle.targets.KotlinTargetSideEffect                      : loaded 2 times (x 72B)
Class org.jetbrains.kotlin.gradle.plugin.DefaultKotlinBasePlugin$setupAttributeMatchingStrategy$1$1: loaded 2 times (x 81B)
Class org.jetbrains.kotlin.gradle.plugin.diagnostics.ToolingDiagnosticFactory         : loaded 2 times (x 75B)
Class org.jetbrains.kotlin.statistics.metrics.NumericalMetrics$Companion              : loaded 2 times (x 73B)
Class [Lorg.jetbrains.kotlin.statistics.metrics.NumberAnonymizationPolicy;            : loaded 2 times (x 71B)
Class org.jetbrains.kotlin.statistics.metrics.NumberOverridePolicy$OVERRIDE           : loaded 2 times (x 87B)
Class org.jetbrains.kotlin.gradle.internal.properties.PropertiesBuildService$property$1: loaded 2 times (x 81B)
Class org.objectweb.asm.Label                                                         : loaded 2 times (x 75B)
Class org.objectweb.asm.CurrentFrame                                                  : loaded 2 times (x 75B)
Class org.objectweb.asm.ClassTooLargeException                                        : loaded 2 times (x 84B)
Class com.google.common.base.CharMatcher                                              : loaded 2 times (x 113B)
Class com.google.common.collect.PeekingIterator                                       : loaded 2 times (x 72B)
Class org.apache.commons.compress.archivers.zip.ZipExtraField                         : loaded 2 times (x 72B)
Class com.google.common.hash.HashCode$LongHashCode                                    : loaded 2 times (x 82B)
Class com.google.common.collect.RangeGwtSerializationDependencies                     : loaded 2 times (x 73B)
Class com.google.common.base.Joiner$2                                                 : loaded 2 times (x 81B)
Class org.jetbrains.kotlin.gradle.internal.properties.PropertiesBuildService$property$2: loaded 2 times (x 81B)
Class org.jetbrains.kotlin.gradle.internal.KotlinDependenciesManagementKt             : loaded 2 times (x 73B)
Class org.jetbrains.kotlin.gradle.plugin.DefaultKotlinBasePlugin$setupAttributeMatchingStrategy$1$2: loaded 2 times (x 81B)
Class org.jetbrains.kotlin.gradle.targets.native.internal.PlatformLibrariesGenerator$Companion: loaded 2 times (x 73B)
Class org.jetbrains.kotlin.gradle.plugin.statistics.KotlinBuildStatsLoggerService     : loaded 2 times (x 74B)
Class org.objectweb.asm.Frame                                                         : loaded 2 times (x 75B)
Class org.objectweb.asm.MethodVisitor                                                 : loaded 2 times (x 107B)
Class com.google.common.cache.LocalCache$EntryFactory$1                               : loaded 2 times (x 85B)
Class [Lcom.google.common.cache.RemovalListener;                                      : loaded 2 times (x 71B)
Class com.google.common.base.CharMatcher$1                                            : loaded 2 times (x 115B)
Class com.google.common.base.CharMatcher$NamedFastMatcher                             : loaded 2 times (x 114B)
Class com.google.common.collect.RangeSet                                              : loaded 2 times (x 72B)
Class org.jetbrains.kotlin.konan.target.KonanTarget$WATCHOS_DEVICE_ARM64              : loaded 2 times (x 80B)
Class org.jetbrains.kotlin.gradle.plugin.diagnostics.checkers.MissingNativeStdlibChecker$runChecks$1: loaded 2 times (x 89B)
Class [Lorg.jetbrains.kotlin.gradle.plugin.sources.android.AndroidVariantType;        : loaded 2 times (x 71B)
Class org.jetbrains.kotlin.gradle.plugin.sources.android.AndroidVariantType           : loaded 2 times (x 81B)
Class org.jetbrains.kotlin.gradle.plugin.mpp.KotlinTargetSoftwareComponent            : loaded 2 times (x 91B)
Class org.jetbrains.kotlin.gradle.plugin.mpp.KotlinVariant                            : loaded 2 times (x 101B)
Class org.jetbrains.kotlin.gradle.targets.native.ConfigureFrameworkExportSideEffectKt : loaded 2 times (x 73B)
Class org.jetbrains.kotlin.gradle.utils.WhenPluginEnabledKt                           : loaded 2 times (x 73B)
Class org.jetbrains.kotlin.gradle.plugin.diagnostics.KotlinToolingDiagnosticsCollector$Parameter$Inject_: loaded 2 times (x 108B)
Class org.jetbrains.kotlin.gradle.plugin.VariantImplementationFactories               : loaded 2 times (x 77B)
Class org.jetbrains.kotlin.gradle.internal.diagnostics.KotlinCompilerEmbeddableCheck  : loaded 2 times (x 73B)
Class com.google.common.cache.LocalCache$EntryFactory$2                               : loaded 2 times (x 85B)
Class org.gradle.api.internal.classpath.GlobalCacheRootsProvider                      : loaded 2 times (x 72B)
Class com.google.common.collect.CollectCollectors                                     : loaded 2 times (x 73B)
Class org.jetbrains.kotlin.gradle.targets.js.dsl.KotlinWasmWasiTargetDsl              : loaded 2 times (x 72B)
Class org.jetbrains.kotlin.gradle.plugin.diagnostics.checkers.DisabledNativeTargetsChecker: loaded 2 times (x 76B)
Class org.jetbrains.kotlin.gradle.plugin.mpp.compilationImpl.KotlinCreateSourcesJarTaskSideEffectKt$KotlinCreateSourcesJarTaskSideEffect$1: loaded 2 times (x 76B)
Class org.jetbrains.kotlin.gradle.internal.CompilerArgumentAware                      : loaded 2 times (x 72B)
Class org.jetbrains.kotlin.gradle.plugin.statistics.BuildFusService$Parameters$Inject_: loaded 2 times (x 114B)
Class org.jetbrains.kotlin.gradle.utils.ReportUtilsKt                                 : loaded 2 times (x 73B)
Class org.jetbrains.kotlin.gradle.utils.StoredLazyProperty                            : loaded 2 times (x 77B)
Class org.objectweb.asm.ModuleWriter                                                  : loaded 2 times (x 83B)
Class com.google.common.cache.LocalCache$EntryFactory$3                               : loaded 2 times (x 85B)
Class com.google.common.base.Ticker$1                                                 : loaded 2 times (x 74B)
Class com.google.common.collect.Maps$BiMapConverter                                   : loaded 2 times (x 92B)
Class com.google.common.collect.ImmutableMapEntrySet$RegularEntrySet                  : loaded 2 times (x 154B)
Class Native_plugin_loader_gradle$NativePluginLoader                                  : loaded 2 times (x 74B)
Class kotlinx.coroutines.Incomplete                                                   : loaded 2 times (x 72B)
Class com.google.common.collect.SetMultimap                                           : loaded 2 times (x 72B)
Class org.jetbrains.kotlin.gradle.dsl.AndroidMainSourceSetConventionsChecker$runChecks$1: loaded 2 times (x 89B)
Class org.jetbrains.kotlin.gradle.plugin.sources.FragmentConsistencyChecks            : loaded 2 times (x 74B)
Class org.jetbrains.kotlin.gradle.plugin.mpp.InternalKotlinTargetComponent            : loaded 2 times (x 93B)
Class org.jetbrains.kotlin.gradle.targets.CreateNonPackedKlibVariantsSideEffectKt     : loaded 2 times (x 73B)
Class org.jetbrains.kotlin.gradle.targets.CreateDefaultTestRunSideEffectKt$special$$inlined$KotlinTargetSideEffect$1: loaded 2 times (x 76B)
Class org.jetbrains.kotlin.gradle.utils.ProviderApiUtilsKt                            : loaded 2 times (x 73B)
Class org.jetbrains.kotlin.gradle.plugin.diagnostics.IsAttachedToTerminalValueSource  : loaded 2 times (x 82B)
Class org.jetbrains.kotlin.gradle.targets.native.UsesKonanPropertiesBuildService      : loaded 2 times (x 72B)
Class org.jetbrains.kotlin.gradle.internal.properties.NativePropertiesLoader$forceDisableRunningInProcess$1: loaded 2 times (x 77B)
Class org.jetbrains.kotlin.gradle.internal.tasks.TaskWithLocalState                   : loaded 2 times (x 72B)
Class org.jetbrains.kotlin.gradle.plugin.statistics.KotlinBuildStatisticsUtilsKt      : loaded 2 times (x 73B)
Class org.jetbrains.kotlin.statistics.metrics.BooleanMetrics                          : loaded 2 times (x 81B)
Class org.jetbrains.kotlin.gradle.utils.PersistentCachesKt                            : loaded 2 times (x 73B)
Class org.jetbrains.kotlin.gradle.internal.properties.PropertiesBuildService$Params   : loaded 2 times (x 72B)
Class org.jetbrains.kotlin.gradle.internal.diagnostics.GradleCompatibilityCheck       : loaded 2 times (x 73B)
Class com.google.common.collect.ImmutableSet$Builder                                  : loaded 2 times (x 87B)
Class com.google.common.cache.LocalCache$EntryFactory$4                               : loaded 2 times (x 85B)
Class com.google.common.base.CharMatcher$InRange                                      : loaded 2 times (x 113B)
Class org.apache.commons.compress.archivers.zip.ZipArchiveEntry$CommentSource         : loaded 2 times (x 81B)
Class kotlinx.coroutines.AbstractTimeSourceKt                                         : loaded 2 times (x 73B)
Class com.google.common.collect.ReverseOrdering                                       : loaded 2 times (x 117B)
Class org.jetbrains.kotlin.gradle.utils.ConfigurationsKt$maybeCreateDependencyScope$1 : loaded 2 times (x 80B)
Class org.jetbrains.kotlin.gradle.plugin.sources.FragmentConsistencyChecks$languageVersionCheck$1: loaded 2 times (x 81B)
Class org.jetbrains.kotlin.gradle.plugin.mpp.DecoratedKotlinCompilation               : loaded 2 times (x 193B)
Class org.jetbrains.kotlin.gradle.plugin.diagnostics.checkers.ExperimentalTryNextUsageChecker: loaded 2 times (x 76B)
Class [Lorg.jetbrains.kotlin.gradle.plugin.KotlinPlatformType;                        : loaded 2 times (x 71B)
Class [Lorg.jetbrains.kotlin.gradle.plugin.diagnostics.ToolingDiagnostic$Severity;    : loaded 2 times (x 71B)
Class org.jetbrains.kotlin.gradle.plugin.statistics.UsesBuildFusService               : loaded 2 times (x 72B)
Class org.jetbrains.kotlin.gradle.plugin.statistics.old.Pre232IdeaKotlinBuildStatsBeanService: loaded 2 times (x 97B)
Class org.jetbrains.kotlin.statistics.metrics.NumberOverridePolicy$AVERAGE            : loaded 2 times (x 87B)
Class org.jetbrains.kotlin.gradle.plugin.BuildFinishedListenerService$Companion$registerIfAbsent$1$1: loaded 2 times (x 81B)
Class org.jetbrains.kotlin.gradle.internal.diagnostics.GradleCompatibilityCheck$CurrentGradleVersionProvider: loaded 2 times (x 72B)
Class com.google.common.cache.LocalCache$EntryFactory$5                               : loaded 2 times (x 85B)
Class org.jetbrains.kotlin.gradle.internal.properties.PropertiesBuildService$Companion: loaded 2 times (x 73B)
Class org.apache.commons.io.output.AppendableWriter                                   : loaded 2 times (x 102B)
Class com.google.common.collect.HashMultimap                                          : loaded 2 times (x 175B)
Class org.jetbrains.kotlin.gradle.plugin.KotlinBaseApiPlugin                          : loaded 2 times (x 118B)
Class org.jetbrains.kotlin.gradle.targets.jvm.KotlinJvmTarget                         : loaded 2 times (x 165B)
Class org.jetbrains.kotlin.gradle.targets.js.dsl.KotlinWasmJsTargetDsl                : loaded 2 times (x 72B)
Class org.jetbrains.kotlin.gradle.plugin.diagnostics.checkers.DisabledNativeTargetsChecker$runChecks$1: loaded 2 times (x 89B)
Class org.jetbrains.kotlin.gradle.plugin.KotlinPluginLifecycleImpl$await$2$1          : loaded 2 times (x 81B)
Class org.jetbrains.kotlin.gradle.plugin.sources.DefaultLanguageSettingsBuilder       : loaded 2 times (x 102B)
Class org.jetbrains.kotlin.gradle.plugin.sources.FragmentConsistencyChecks$languageVersionCheck$2: loaded 2 times (x 80B)
Class org.jetbrains.kotlin.gradle.targets.CreateTargetConfigurationsSideEffectKt$CreateTargetConfigurationsSideEffect$1: loaded 2 times (x 76B)
Class org.jetbrains.kotlin.gradle.dsl.KotlinPublishingDsl                             : loaded 2 times (x 72B)
Class org.jetbrains.kotlin.gradle.dsl.KotlinTargetContainerWithPresetFunctions        : loaded 2 times (x 72B)
Class org.jetbrains.kotlin.gradle.plugin.diagnostics.ToolingDiagnosticRenderingOptionsKt$WhenMappings: loaded 2 times (x 73B)
Class org.jetbrains.kotlin.gradle.utils.GradleConfigurationUtilsKt                    : loaded 2 times (x 73B)
Class org.jetbrains.kotlin.gradle.plugin.internal.CustomPropertiesFileValueSource$Parameters: loaded 2 times (x 72B)
Class org.jetbrains.kotlin.gradle.plugin.UsesBuildFinishedListenerService             : loaded 2 times (x 72B)
Class com.google.common.cache.LocalCache$EntryFactory$6                               : loaded 2 times (x 85B)
Class org.gradle.internal.installation.CurrentGradleInstallationLocator               : loaded 2 times (x 73B)
Class org.apache.commons.compress.archivers.zip.X5455_ExtendedTimestamp               : loaded 2 times (x 113B)
Class org.apache.commons.io.output.ThresholdingOutputStream                           : loaded 2 times (x 97B)
Class kotlinx.coroutines.Empty                                                        : loaded 2 times (x 77B)
Class com.google.common.collect.Maps$KeySet                                           : loaded 2 times (x 139B)
Class org.jetbrains.kotlin.gradle.plugin.KotlinJvmFactory                             : loaded 2 times (x 72B)
Class org.jetbrains.kotlin.gradle.plugin.mpp.InternalKotlinCompilation                : loaded 2 times (x 72B)
Class org.jetbrains.kotlin.gradle.utils.WhenEvaluatedKt                               : loaded 2 times (x 73B)
Class org.jetbrains.kotlin.konan.target.KonanTarget$IOS_X64                           : loaded 2 times (x 80B)
Class org.jetbrains.kotlin.gradle.targets.native.internal.AddKotlinPlatformIntegersSupportLibraryKt: loaded 2 times (x 73B)
Class org.jetbrains.kotlin.gradle.plugin.AbstractKotlinJsPluginWrapper                : loaded 2 times (x 88B)
Class org.jetbrains.kotlin.gradle.plugin.internal.MavenPublicationComponentAccessor   : loaded 2 times (x 72B)
Class org.jetbrains.kotlin.gradle.fus.BuildUidService                                 : loaded 2 times (x 82B)
Class org.jetbrains.kotlin.gradle.plugin.KotlinPluginWrapperKt                        : loaded 2 times (x 73B)
Class com.google.common.collect.ImmutableSet$EmptySetBuilderImpl                      : loaded 2 times (x 78B)
Class com.google.common.cache.LocalCache$EntryFactory$7                               : loaded 2 times (x 85B)
Class com.google.common.collect.ImmutableList                                         : loaded 2 times (x 208B)
Class org.gradle.internal.service.DefaultServiceLocator                               : loaded 2 times (x 85B)
Class org.apache.commons.compress.archivers.zip.UnparseableExtraFieldBehavior         : loaded 2 times (x 72B)
Class org.jetbrains.kotlin.gradle.plugin.diagnostics.checkers.WasmJsEnvironmentChecker: loaded 2 times (x 78B)
Class org.jetbrains.kotlin.gradle.plugin.diagnostics.checkers.AndroidPluginWithoutAndroidTargetChecker: loaded 2 times (x 76B)
Class org.jetbrains.kotlin.gradle.plugin.statistics.FlowActionBuildFusService$getConfigurationTimeMetrics$1: loaded 2 times (x 77B)
Class org.jetbrains.kotlin.gradle.plugin.statistics.SynchronizedMetricsContainer      : loaded 2 times (x 84B)
Class org.jetbrains.kotlin.statistics.metrics.NumberOverridePolicy                    : loaded 2 times (x 87B)
Class org.jetbrains.kotlin.statistics.metrics.StringAnonymizationPolicy$AllowedListAnonymizer$Companion: loaded 2 times (x 73B)
Class org.jetbrains.kotlin.gradle.plugin.internal.DefaultProjectIsolationStartParameterAccessor_Decorated: loaded 2 times (x 123B)
Class org.jetbrains.kotlin.gradle.plugin.internal.ProjectIsolationStartParameterAccessorKt: loaded 2 times (x 73B)
Class org.jetbrains.kotlin.gradle.testing.internal.KotlinTestsRegistry                : loaded 2 times (x 74B)
Class com.google.common.cache.LocalCache$EntryFactory$8                               : loaded 2 times (x 85B)
Class com.google.common.collect.ImmutableSet$SetBuilderImpl                           : loaded 2 times (x 78B)
Class org.gradle.internal.installation.CurrentGradleInstallation                      : loaded 2 times (x 75B)
Class kotlinx.coroutines.scheduling.Task                                              : loaded 2 times (x 77B)
Class kotlinx.coroutines.BlockingCoroutine                                            : loaded 2 times (x 145B)
Class com.google.common.collect.ForwardingObject                                      : loaded 2 times (x 74B)
Class org.jetbrains.kotlin.gradle.plugin.statistics.FusMetrics                        : loaded 2 times (x 72B)
Class org.jetbrains.kotlin.gradle.plugin.KotlinCompilation                            : loaded 2 times (x 72B)
Class org.jetbrains.kotlin.gradle.plugin.diagnostics.ToolingDiagnosticRenderingOptionsKt: loaded 2 times (x 73B)
Class org.jetbrains.kotlin.gradle.tasks.publishing.HelpersKt                          : loaded 2 times (x 73B)
Class org.jetbrains.kotlin.gradle.plugin.KotlinTargetConfiguratorKt                   : loaded 2 times (x 73B)
Class org.jetbrains.kotlin.gradle.targets.native.internal.PlatformLibrariesGenerator  : loaded 2 times (x 74B)
Class org.jetbrains.kotlin.tooling.core.Extras$Type$Companion                         : loaded 2 times (x 73B)
Class com.google.common.cache.CacheLoader$1                                           : loaded 2 times (x 77B)
Class com.google.common.collect.ImmutableList$SubList                                 : loaded 2 times (x 211B)
Class org.gradle.util.internal.GUtil                                                  : loaded 2 times (x 73B)
Class kotlinx.coroutines.internal.LockFreeTaskQueue                                   : loaded 2 times (x 74B)
Class kotlinx.coroutines.scheduling.DefaultScheduler                                  : loaded 2 times (x 110B)
Class kotlinx.coroutines.Dispatchers                                                  : loaded 2 times (x 73B)
Class org.jetbrains.kotlin.gradle.dsl.IosSourceSetConventionChecker$runChecks$1       : loaded 2 times (x 89B)
Class org.jetbrains.kotlin.gradle.plugin.mpp.AbstractKotlinCompilation                : loaded 2 times (x 193B)
Class org.jetbrains.kotlin.gradle.plugin.diagnostics.checkers.UnusedSourceSetsChecker : loaded 2 times (x 76B)
Class org.jetbrains.kotlin.gradle.utils.Future                                        : loaded 2 times (x 72B)
Class org.jetbrains.kotlin.gradle.plugin.statistics.KotlinBuildStatsConfiguration$Companion: loaded 2 times (x 73B)
Class com.google.common.cache.AbstractCache$StatsCounter                              : loaded 2 times (x 72B)
Class org.apache.commons.compress.archivers.zip.AbstractUnicodeExtraField             : loaded 2 times (x 95B)
Class org.apache.commons.compress.archivers.zip.Zip64RequiredException                : loaded 2 times (x 84B)
Class com.google.common.io.LineBuffer                                                 : loaded 2 times (x 77B)
Class kotlinx.coroutines.intrinsics.CancellableKt                                     : loaded 2 times (x 73B)
Class org.jetbrains.kotlin.gradle.targets.js.dsl.KotlinJsSubTargetContainerDsl        : loaded 2 times (x 72B)
Class org.jetbrains.kotlin.tooling.core.MutableExtrasImpl$Companion                   : loaded 2 times (x 73B)
Class org.jetbrains.kotlin.gradle.internal.ClassLoadersCachingBuildService$Parameters : loaded 2 times (x 72B)
Class org.jetbrains.kotlin.gradle.plugin.KotlinGradleBuildServices$Companion$registerIfAbsent$1: loaded 2 times (x 77B)
Class org.jetbrains.kotlin.statistics.fileloggers.MetricsContainer                    : loaded 2 times (x 79B)
Class org.jetbrains.kotlin.gradle.plugin.internal.ProjectIsolationStartParameterAccessor: loaded 2 times (x 72B)
Class org.jetbrains.kotlin.gradle.utils.StoredProperty                                : loaded 2 times (x 72B)
Class com.google.common.collect.Iterators$MergingIterator                             : loaded 2 times (x 83B)
Class com.google.common.collect.RegularImmutableSet                                   : loaded 2 times (x 150B)
Class org.gradle.internal.installation.GradleInstallation                             : loaded 2 times (x 77B)
Class jdk.internal.jimage.decompressor.ResourceDecompressor$StringsProvider           : loaded 2 times (x 72B)
Class org.apache.commons.compress.archivers.zip.ZipMethod                             : loaded 2 times (x 81B)
Class org.apache.commons.compress.archivers.zip.ZipSplitOutputStream                  : loaded 2 times (x 91B)
Class com.google.common.collect.ForwardingCollection                                  : loaded 2 times (x 132B)
Class com.google.common.collect.LexicographicalOrdering                               : loaded 2 times (x 117B)
Class org.jetbrains.kotlin.gradle.tasks.KotlinJavaToolchain                           : loaded 2 times (x 72B)
Class org.jetbrains.kotlin.statistics.metrics.BooleanMetrics$Companion                : loaded 2 times (x 73B)
Class org.jetbrains.kotlin.gradle.plugin.internal.CompatibilityConventionRegistrar    : loaded 2 times (x 72B)
Class org.jetbrains.kotlin.gradle.plugin.AndroidGradlePluginVersion                   : loaded 2 times (x 77B)
Class com.google.common.collect.Iterables                                             : loaded 2 times (x 73B)
Class kotlinx.coroutines.ExecutorCoroutineDispatcher$Key                              : loaded 2 times (x 74B)
Class kotlinx.coroutines.JobSupportKt                                                 : loaded 2 times (x 73B)
Class org.jetbrains.kotlin.konan.target.KonanTarget$WATCHOS_ARM64                     : loaded 2 times (x 80B)
Class org.jetbrains.kotlin.gradle.plugin.diagnostics.checkers.OverriddenKotlinNativeHomeChecker: loaded 2 times (x 76B)
Class org.jetbrains.kotlin.gradle.artifacts.KotlinJvmJarArtifactKt$KotlinJvmJarArtifact$1: loaded 2 times (x 76B)
Class org.jetbrains.kotlin.gradle.targets.native.SetupEmbedAndSignAppleFrameworkTaskSideEffectKt: loaded 2 times (x 73B)
Class org.jetbrains.kotlin.gradle.plugin.KotlinProjectSetupActionKt$KotlinProjectSetupCoroutine$1: loaded 2 times (x 77B)
Class org.jetbrains.kotlin.gradle.dsl.ToolchainSupport$Companion                      : loaded 2 times (x 73B)
Class org.jetbrains.kotlin.gradle.plugin.KotlinSourceSet                              : loaded 2 times (x 72B)
Class org.jetbrains.kotlin.konan.target.KonanTarget$MACOS_ARM64                       : loaded 2 times (x 80B)

---------------  S Y S T E M  ---------------

OS:
 Windows 11 , 64 bit Build 26100 (10.0.26100.9444)
OS uptime: 6 days 0:43 hours
Hyper-V role detected

CPU: total 12 (initial active 12) (6 cores per cpu, 2 threads per core) family 6 model 158 stepping 10 microcode 0xf8, cx8, cmov, fxsr, ht, mmx, 3dnowpref, sse, sse2, sse3, ssse3, sse4.1, sse4.2, popcnt, lzcnt, tsc, tscinvbit, avx, avx2, aes, erms, clmul, bmi1, bmi2, rtm, adx, fma, vzeroupper, clflush, clflushopt, hv, rdtscp, f16c
Processor Information for processor 0
  Max Mhz: 2592, Current Mhz: 2592, Mhz Limit: 2592
Processor Information for processor 1
  Max Mhz: 2592, Current Mhz: 1495, Mhz Limit: 2592
Processor Information for processor 2
  Max Mhz: 2592, Current Mhz: 1495, Mhz Limit: 2592
Processor Information for processor 3
  Max Mhz: 2592, Current Mhz: 1495, Mhz Limit: 2592
Processor Information for processor 4
  Max Mhz: 2592, Current Mhz: 1495, Mhz Limit: 2592
Processor Information for processor 5
  Max Mhz: 2592, Current Mhz: 1495, Mhz Limit: 2592
Processor Information for processor 6
  Max Mhz: 2592, Current Mhz: 1495, Mhz Limit: 2592
Processor Information for processor 7
  Max Mhz: 2592, Current Mhz: 1495, Mhz Limit: 2592
Processor Information for processor 8
  Max Mhz: 2592, Current Mhz: 1495, Mhz Limit: 2592
Processor Information for processor 9
  Max Mhz: 2592, Current Mhz: 1495, Mhz Limit: 2592
Processor Information for processor 10
  Max Mhz: 2592, Current Mhz: 1495, Mhz Limit: 2592
Processor Information for processor 11
  Max Mhz: 2592, Current Mhz: 1495, Mhz Limit: 2592

Memory: 4k page, system-wide physical 16176M (2858M free)
TotalPageFile size 18224M (AvailPageFile size 940M)
current process WorkingSet (physical memory assigned to process): 765M, peak: 765M
current process commit charge ("private bytes"): 755M, peak: 1123M

vm_info: OpenJDK 64-Bit Server VM (25.0.3+-15898627-b508.16) for windows-amd64 JRE (25.0.3+-15898627-b508.16), built on 2026-07-20T17:54:23Z with MS VC++ 16.10 / 16.11 (VS2019)

END.
