#
# There is insufficient memory for the Java Runtime Environment to continue.
# Native memory allocation (malloc) failed to allocate 4640088 bytes. Error detail: Chunk::new
# Possible reasons:
#   The system is out of physical RAM or swap space
#   This process is running with CompressedOops enabled, and the Java Heap may be blocking the growth of the native heap
# Possible solutions:
#   Reduce memory load on the system
#   Increase physical memory or swap space
#   Check if swap backing store is full
#   Decrease Java heap size (-Xmx/-Xms)
#   Decrease number of Java threads
#   Decrease Java thread stack sizes (-Xss)
#   Set larger code cache with -XX:ReservedCodeCacheSize=
#   JVM is running with Unscaled Compressed Oops mode in which the Java heap is
#     placed in the first 4GB address space. The Java Heap base address is the
#     maximum limit for the native heap growth. Please use -XX:HeapBaseMinAddress
#     to set the Java Heap base and to place the Java Heap above 4GB virtual address.
# This output file may be truncated or incomplete.
#
#  Out of Memory Error (arena.cpp:186), pid=34644, tid=13720
#
# JRE version: OpenJDK Runtime Environment (25.0.3) (build 25.0.3+-15898627-b508.16)
# Java VM: OpenJDK 64-Bit Server VM (25.0.3+-15898627-b508.16, mixed mode, tiered, compressed oops, compressed class ptrs, g1 gc, windows-amd64)
# No core dump will be written. Minidumps are not enabled by default on client versions of Windows
#

---------------  S U M M A R Y ------------

Command Line: --add-opens=java.base/java.lang=ALL-UNNAMED --add-opens=java.base/java.lang.invoke=ALL-UNNAMED --add-opens=java.base/java.util=ALL-UNNAMED --add-opens=java.prefs/java.util.prefs=ALL-UNNAMED --add-exports=jdk.compiler/com.sun.tools.javac.api=ALL-UNNAMED --add-exports=jdk.compiler/com.sun.tools.javac.util=ALL-UNNAMED --add-opens=java.base/java.util=ALL-UNNAMED --add-opens=java.prefs/java.util.prefs=ALL-UNNAMED --add-opens=java.base/java.nio.charset=ALL-UNNAMED --add-opens=java.base/java.net=ALL-UNNAMED --add-opens=java.base/java.util.concurrent=ALL-UNNAMED --add-opens=java.base/java.util.concurrent.atomic=ALL-UNNAMED --add-opens=java.xml/javax.xml.namespace=ALL-UNNAMED --add-opens=java.base/java.time=ALL-UNNAMED --enable-native-access=ALL-UNNAMED -XX:MaxMetaspaceSize=1G -XX:ReservedCodeCacheSize=256m -XX:+HeapDumpOnOutOfMemoryError -Xmx2G -Dfile.encoding=UTF-8 -Duser.country=US -Duser.language=en -Duser.variant -javaagent:C:\Users\Mannona\.gradle\wrapper\dists\gradle-9.3.1-all\9ot9r568e8zfvvd4mn8rbu1j0\gradle-9.3.1\lib\agents\gradle-instrumentation-agent-9.3.1.jar org.gradle.launcher.daemon.bootstrap.GradleDaemon 9.3.1

Host: Intel(R) Core(TM) i7-8850H CPU @ 2.60GHz, 12 cores, 15G,  Windows 11 , 64 bit Build 26100 (10.0.26100.9444)
Time: Sun Sep 20 12:51:54 2026 Egypt Daylight Time elapsed time: 104.194422 seconds (0d 0h 1m 44s)

---------------  T H R E A D  ---------------

Current thread (0x000002d3f9a471a0):  JavaThread "C2 CompilerThread0" daemon [_thread_in_native, id=13720, stack(0x000000dff4b00000,0x000000dff4c00000) (1024K)]


Current CompileTask:
C2:104194 14113       4       com.google.common.collect.Interners$InternerImpl::intern (54 bytes)

Stack: [0x000000dff4b00000,0x000000dff4c00000]
Native frames: (J=compiled Java code, j=interpreted, Vv=VM code, C=native code)
V  [jvm.dll+0x7bf039]  (no source info available)
V  [jvm.dll+0x78912d]  (no source info available)
V  [jvm.dll+0xa0e615]  (no source info available)
V  [jvm.dll+0xa10c94]  (no source info available)
V  [jvm.dll+0xa11393]  (no source info available)
V  [jvm.dll+0x30a116]  (no source info available)
V  [jvm.dll+0x10eda9]  (no source info available)
V  [jvm.dll+0x10f0d2]  (no source info available)
V  [jvm.dll+0x1a9b77]  (no source info available)
V  [jvm.dll+0x3bf612]  (no source info available)
V  [jvm.dll+0x7c48b7]  (no source info available)
V  [jvm.dll+0x2ce466]  (no source info available)
V  [jvm.dll+0x2cd641]  (no source info available)
V  [jvm.dll+0x24334a]  (no source info available)
V  [jvm.dll+0x2dd025]  (no source info available)
V  [jvm.dll+0x2db226]  (no source info available)
V  [jvm.dll+0x49c12e]  (no source info available)
V  [jvm.dll+0x9ad738]  (no source info available)
V  [jvm.dll+0x7bd585]  (no source info available)
C  [ucrtbase.dll+0x2cd30]  (no source info available)
C  [KERNEL32.DLL+0x2cd87]  (no source info available)
C  [ntdll.dll+0xacaec]  (no source info available)

Lock stack of current Java thread (top to bottom):


---------------  P R O C E S S  ---------------

Threads class SMR info:
_java_thread_list=0x000002d3ff6b3590, length=104, elements={
0x000002d3e089fdf0, 0x000002d3f8e48d70, 0x000002d3f9a22090, 0x000002d3f9a22c50,
0x000002d3f9a50550, 0x000002d3f9a51320, 0x000002d3f9a3f330, 0x000002d3f9a3fec0,
0x000002d3f9a471a0, 0x000002d3f9a59890, 0x000002d3fe037a90, 0x000002d380cc4620,
0x000002d380d7a9a0, 0x000002d380df8740, 0x000002d380e35b20, 0x000002d380e36ac0,
0x000002d380e399a0, 0x000002d382dc7f70, 0x000002d382dc8f10, 0x000002d381a03c60,
0x000002d380500eb0, 0x000002d3fe53fac0, 0x000002d3fe549700, 0x000002d3fe549ed0,
0x000002d3836c7d90, 0x000002d3836a9930, 0x000002d3836a9160, 0x000002d3836adf80,
0x000002d3836acfe0, 0x000002d3836b0e60, 0x000002d3836b1630, 0x000002d3836ae750,
0x000002d3836aef20, 0x000002d3836b54b0, 0x000002d3836b4ce0, 0x000002d3836b6450,
0x000002d3836b8390, 0x000002d3836b9330, 0x000002d3836b9b00, 0x000002d3836ba2d0,
0x000002d3836be920, 0x000002d3836bb270, 0x000002d3836bba40, 0x000002d3836bf0f0,
0x000002d3836c0090, 0x000002d3836bc9e0, 0x000002d3836c0860, 0x000002d3836c46e0,
0x000002d3836c3f10, 0x000002d3836c1030, 0x000002d3836c1800, 0x000002d3836c6df0,
0x000002d3836c5680, 0x000002d3836c5e50, 0x000002d384ce44b0, 0x000002d384ce4c80,
0x000002d384ce3510, 0x000002d384ce7390, 0x000002d384ce8330, 0x000002d384ce8b00,
0x000002d384ce5450, 0x000002d384ce9aa0, 0x000002d384cee0f0, 0x000002d384cf17a0,
0x000002d384cee8c0, 0x000002d384cef860, 0x000002d384cf0fd0, 0x000002d384cef090,
0x000002d380501680, 0x000002d380501e50, 0x000002d380502620, 0x000002d3805064a0,
0x000002d380505cd0, 0x000002d380507c10, 0x000002d380504d30, 0x000002d380509b50,
0x000002d38050a320, 0x000002d380508bb0, 0x000002d38050ba90, 0x000002d380509380,
0x000002d38050d9d0, 0x000002d3fe53db80, 0x000002d3fe53aca0, 0x000002d3fe53eb20,
0x000002d3fe53f2f0, 0x000002d3fe5421d0, 0x000002d3fe5448e0, 0x000002d3fe5450b0,
0x000002d3fe541a00, 0x000002d3fe548760, 0x000002d3fe546ff0, 0x000002d3fefa3470,
0x000002d3fefa4410, 0x000002d3fefa4be0, 0x000002d3fefa2ca0, 0x000002d3fefa6b20,
0x000002d3fefa72f0, 0x000002d3fefa9230, 0x000002d3fefa7ac0, 0x000002d3fedb4910,
0x000002d3fedb50e0, 0x000002d3fedb77f0, 0x000002d3fee8a320, 0x000002d3fee8bb50
}

Java Threads: ( => current thread )
  0x000002d3e089fdf0 JavaThread "main"                              [_thread_blocked, id=29596, stack(0x000000dff3c00000,0x000000dff3d00000) (1024K)]
  0x000002d3f8e48d70 JavaThread "Common-Cleaner"             daemon [_thread_blocked, id=36000, stack(0x000000dff4400000,0x000000dff4500000) (1024K)]
  0x000002d3f9a22090 JavaThread "Reference Handler"          daemon [_thread_blocked, id=34828, stack(0x000000dff4500000,0x000000dff4600000) (1024K)]
  0x000002d3f9a22c50 JavaThread "Finalizer"                  daemon [_thread_blocked, id=20204, stack(0x000000dff4600000,0x000000dff4700000) (1024K)]
  0x000002d3f9a50550 JavaThread "Signal Dispatcher"          daemon [_thread_blocked, id=25260, stack(0x000000dff4700000,0x000000dff4800000) (1024K)]
  0x000002d3f9a51320 JavaThread "Attach Listener"            daemon [_thread_blocked, id=23044, stack(0x000000dff4800000,0x000000dff4900000) (1024K)]
  0x000002d3f9a3f330 JavaThread "Service Thread"             daemon [_thread_blocked, id=676, stack(0x000000dff4900000,0x000000dff4a00000) (1024K)]
  0x000002d3f9a3fec0 JavaThread "Monitor Deflation Thread"   daemon [_thread_blocked, id=18936, stack(0x000000dff4a00000,0x000000dff4b00000) (1024K)]
=>0x000002d3f9a471a0 JavaThread "C2 CompilerThread0"         daemon [_thread_in_native, id=13720, stack(0x000000dff4b00000,0x000000dff4c00000) (1024K)]
  0x000002d3f9a59890 JavaThread "C1 CompilerThread0"         daemon [_thread_blocked, id=35696, stack(0x000000dff4c00000,0x000000dff4d00000) (1024K)]
  0x000002d3fe037a90 JavaThread "Notification Thread"        daemon [_thread_blocked, id=18980, stack(0x000000dff4d00000,0x000000dff4e00000) (1024K)]
  0x000002d380cc4620 JavaThread "Daemon health stats"               [_thread_blocked, id=27032, stack(0x000000dff4f00000,0x000000dff5000000) (1024K)]
  0x000002d380d7a9a0 JavaThread "Incoming local TCP Connector on port 51851"        [_thread_in_native, id=32204, stack(0x000000dff5500000,0x000000dff5600000) (1024K)]
  0x000002d380df8740 JavaThread "Daemon periodic checks"            [_thread_blocked, id=32964, stack(0x000000dff5600000,0x000000dff5700000) (1024K)]
  0x000002d380e35b20 JavaThread "Cache worker for journal cache (C:\Users\Mannona\.gradle\caches\journal-1)"        [_thread_blocked, id=25668, stack(0x000000dff6400000,0x000000dff6500000) (1024K)]
  0x000002d380e36ac0 JavaThread "File lock request listener"        [_thread_in_native, id=10044, stack(0x000000dff6500000,0x000000dff6600000) (1024K)]
  0x000002d380e399a0 JavaThread "Cache worker for file hash cache (C:\Users\Mannona\.gradle\caches\9.3.1\fileHashes)"        [_thread_blocked, id=25812, stack(0x000000dff6600000,0x000000dff6700000) (1024K)]
  0x000002d382dc7f70 JavaThread "File watcher server"        daemon [_thread_in_native, id=12880, stack(0x000000dff6a00000,0x000000dff6b00000) (1024K)]
  0x000002d382dc8f10 JavaThread "File watcher consumer"      daemon [_thread_blocked, id=15672, stack(0x000000dff6b00000,0x000000dff6c00000) (1024K)]
  0x000002d381a03c60 JavaThread "Cache worker for file content cache (C:\Users\Mannona\.gradle\caches\9.3.1\fileContent)"        [_thread_blocked, id=26688, stack(0x000000dff6d00000,0x000000dff6e00000) (1024K)]
  0x000002d380500eb0 JavaThread "Memory manager"                    [_thread_blocked, id=17120, stack(0x000000dff9200000,0x000000dff9300000) (1024K)]
  0x000002d3fe53fac0 JavaThread "RMI Scheduler(0)"           daemon [_thread_blocked, id=24344, stack(0x000000dff4e00000,0x000000dff4f00000) (1024K)]
  0x000002d3fe549700 JavaThread "RMI GC Daemon"              daemon [_thread_blocked, id=21036, stack(0x000000dffc800000,0x000000dffc900000) (1024K)]
  0x000002d3fe549ed0 JavaThread "RMI TCP Accept-0"           daemon [_thread_in_native, id=13944, stack(0x000000dffc900000,0x000000dffca00000) (1024K)]
  0x000002d3836c7d90 JavaThread "RMI Reaper"                        [_thread_blocked, id=14604, stack(0x000000dffca00000,0x000000dffcb00000) (1024K)]
  0x000002d3836a9930 JavaThread "RMI TCP Connection(2)-127.0.0.1" daemon [_thread_in_native, id=28388, stack(0x000000dffcb00000,0x000000dffcc00000) (1024K)]
  0x000002d3836a9160 JavaThread "Daemon Thread 2"                   [_thread_blocked, id=17332, stack(0x000000dff3900000,0x000000dff3a00000) (1024K)]
  0x000002d3836adf80 JavaThread "Handler for socket connection from /127.0.0.1:51851 to /127.0.0.1:55550"        [_thread_in_native, id=14032, stack(0x000000dff3a00000,0x000000dff3b00000) (1024K)]
  0x000002d3836acfe0 JavaThread "Cancel handler"                    [_thread_blocked, id=33152, stack(0x000000dff5700000,0x000000dff5800000) (1024K)]
  0x000002d3836b0e60 JavaThread "Daemon worker Thread 2"            [_thread_in_native, id=34120, stack(0x000000dff5900000,0x000000dff5a00000) (1024K)]
  0x000002d3836b1630 JavaThread "Asynchronous log dispatcher for DefaultDaemonConnection: socket connection from /127.0.0.1:51851 to /127.0.0.1:55550"        [_thread_blocked, id=34068, stack(0x000000dff5a00000,0x000000dff5b00000) (1024K)]
  0x000002d3836ae750 JavaThread "Stdin handler"                     [_thread_blocked, id=35660, stack(0x000000dff5b00000,0x000000dff5c00000) (1024K)]
  0x000002d3836aef20 JavaThread "Daemon client event forwarder"        [_thread_blocked, id=33936, stack(0x000000dff5c00000,0x000000dff5d00000) (1024K)]
  0x000002d3836b54b0 JavaThread "Cache worker for file hash cache (C:\Users\Mannona\Desktop\flutterprojects\android\.gradle\9.3.1\fileHashes)"        [_thread_blocked, id=26172, stack(0x000000dff5d00000,0x000000dff5e00000) (1024K)]
  0x000002d3836b4ce0 JavaThread "Cache worker for Build Output Cleanup Cache (C:\Users\Mannona\Desktop\flutterprojects\android\.gradle\buildOutputCleanup)"        [_thread_blocked, id=2372, stack(0x000000dff6700000,0x000000dff6800000) (1024K)]
  0x000002d3836b6450 JavaThread "Cache worker for checksums cache (C:\Users\Mannona\Desktop\flutterprojects\android\.gradle\9.3.1\checksums)"        [_thread_blocked, id=10724, stack(0x000000dff6900000,0x000000dff6a00000) (1024K)]
  0x000002d3836b8390 JavaThread "Cache worker for cache directory md-supplier (C:\Users\Mannona\.gradle\caches\9.3.1\md-supplier)"        [_thread_blocked, id=29172, stack(0x000000dff6c00000,0x000000dff6d00000) (1024K)]
  0x000002d3836b9330 JavaThread "Cache worker for cache directory md-rule (C:\Users\Mannona\.gradle\caches\9.3.1\md-rule)"        [_thread_blocked, id=33132, stack(0x000000dff6e00000,0x000000dff6f00000) (1024K)]
  0x000002d3836b9b00 JavaThread "Cache worker for Build Output Cleanup Cache (C:\src\flutter\packages\flutter_tools\gradle\.gradle\buildOutputCleanup)"        [_thread_blocked, id=19824, stack(0x000000dff6f00000,0x000000dff7000000) (1024K)]
  0x000002d3836ba2d0 JavaThread "Unconstrained build operations"        [_thread_blocked, id=28072, stack(0x000000dff7000000,0x000000dff7100000) (1024K)]
  0x000002d3836be920 JavaThread "Unconstrained build operations Thread 2"        [_thread_blocked, id=35520, stack(0x000000dff7100000,0x000000dff7200000) (1024K)]
  0x000002d3836bb270 JavaThread "Unconstrained build operations Thread 3"        [_thread_blocked, id=34988, stack(0x000000dff7200000,0x000000dff7300000) (1024K)]
  0x000002d3836bba40 JavaThread "Unconstrained build operations Thread 4"        [_thread_blocked, id=29644, stack(0x000000dff7300000,0x000000dff7400000) (1024K)]
  0x000002d3836bf0f0 JavaThread "Unconstrained build operations Thread 5"        [_thread_blocked, id=15188, stack(0x000000dff7400000,0x000000dff7500000) (1024K)]
  0x000002d3836c0090 JavaThread "Unconstrained build operations Thread 6"        [_thread_blocked, id=8924, stack(0x000000dff7500000,0x000000dff7600000) (1024K)]
  0x000002d3836bc9e0 JavaThread "Unconstrained build operations Thread 7"        [_thread_blocked, id=32676, stack(0x000000dff7600000,0x000000dff7700000) (1024K)]
  0x000002d3836c0860 JavaThread "Unconstrained build operations Thread 8"        [_thread_blocked, id=20692, stack(0x000000dff7700000,0x000000dff7800000) (1024K)]
  0x000002d3836c46e0 JavaThread "Unconstrained build operations Thread 9"        [_thread_blocked, id=14048, stack(0x000000dff7800000,0x000000dff7900000) (1024K)]
  0x000002d3836c3f10 JavaThread "Unconstrained build operations Thread 10"        [_thread_blocked, id=35844, stack(0x000000dff7900000,0x000000dff7a00000) (1024K)]
  0x000002d3836c1030 JavaThread "Unconstrained build operations Thread 11"        [_thread_blocked, id=33304, stack(0x000000dff7a00000,0x000000dff7b00000) (1024K)]
  0x000002d3836c1800 JavaThread "Unconstrained build operations Thread 12"        [_thread_blocked, id=26928, stack(0x000000dff7b00000,0x000000dff7c00000) (1024K)]
  0x000002d3836c6df0 JavaThread "Unconstrained build operations Thread 13"        [_thread_blocked, id=20636, stack(0x000000dff7c00000,0x000000dff7d00000) (1024K)]
  0x000002d3836c5680 JavaThread "Unconstrained build operations Thread 14"        [_thread_blocked, id=36472, stack(0x000000dff7d00000,0x000000dff7e00000) (1024K)]
  0x000002d3836c5e50 JavaThread "Unconstrained build operations Thread 15"        [_thread_blocked, id=15652, stack(0x000000dff7e00000,0x000000dff7f00000) (1024K)]
  0x000002d384ce44b0 JavaThread "Unconstrained build operations Thread 16"        [_thread_blocked, id=27668, stack(0x000000dff7f00000,0x000000dff8000000) (1024K)]
  0x000002d384ce4c80 JavaThread "Unconstrained build operations Thread 17"        [_thread_blocked, id=6168, stack(0x000000dff8000000,0x000000dff8100000) (1024K)]
  0x000002d384ce3510 JavaThread "Unconstrained build operations Thread 18"        [_thread_blocked, id=26604, stack(0x000000dff8100000,0x000000dff8200000) (1024K)]
  0x000002d384ce7390 JavaThread "Unconstrained build operations Thread 19"        [_thread_blocked, id=34232, stack(0x000000dff8200000,0x000000dff8300000) (1024K)]
  0x000002d384ce8330 JavaThread "Unconstrained build operations Thread 20"        [_thread_blocked, id=22044, stack(0x000000dff8300000,0x000000dff8400000) (1024K)]
  0x000002d384ce8b00 JavaThread "Unconstrained build operations Thread 21"        [_thread_blocked, id=19464, stack(0x000000dff8400000,0x000000dff8500000) (1024K)]
  0x000002d384ce5450 JavaThread "Unconstrained build operations Thread 22"        [_thread_blocked, id=5904, stack(0x000000dff8500000,0x000000dff8600000) (1024K)]
  0x000002d384ce9aa0 JavaThread "build event listener"              [_thread_blocked, id=784, stack(0x000000dff8600000,0x000000dff8700000) (1024K)]
  0x000002d384cee0f0 JavaThread "included builds"                   [_thread_blocked, id=1680, stack(0x000000dff8700000,0x000000dff8800000) (1024K)]
  0x000002d384cf17a0 JavaThread "Execution worker"                  [_thread_blocked, id=29276, stack(0x000000dff8800000,0x000000dff8900000) (1024K)]
  0x000002d384cee8c0 JavaThread "Execution worker Thread 2"         [_thread_blocked, id=35364, stack(0x000000dff8900000,0x000000dff8a00000) (1024K)]
  0x000002d384cef860 JavaThread "Execution worker Thread 3"         [_thread_blocked, id=29844, stack(0x000000dff8a00000,0x000000dff8b00000) (1024K)]
  0x000002d384cf0fd0 JavaThread "Execution worker Thread 4"         [_thread_blocked, id=2416, stack(0x000000dff8b00000,0x000000dff8c00000) (1024K)]
  0x000002d384cef090 JavaThread "Execution worker Thread 5"         [_thread_blocked, id=32980, stack(0x000000dff8c00000,0x000000dff8d00000) (1024K)]
  0x000002d380501680 JavaThread "Execution worker Thread 6"         [_thread_blocked, id=1868, stack(0x000000dff8d00000,0x000000dff8e00000) (1024K)]
  0x000002d380501e50 JavaThread "Execution worker Thread 7"         [_thread_blocked, id=33280, stack(0x000000dff8e00000,0x000000dff8f00000) (1024K)]
  0x000002d380502620 JavaThread "Execution worker Thread 8"         [_thread_blocked, id=34088, stack(0x000000dff8f00000,0x000000dff9000000) (1024K)]
  0x000002d3805064a0 JavaThread "Execution worker Thread 9"         [_thread_blocked, id=36752, stack(0x000000dff9000000,0x000000dff9100000) (1024K)]
  0x000002d380505cd0 JavaThread "Execution worker Thread 10"        [_thread_blocked, id=8704, stack(0x000000dff9100000,0x000000dff9200000) (1024K)]
  0x000002d380507c10 JavaThread "Execution worker Thread 11"        [_thread_blocked, id=19684, stack(0x000000dff9300000,0x000000dff9400000) (1024K)]
  0x000002d380504d30 JavaThread "Cache worker for execution history cache (C:\src\flutter\packages\flutter_tools\gradle\.gradle\9.3.1\executionHistory)"        [_thread_blocked, id=32084, stack(0x000000dff9400000,0x000000dff9500000) (1024K)]
  0x000002d380509b50 JavaThread "Unconstrained build operations Thread 23"        [_thread_blocked, id=35160, stack(0x000000dff9500000,0x000000dff9600000) (1024K)]
  0x000002d38050a320 JavaThread "Unconstrained build operations Thread 24"        [_thread_blocked, id=14312, stack(0x000000dff9600000,0x000000dff9700000) (1024K)]
  0x000002d380508bb0 JavaThread "Unconstrained build operations Thread 25"        [_thread_blocked, id=10132, stack(0x000000dff9700000,0x000000dff9800000) (1024K)]
  0x000002d38050ba90 JavaThread "Unconstrained build operations Thread 26"        [_thread_blocked, id=17180, stack(0x000000dff9800000,0x000000dff9900000) (1024K)]
  0x000002d380509380 JavaThread "Unconstrained build operations Thread 27"        [_thread_blocked, id=31508, stack(0x000000dff9900000,0x000000dff9a00000) (1024K)]
  0x000002d38050d9d0 JavaThread "Unconstrained build operations Thread 28"        [_thread_blocked, id=33108, stack(0x000000dff9a00000,0x000000dff9b00000) (1024K)]
  0x000002d3fe53db80 JavaThread "Unconstrained build operations Thread 29"        [_thread_blocked, id=32544, stack(0x000000dff9b00000,0x000000dff9c00000) (1024K)]
  0x000002d3fe53aca0 JavaThread "Unconstrained build operations Thread 30"        [_thread_blocked, id=26080, stack(0x000000dff9c00000,0x000000dff9d00000) (1024K)]
  0x000002d3fe53eb20 JavaThread "Unconstrained build operations Thread 31"        [_thread_blocked, id=21460, stack(0x000000dff9d00000,0x000000dff9e00000) (1024K)]
  0x000002d3fe53f2f0 JavaThread "Unconstrained build operations Thread 32"        [_thread_blocked, id=14024, stack(0x000000dff9e00000,0x000000dff9f00000) (1024K)]
  0x000002d3fe5421d0 JavaThread "Unconstrained build operations Thread 33"        [_thread_blocked, id=25032, stack(0x000000dff9f00000,0x000000dffa000000) (1024K)]
  0x000002d3fe5448e0 JavaThread "Unconstrained build operations Thread 34"        [_thread_blocked, id=25328, stack(0x000000dffa000000,0x000000dffa100000) (1024K)]
  0x000002d3fe5450b0 JavaThread "Unconstrained build operations Thread 35"        [_thread_blocked, id=23596, stack(0x000000dffa100000,0x000000dffa200000) (1024K)]
  0x000002d3fe541a00 JavaThread "Unconstrained build operations Thread 36"        [_thread_blocked, id=17372, stack(0x000000dffa200000,0x000000dffa300000) (1024K)]
  0x000002d3fe548760 JavaThread "Unconstrained build operations Thread 37"        [_thread_blocked, id=31860, stack(0x000000dffa300000,0x000000dffa400000) (1024K)]
  0x000002d3fe546ff0 JavaThread "Unconstrained build operations Thread 38"        [_thread_blocked, id=34840, stack(0x000000dffa400000,0x000000dffa500000) (1024K)]
  0x000002d3fefa3470 JavaThread "Unconstrained build operations Thread 39"        [_thread_blocked, id=35308, stack(0x000000dffa500000,0x000000dffa600000) (1024K)]
  0x000002d3fefa4410 JavaThread "Unconstrained build operations Thread 40"        [_thread_blocked, id=32796, stack(0x000000dffa600000,0x000000dffa700000) (1024K)]
  0x000002d3fefa4be0 JavaThread "Unconstrained build operations Thread 41"        [_thread_blocked, id=30248, stack(0x000000dffa700000,0x000000dffa800000) (1024K)]
  0x000002d3fefa2ca0 JavaThread "Unconstrained build operations Thread 42"        [_thread_blocked, id=26804, stack(0x000000dffa800000,0x000000dffa900000) (1024K)]
  0x000002d3fefa6b20 JavaThread "Unconstrained build operations Thread 43"        [_thread_blocked, id=35488, stack(0x000000dffa900000,0x000000dffaa00000) (1024K)]
  0x000002d3fefa72f0 JavaThread "Unconstrained build operations Thread 44"        [_thread_blocked, id=35244, stack(0x000000dffaa00000,0x000000dffab00000) (1024K)]
  0x000002d3fefa9230 JavaThread "Unconstrained build operations Thread 45"        [_thread_blocked, id=13756, stack(0x000000dffab00000,0x000000dffac00000) (1024K)]
  0x000002d3fefa7ac0 JavaThread "Unconstrained build operations Thread 46"        [_thread_blocked, id=5560, stack(0x000000dffac00000,0x000000dffad00000) (1024K)]
  0x000002d3fedb4910 JavaThread "WorkerExecutor Queue"              [_thread_blocked, id=20332, stack(0x000000dffad00000,0x000000dffae00000) (1024K)]
  0x000002d3fedb50e0 JavaThread "RMI RenewClean-[127.0.0.1:17707,org.jetbrains.kotlin.daemon.common.LoopbackNetworkInterface$ClientLoopbackSocketFactory@5c610811]" daemon [_thread_blocked, id=33840, stack(0x000000dffae00000,0x000000dffaf00000) (1024K)]
  0x000002d3fedb77f0 JavaThread "RMI TCP Connection(3)-127.0.0.1" daemon [_thread_in_native, id=35952, stack(0x000000dff6800000,0x000000dff6900000) (1024K)]
  0x000002d3fee8a320 JavaThread "C2 CompilerThread1"         daemon [_thread_in_native, id=24924, stack(0x000000dffaf00000,0x000000dffb000000) (1024K)]
  0x000002d3fee8bb50 JavaThread "C2 CompilerThread2"         daemon [_thread_blocked, id=10296, stack(0x000000dffb000000,0x000000dffb100000) (1024K)]
Total: 104

Other Threads:
  0x000002d3f8e2b6e0 VMThread "VM Thread"                           [id=34100, stack(0x000000dff4300000,0x000000dff4400000) (1024K)]
  0x000002d3f8de7900 WatcherThread "VM Periodic Task Thread"        [id=15156, stack(0x000000dff4200000,0x000000dff4300000) (1024K)]
  0x000002d3e08ffd70 WorkerThread "GC Thread#0"                     [id=23496, stack(0x000000dff3d00000,0x000000dff3e00000) (1024K)]
  0x000002d3f8e2e650 WorkerThread "GC Thread#1"                     [id=13324, stack(0x000000dff5000000,0x000000dff5100000) (1024K)]
  0x000002d3f8e2c3d0 WorkerThread "GC Thread#2"                     [id=23640, stack(0x000000dff5100000,0x000000dff5200000) (1024K)]
  0x000002d3f8e2ae40 WorkerThread "GC Thread#3"                     [id=7940, stack(0x000000dff5200000,0x000000dff5300000) (1024K)]
  0x000002d3f8e2c820 WorkerThread "GC Thread#4"                     [id=34856, stack(0x000000dff5300000,0x000000dff5400000) (1024K)]
  0x000002d3f8e2bf80 WorkerThread "GC Thread#5"                     [id=11868, stack(0x000000dff5400000,0x000000dff5500000) (1024K)]
  0x000002d3febbf660 WorkerThread "GC Thread#6"                     [id=35484, stack(0x000000dff5e00000,0x000000dff5f00000) (1024K)]
  0x000002d3febbe520 WorkerThread "GC Thread#7"                     [id=13820, stack(0x000000dff5f00000,0x000000dff6000000) (1024K)]
  0x000002d3febbedc0 WorkerThread "GC Thread#8"                     [id=27596, stack(0x000000dff6000000,0x000000dff6100000) (1024K)]
  0x000002d380e45e60 WorkerThread "GC Thread#9"                     [id=25056, stack(0x000000dff6100000,0x000000dff6200000) (1024K)]
  0x000002d3e0918e40 ConcurrentGCThread "G1 Main Marker"            [id=18344, stack(0x000000dff3e00000,0x000000dff3f00000) (1024K)]
  0x000002d3e091a360 WorkerThread "G1 Conc#0"                       [id=31888, stack(0x000000dff3f00000,0x000000dff4000000) (1024K)]
  0x000002d380e473f0 WorkerThread "G1 Conc#1"                       [id=16084, stack(0x000000dff6200000,0x000000dff6300000) (1024K)]
  0x000002d380e45a10 WorkerThread "G1 Conc#2"                       [id=10156, stack(0x000000dff6300000,0x000000dff6400000) (1024K)]
  0x000002d3f8cbc550 ConcurrentGCThread "G1 Refine#0"               [id=18916, stack(0x000000dff4000000,0x000000dff4100000) (1024K)]
  0x000002d3f8cbcf60 ConcurrentGCThread "G1 Service"                [id=25776, stack(0x000000dff4100000,0x000000dff4200000) (1024K)]
Total: 18

Threads with active compile tasks:
C2 CompilerThread0  104445 14113       4       com.google.common.collect.Interners$InternerImpl::intern (54 bytes)
C2 CompilerThread1  104445 14119       4       java.util.function.Predicate$$Lambda/0x00000000323614d0::test (15 bytes)
Total: 2

VM state: not at safepoint (normal execution)

VM Mutex/Monitor currently owned by a thread: None

Heap address: 0x0000000080000000, size: 2048 MB, Compressed Oops mode: 32-bit

CDS archive(s) not mapped
Compressed class space mapped at: 0x0000000032000000-0x0000000066000000, reserved size: 872415232
UseCompressedClassPointers 1, UseCompactObjectHeaders 0
Narrow klass pointer bits 32, Max shift 3
Narrow klass base: 0x0000000000000000, Narrow klass shift: 0
Encoding Range: [0x0000000000000000 - 0x0000000100000000), (4294967296 bytes)
Klass Range:    [0x0000000032000000 - 0x0000000066000000), (872415232 bytes)
Klass ID Range:  [838860800 - 1711276025) (872415225)
No protection zone.

GC Precious Log:
 CardTable entry size: 512
 Card Set container configuration: InlinePtr #cards 5 size 8 Array Of Cards #cards 10 size 36 Howl #buckets 4 coarsen threshold 1843 Howl Bitmap #cards 512 size 80 coarsen threshold 460 Card regions per heap region 1 cards per card region 2048
 CPUs: 12 total, 12 available
 Memory: 16176M
 Large Page Support: Disabled
 NUMA Support: Disabled
 Compressed Oops: Enabled (32-bit)
 Heap Region Size: 1M
 Heap Min Capacity: 8M
 Heap Initial Capacity: 254M
 Heap Max Capacity: 2G
 Pre-touch: Disabled
 Parallel Workers: 10
 Concurrent Workers: 3
 Concurrent Refinement Workers: 10
 Periodic GC: Disabled

Heap:
 garbage-first heap   total reserved 2097152K, committed 340992K, used 175034K [0x0000000080000000, 0x0000000100000000)
  region size 1024K, 73 young (74752K), 21 survivors (21504K)

Heap Regions: E=young(eden), S=young(survivor), O=old, HS=humongous(starts), HC=humongous(continues), CS=collection set, F=free, TAMS=top-at-mark-start, PB=parsable bottom
|   0|0x0000000080000000, 0x0000000080100000, 0x0000000080100000|100%|HS|  |TAMS 0x0000000080000000| PB 0x0000000080000000| Complete |  0
|   1|0x0000000080100000, 0x0000000080200000, 0x0000000080200000|100%|HC|  |TAMS 0x0000000080100000| PB 0x0000000080100000| Complete |  0
|   2|0x0000000080200000, 0x0000000080300000, 0x0000000080300000|100%|HC|  |TAMS 0x0000000080200000| PB 0x0000000080200000| Complete |  0
|   3|0x0000000080300000, 0x0000000080400000, 0x0000000080400000|100%|HC|  |TAMS 0x0000000080300000| PB 0x0000000080300000| Complete |  0
|   4|0x0000000080400000, 0x0000000080500000, 0x0000000080500000|100%|HS|  |TAMS 0x0000000080400000| PB 0x0000000080400000| Complete |  0
|   5|0x0000000080500000, 0x0000000080600000, 0x0000000080600000|100%| O|  |TAMS 0x0000000080500000| PB 0x0000000080500000| Untracked |  0
|   6|0x0000000080600000, 0x0000000080700000, 0x0000000080700000|100%| O|  |TAMS 0x0000000080600000| PB 0x0000000080600000| Untracked |  0
|   7|0x0000000080700000, 0x0000000080800000, 0x0000000080800000|100%| O|  |TAMS 0x0000000080700000| PB 0x0000000080700000| Untracked |  0
|   8|0x0000000080800000, 0x0000000080900000, 0x0000000080900000|100%| O|  |TAMS 0x0000000080800000| PB 0x0000000080800000| Untracked |  0
|   9|0x0000000080900000, 0x0000000080a00000, 0x0000000080a00000|100%| O|  |TAMS 0x0000000080900000| PB 0x0000000080900000| Untracked |  0
|  10|0x0000000080a00000, 0x0000000080b00000, 0x0000000080b00000|100%| O|  |TAMS 0x0000000080a00000| PB 0x0000000080a00000| Untracked |  0
|  11|0x0000000080b00000, 0x0000000080c00000, 0x0000000080c00000|100%| O|  |TAMS 0x0000000080b00000| PB 0x0000000080b00000| Untracked |  0
|  12|0x0000000080c00000, 0x0000000080d00000, 0x0000000080d00000|100%| O|  |TAMS 0x0000000080c00000| PB 0x0000000080c00000| Untracked |  0
|  13|0x0000000080d00000, 0x0000000080e00000, 0x0000000080e00000|100%| O|  |TAMS 0x0000000080d00000| PB 0x0000000080d00000| Untracked |  0
|  14|0x0000000080e00000, 0x0000000080f00000, 0x0000000080f00000|100%| O|  |TAMS 0x0000000080e00000| PB 0x0000000080e00000| Untracked |  0
|  15|0x0000000080f00000, 0x0000000081000000, 0x0000000081000000|100%| O|  |TAMS 0x0000000080f00000| PB 0x0000000080f00000| Untracked |  0
|  16|0x0000000081000000, 0x0000000081100000, 0x0000000081100000|100%| O|  |TAMS 0x0000000081000000| PB 0x0000000081000000| Untracked |  0
|  17|0x0000000081100000, 0x0000000081200000, 0x0000000081200000|100%| O|  |TAMS 0x0000000081100000| PB 0x0000000081100000| Untracked |  0
|  18|0x0000000081200000, 0x0000000081300000, 0x0000000081300000|100%| O|  |TAMS 0x0000000081200000| PB 0x0000000081200000| Untracked |  0
|  19|0x0000000081300000, 0x0000000081400000, 0x0000000081400000|100%| O|  |TAMS 0x0000000081300000| PB 0x0000000081300000| Untracked |  0
|  20|0x0000000081400000, 0x0000000081500000, 0x0000000081500000|100%| O|  |TAMS 0x0000000081400000| PB 0x0000000081400000| Untracked |  0
|  21|0x0000000081500000, 0x0000000081500000, 0x0000000081600000|  0%| F|  |TAMS 0x0000000081500000| PB 0x0000000081500000| Untracked |  0
|  22|0x0000000081600000, 0x0000000081700000, 0x0000000081700000|100%| O|  |TAMS 0x0000000081600000| PB 0x0000000081600000| Untracked |  0
|  23|0x0000000081700000, 0x0000000081800000, 0x0000000081800000|100%| O|  |TAMS 0x0000000081700000| PB 0x0000000081700000| Untracked |  0
|  24|0x0000000081800000, 0x0000000081900000, 0x0000000081900000|100%|HS|  |TAMS 0x0000000081800000| PB 0x0000000081800000| Complete |  0
|  25|0x0000000081900000, 0x0000000081a00000, 0x0000000081a00000|100%|HC|  |TAMS 0x0000000081900000| PB 0x0000000081900000| Complete |  0
|  26|0x0000000081a00000, 0x0000000081b00000, 0x0000000081b00000|100%|HS|  |TAMS 0x0000000081a00000| PB 0x0000000081a00000| Complete |  0
|  27|0x0000000081b00000, 0x0000000081c00000, 0x0000000081c00000|100%|HC|  |TAMS 0x0000000081b00000| PB 0x0000000081b00000| Complete |  0
|  28|0x0000000081c00000, 0x0000000081d00000, 0x0000000081d00000|100%| O|  |TAMS 0x0000000081c00000| PB 0x0000000081c00000| Untracked |  0
|  29|0x0000000081d00000, 0x0000000081e00000, 0x0000000081e00000|100%| O|  |TAMS 0x0000000081d00000| PB 0x0000000081d00000| Untracked |  0
|  30|0x0000000081e00000, 0x0000000081f00000, 0x0000000081f00000|100%| O|  |TAMS 0x0000000081e00000| PB 0x0000000081e00000| Untracked |  0
|  31|0x0000000081f00000, 0x0000000082000000, 0x0000000082000000|100%| O|  |TAMS 0x0000000081f00000| PB 0x0000000081f00000| Untracked |  0
|  32|0x0000000082000000, 0x0000000082100000, 0x0000000082100000|100%| O|  |TAMS 0x0000000082000000| PB 0x0000000082000000| Untracked |  0
|  33|0x0000000082100000, 0x0000000082200000, 0x0000000082200000|100%| O|  |TAMS 0x0000000082100000| PB 0x0000000082100000| Untracked |  0
|  34|0x0000000082200000, 0x0000000082300000, 0x0000000082300000|100%| O|  |TAMS 0x0000000082200000| PB 0x0000000082200000| Untracked |  0
|  35|0x0000000082300000, 0x0000000082400000, 0x0000000082400000|100%| O|  |TAMS 0x0000000082300000| PB 0x0000000082300000| Untracked |  0
|  36|0x0000000082400000, 0x0000000082500000, 0x0000000082500000|100%| O|  |TAMS 0x0000000082400000| PB 0x0000000082400000| Untracked |  0
|  37|0x0000000082500000, 0x0000000082600000, 0x0000000082600000|100%| O|  |TAMS 0x0000000082500000| PB 0x0000000082500000| Untracked |  0
|  38|0x0000000082600000, 0x0000000082700000, 0x0000000082700000|100%| O|  |TAMS 0x0000000082600000| PB 0x0000000082600000| Untracked |  0
|  39|0x0000000082700000, 0x0000000082800000, 0x0000000082800000|100%| O|  |TAMS 0x0000000082700000| PB 0x0000000082700000| Untracked |  0
|  40|0x0000000082800000, 0x0000000082800000, 0x0000000082900000|  0%| F|  |TAMS 0x0000000082800000| PB 0x0000000082800000| Untracked |  0
|  41|0x0000000082900000, 0x0000000082a00000, 0x0000000082a00000|100%| O|  |TAMS 0x0000000082900000| PB 0x0000000082900000| Untracked |  0
|  42|0x0000000082a00000, 0x0000000082b00000, 0x0000000082b00000|100%| O|  |TAMS 0x0000000082a00000| PB 0x0000000082a00000| Untracked |  0
|  43|0x0000000082b00000, 0x0000000082c00000, 0x0000000082c00000|100%| O|  |TAMS 0x0000000082b00000| PB 0x0000000082b00000| Untracked |  0
|  44|0x0000000082c00000, 0x0000000082d00000, 0x0000000082d00000|100%| O|  |TAMS 0x0000000082c00000| PB 0x0000000082c00000| Untracked |  0
|  45|0x0000000082d00000, 0x0000000082e00000, 0x0000000082e00000|100%|HS|  |TAMS 0x0000000082d00000| PB 0x0000000082d00000| Complete |  0
|  46|0x0000000082e00000, 0x0000000082f00000, 0x0000000082f00000|100%|HC|  |TAMS 0x0000000082e00000| PB 0x0000000082e00000| Complete |  0
|  47|0x0000000082f00000, 0x0000000083000000, 0x0000000083000000|100%|HC|  |TAMS 0x0000000082f00000| PB 0x0000000082f00000| Complete |  0
|  48|0x0000000083000000, 0x0000000083100000, 0x0000000083100000|100%|HC|  |TAMS 0x0000000083000000| PB 0x0000000083000000| Complete |  0
|  49|0x0000000083100000, 0x0000000083200000, 0x0000000083200000|100%| O|  |TAMS 0x0000000083100000| PB 0x0000000083100000| Untracked |  0
|  50|0x0000000083200000, 0x0000000083300000, 0x0000000083300000|100%| O|  |TAMS 0x0000000083200000| PB 0x0000000083200000| Untracked |  0
|  51|0x0000000083300000, 0x0000000083400000, 0x0000000083400000|100%| O|  |TAMS 0x0000000083300000| PB 0x0000000083300000| Untracked |  0
|  52|0x0000000083400000, 0x0000000083500000, 0x0000000083500000|100%| O|  |TAMS 0x0000000083400000| PB 0x0000000083400000| Untracked |  0
|  53|0x0000000083500000, 0x0000000083600000, 0x0000000083600000|100%| O|  |TAMS 0x0000000083500000| PB 0x0000000083500000| Untracked |  0
|  54|0x0000000083600000, 0x0000000083700000, 0x0000000083700000|100%| O|  |TAMS 0x0000000083600000| PB 0x0000000083600000| Untracked |  0
|  55|0x0000000083700000, 0x00000000837ee9f0, 0x0000000083800000| 93%| O|  |TAMS 0x0000000083700000| PB 0x0000000083700000| Untracked |  0
|  56|0x0000000083800000, 0x0000000083900000, 0x0000000083900000|100%| O|  |TAMS 0x0000000083800000| PB 0x0000000083800000| Untracked |  0
|  57|0x0000000083900000, 0x0000000083a00000, 0x0000000083a00000|100%| O|  |TAMS 0x0000000083900000| PB 0x0000000083900000| Untracked |  0
|  58|0x0000000083a00000, 0x0000000083b00000, 0x0000000083b00000|100%| O|  |TAMS 0x0000000083a00000| PB 0x0000000083a00000| Untracked |  0
|  59|0x0000000083b00000, 0x0000000083c00000, 0x0000000083c00000|100%| O|  |TAMS 0x0000000083b00000| PB 0x0000000083b00000| Untracked |  0
|  60|0x0000000083c00000, 0x0000000083d00000, 0x0000000083d00000|100%| O|  |TAMS 0x0000000083c00000| PB 0x0000000083c00000| Untracked |  0
|  61|0x0000000083d00000, 0x0000000083e00000, 0x0000000083e00000|100%| O|  |TAMS 0x0000000083d00000| PB 0x0000000083d00000| Untracked |  0
|  62|0x0000000083e00000, 0x0000000083f00000, 0x0000000083f00000|100%| O|Cm|TAMS 0x0000000083e00000| PB 0x0000000083e00000| Complete |  0
|  63|0x0000000083f00000, 0x0000000084000000, 0x0000000084000000|100%| O|  |TAMS 0x0000000083f00000| PB 0x0000000083f00000| Untracked |  0
|  64|0x0000000084000000, 0x0000000084000000, 0x0000000084100000|  0%| F|  |TAMS 0x0000000084000000| PB 0x0000000084000000| Untracked |  0
|  65|0x0000000084100000, 0x0000000084200000, 0x0000000084200000|100%| O|  |TAMS 0x0000000084100000| PB 0x0000000084100000| Untracked |  0
|  66|0x0000000084200000, 0x0000000084300000, 0x0000000084300000|100%| O|Cm|TAMS 0x0000000084200000| PB 0x0000000084200000| Complete |  0
|  67|0x0000000084300000, 0x0000000084300000, 0x0000000084400000|  0%| F|  |TAMS 0x0000000084300000| PB 0x0000000084300000| Untracked |  0
|  68|0x0000000084400000, 0x0000000084500000, 0x0000000084500000|100%| O|  |TAMS 0x0000000084400000| PB 0x0000000084400000| Untracked |  0
|  69|0x0000000084500000, 0x0000000084600000, 0x0000000084600000|100%| O|  |TAMS 0x0000000084500000| PB 0x0000000084500000| Untracked |  0
|  70|0x0000000084600000, 0x0000000084600000, 0x0000000084700000|  0%| F|  |TAMS 0x0000000084600000| PB 0x0000000084600000| Untracked |  0
|  71|0x0000000084700000, 0x0000000084800000, 0x0000000084800000|100%| O|  |TAMS 0x0000000084700000| PB 0x0000000084700000| Untracked |  0
|  72|0x0000000084800000, 0x0000000084900000, 0x0000000084900000|100%| O|  |TAMS 0x0000000084800000| PB 0x0000000084800000| Untracked |  0
|  73|0x0000000084900000, 0x0000000084a00000, 0x0000000084a00000|100%| O|  |TAMS 0x0000000084900000| PB 0x0000000084900000| Untracked |  0
|  74|0x0000000084a00000, 0x0000000084b00000, 0x0000000084b00000|100%| O|  |TAMS 0x0000000084a00000| PB 0x0000000084a00000| Untracked |  0
|  75|0x0000000084b00000, 0x0000000084c00000, 0x0000000084c00000|100%| O|  |TAMS 0x0000000084b00000| PB 0x0000000084b00000| Untracked |  0
|  76|0x0000000084c00000, 0x0000000084d00000, 0x0000000084d00000|100%| O|  |TAMS 0x0000000084c00000| PB 0x0000000084c00000| Untracked |  0
|  77|0x0000000084d00000, 0x0000000084e00000, 0x0000000084e00000|100%| O|  |TAMS 0x0000000084d00000| PB 0x0000000084d00000| Untracked |  0
|  78|0x0000000084e00000, 0x0000000084f00000, 0x0000000084f00000|100%| O|  |TAMS 0x0000000084e00000| PB 0x0000000084e00000| Untracked |  0
|  79|0x0000000084f00000, 0x0000000085000000, 0x0000000085000000|100%| O|  |TAMS 0x0000000084f00000| PB 0x0000000084f00000| Untracked |  0
|  80|0x0000000085000000, 0x0000000085000000, 0x0000000085100000|  0%| F|  |TAMS 0x0000000085000000| PB 0x0000000085000000| Untracked |  0
|  81|0x0000000085100000, 0x0000000085100000, 0x0000000085200000|  0%| F|  |TAMS 0x0000000085100000| PB 0x0000000085100000| Untracked |  0
|  82|0x0000000085200000, 0x0000000085200000, 0x0000000085300000|  0%| F|  |TAMS 0x0000000085200000| PB 0x0000000085200000| Untracked |  0
|  83|0x0000000085300000, 0x0000000085300000, 0x0000000085400000|  0%| F|  |TAMS 0x0000000085300000| PB 0x0000000085300000| Untracked |  0
|  84|0x0000000085400000, 0x0000000085400000, 0x0000000085500000|  0%| F|  |TAMS 0x0000000085400000| PB 0x0000000085400000| Untracked |  0
|  85|0x0000000085500000, 0x0000000085500000, 0x0000000085600000|  0%| F|  |TAMS 0x0000000085500000| PB 0x0000000085500000| Untracked |  0
|  86|0x0000000085600000, 0x0000000085600000, 0x0000000085700000|  0%| F|  |TAMS 0x0000000085600000| PB 0x0000000085600000| Untracked |  0
|  87|0x0000000085700000, 0x0000000085700000, 0x0000000085800000|  0%| F|  |TAMS 0x0000000085700000| PB 0x0000000085700000| Untracked |  0
|  88|0x0000000085800000, 0x0000000085800000, 0x0000000085900000|  0%| F|  |TAMS 0x0000000085800000| PB 0x0000000085800000| Untracked |  0
|  89|0x0000000085900000, 0x0000000085a00000, 0x0000000085a00000|100%| S|CS|TAMS 0x0000000085900000| PB 0x0000000085900000| Complete |  0
|  90|0x0000000085a00000, 0x0000000085b00000, 0x0000000085b00000|100%| S|CS|TAMS 0x0000000085a00000| PB 0x0000000085a00000| Complete |  0
|  91|0x0000000085b00000, 0x0000000085c00000, 0x0000000085c00000|100%| S|CS|TAMS 0x0000000085b00000| PB 0x0000000085b00000| Complete |  0
|  92|0x0000000085c00000, 0x0000000085d00000, 0x0000000085d00000|100%| S|CS|TAMS 0x0000000085c00000| PB 0x0000000085c00000| Complete |  0
|  93|0x0000000085d00000, 0x0000000085e00000, 0x0000000085e00000|100%| S|CS|TAMS 0x0000000085d00000| PB 0x0000000085d00000| Complete |  0
|  94|0x0000000085e00000, 0x0000000085f00000, 0x0000000085f00000|100%| S|CS|TAMS 0x0000000085e00000| PB 0x0000000085e00000| Complete |  0
|  95|0x0000000085f00000, 0x0000000086000000, 0x0000000086000000|100%| S|CS|TAMS 0x0000000085f00000| PB 0x0000000085f00000| Complete |  0
|  96|0x0000000086000000, 0x0000000086100000, 0x0000000086100000|100%| S|CS|TAMS 0x0000000086000000| PB 0x0000000086000000| Complete |  0
|  97|0x0000000086100000, 0x0000000086200000, 0x0000000086200000|100%| S|CS|TAMS 0x0000000086100000| PB 0x0000000086100000| Complete |  0
|  98|0x0000000086200000, 0x0000000086300000, 0x0000000086300000|100%| S|CS|TAMS 0x0000000086200000| PB 0x0000000086200000| Complete |  0
|  99|0x0000000086300000, 0x0000000086400000, 0x0000000086400000|100%| S|CS|TAMS 0x0000000086300000| PB 0x0000000086300000| Complete |  0
| 100|0x0000000086400000, 0x0000000086500000, 0x0000000086500000|100%| S|CS|TAMS 0x0000000086400000| PB 0x0000000086400000| Complete |  0
| 101|0x0000000086500000, 0x0000000086600000, 0x0000000086600000|100%| S|CS|TAMS 0x0000000086500000| PB 0x0000000086500000| Complete |  0
| 102|0x0000000086600000, 0x0000000086700000, 0x0000000086700000|100%| S|CS|TAMS 0x0000000086600000| PB 0x0000000086600000| Complete |  0
| 103|0x0000000086700000, 0x0000000086800000, 0x0000000086800000|100%| S|CS|TAMS 0x0000000086700000| PB 0x0000000086700000| Complete |  0
| 104|0x0000000086800000, 0x0000000086900000, 0x0000000086900000|100%| S|CS|TAMS 0x0000000086800000| PB 0x0000000086800000| Complete |  0
| 105|0x0000000086900000, 0x0000000086a00000, 0x0000000086a00000|100%| S|CS|TAMS 0x0000000086900000| PB 0x0000000086900000| Complete |  0
| 106|0x0000000086a00000, 0x0000000086b00000, 0x0000000086b00000|100%| S|CS|TAMS 0x0000000086a00000| PB 0x0000000086a00000| Complete |  0
| 107|0x0000000086b00000, 0x0000000086b00000, 0x0000000086c00000|  0%| F|  |TAMS 0x0000000086b00000| PB 0x0000000086b00000| Untracked |  0
| 108|0x0000000086c00000, 0x0000000086c00000, 0x0000000086d00000|  0%| F|  |TAMS 0x0000000086c00000| PB 0x0000000086c00000| Untracked |  0
| 109|0x0000000086d00000, 0x0000000086d00000, 0x0000000086e00000|  0%| F|  |TAMS 0x0000000086d00000| PB 0x0000000086d00000| Untracked |  0
| 110|0x0000000086e00000, 0x0000000086e00000, 0x0000000086f00000|  0%| F|  |TAMS 0x0000000086e00000| PB 0x0000000086e00000| Untracked |  0
| 111|0x0000000086f00000, 0x0000000086f00000, 0x0000000087000000|  0%| F|  |TAMS 0x0000000086f00000| PB 0x0000000086f00000| Untracked |  0
| 112|0x0000000087000000, 0x0000000087000000, 0x0000000087100000|  0%| F|  |TAMS 0x0000000087000000| PB 0x0000000087000000| Untracked |  0
| 113|0x0000000087100000, 0x0000000087100000, 0x0000000087200000|  0%| F|  |TAMS 0x0000000087100000| PB 0x0000000087100000| Untracked |  0
| 114|0x0000000087200000, 0x0000000087200000, 0x0000000087300000|  0%| F|  |TAMS 0x0000000087200000| PB 0x0000000087200000| Untracked |  0
| 115|0x0000000087300000, 0x0000000087300000, 0x0000000087400000|  0%| F|  |TAMS 0x0000000087300000| PB 0x0000000087300000| Untracked |  0
| 116|0x0000000087400000, 0x0000000087400000, 0x0000000087500000|  0%| F|  |TAMS 0x0000000087400000| PB 0x0000000087400000| Untracked |  0
| 117|0x0000000087500000, 0x0000000087500000, 0x0000000087600000|  0%| F|  |TAMS 0x0000000087500000| PB 0x0000000087500000| Untracked |  0
| 118|0x0000000087600000, 0x0000000087700000, 0x0000000087700000|100%| S|CS|TAMS 0x0000000087600000| PB 0x0000000087600000| Complete |  0
| 119|0x0000000087700000, 0x0000000087800000, 0x0000000087800000|100%| S|CS|TAMS 0x0000000087700000| PB 0x0000000087700000| Complete |  0
| 120|0x0000000087800000, 0x0000000087900000, 0x0000000087900000|100%| S|CS|TAMS 0x0000000087800000| PB 0x0000000087800000| Complete |  0
| 121|0x0000000087900000, 0x0000000087900000, 0x0000000087a00000|  0%| F|  |TAMS 0x0000000087900000| PB 0x0000000087900000| Untracked |  0
| 122|0x0000000087a00000, 0x0000000087a00000, 0x0000000087b00000|  0%| F|  |TAMS 0x0000000087a00000| PB 0x0000000087a00000| Untracked |  0
| 123|0x0000000087b00000, 0x0000000087b00000, 0x0000000087c00000|  0%| F|  |TAMS 0x0000000087b00000| PB 0x0000000087b00000| Untracked |  0
| 124|0x0000000087c00000, 0x0000000087c00000, 0x0000000087d00000|  0%| F|  |TAMS 0x0000000087c00000| PB 0x0000000087c00000| Untracked |  0
| 125|0x0000000087d00000, 0x0000000087d00000, 0x0000000087e00000|  0%| F|  |TAMS 0x0000000087d00000| PB 0x0000000087d00000| Untracked |  0
| 126|0x0000000087e00000, 0x0000000087e00000, 0x0000000087f00000|  0%| F|  |TAMS 0x0000000087e00000| PB 0x0000000087e00000| Untracked |  0
| 127|0x0000000087f00000, 0x0000000087f00000, 0x0000000088000000|  0%| F|  |TAMS 0x0000000087f00000| PB 0x0000000087f00000| Untracked |  0
| 128|0x0000000088000000, 0x0000000088000000, 0x0000000088100000|  0%| F|  |TAMS 0x0000000088000000| PB 0x0000000088000000| Untracked |  0
| 129|0x0000000088100000, 0x0000000088100000, 0x0000000088200000|  0%| F|  |TAMS 0x0000000088100000| PB 0x0000000088100000| Untracked |  0
| 130|0x0000000088200000, 0x0000000088200000, 0x0000000088300000|  0%| F|  |TAMS 0x0000000088200000| PB 0x0000000088200000| Untracked |  0
| 131|0x0000000088300000, 0x0000000088300000, 0x0000000088400000|  0%| F|  |TAMS 0x0000000088300000| PB 0x0000000088300000| Untracked |  0
| 132|0x0000000088400000, 0x0000000088400000, 0x0000000088500000|  0%| F|  |TAMS 0x0000000088400000| PB 0x0000000088400000| Untracked |  0
| 133|0x0000000088500000, 0x0000000088500000, 0x0000000088600000|  0%| F|  |TAMS 0x0000000088500000| PB 0x0000000088500000| Untracked |  0
| 134|0x0000000088600000, 0x0000000088600000, 0x0000000088700000|  0%| F|  |TAMS 0x0000000088600000| PB 0x0000000088600000| Untracked |  0
| 135|0x0000000088700000, 0x0000000088700000, 0x0000000088800000|  0%| F|  |TAMS 0x0000000088700000| PB 0x0000000088700000| Untracked |  0
| 136|0x0000000088800000, 0x0000000088800000, 0x0000000088900000|  0%| F|  |TAMS 0x0000000088800000| PB 0x0000000088800000| Untracked |  0
| 137|0x0000000088900000, 0x0000000088900000, 0x0000000088a00000|  0%| F|  |TAMS 0x0000000088900000| PB 0x0000000088900000| Untracked |  0
| 138|0x0000000088a00000, 0x0000000088a00000, 0x0000000088b00000|  0%| F|  |TAMS 0x0000000088a00000| PB 0x0000000088a00000| Untracked |  0
| 139|0x0000000088b00000, 0x0000000088b00000, 0x0000000088c00000|  0%| F|  |TAMS 0x0000000088b00000| PB 0x0000000088b00000| Untracked |  0
| 140|0x0000000088c00000, 0x0000000088c00000, 0x0000000088d00000|  0%| F|  |TAMS 0x0000000088c00000| PB 0x0000000088c00000| Untracked |  0
| 141|0x0000000088d00000, 0x0000000088d00000, 0x0000000088e00000|  0%| F|  |TAMS 0x0000000088d00000| PB 0x0000000088d00000| Untracked |  0
| 142|0x0000000088e00000, 0x0000000088e00000, 0x0000000088f00000|  0%| F|  |TAMS 0x0000000088e00000| PB 0x0000000088e00000| Untracked |  0
| 143|0x0000000088f00000, 0x0000000088f00000, 0x0000000089000000|  0%| F|  |TAMS 0x0000000088f00000| PB 0x0000000088f00000| Untracked |  0
| 144|0x0000000089000000, 0x0000000089000000, 0x0000000089100000|  0%| F|  |TAMS 0x0000000089000000| PB 0x0000000089000000| Untracked |  0
| 145|0x0000000089100000, 0x0000000089100000, 0x0000000089200000|  0%| F|  |TAMS 0x0000000089100000| PB 0x0000000089100000| Untracked |  0
| 146|0x0000000089200000, 0x0000000089200000, 0x0000000089300000|  0%| F|  |TAMS 0x0000000089200000| PB 0x0000000089200000| Untracked |  0
| 147|0x0000000089300000, 0x0000000089300000, 0x0000000089400000|  0%| F|  |TAMS 0x0000000089300000| PB 0x0000000089300000| Untracked |  0
| 148|0x0000000089400000, 0x0000000089400000, 0x0000000089500000|  0%| F|  |TAMS 0x0000000089400000| PB 0x0000000089400000| Untracked |  0
| 149|0x0000000089500000, 0x0000000089500000, 0x0000000089600000|  0%| F|  |TAMS 0x0000000089500000| PB 0x0000000089500000| Untracked |  0
| 150|0x0000000089600000, 0x0000000089600000, 0x0000000089700000|  0%| F|  |TAMS 0x0000000089600000| PB 0x0000000089600000| Untracked |  0
| 151|0x0000000089700000, 0x0000000089700000, 0x0000000089800000|  0%| F|  |TAMS 0x0000000089700000| PB 0x0000000089700000| Untracked |  0
| 152|0x0000000089800000, 0x0000000089800000, 0x0000000089900000|  0%| F|  |TAMS 0x0000000089800000| PB 0x0000000089800000| Untracked |  0
| 153|0x0000000089900000, 0x0000000089900000, 0x0000000089a00000|  0%| F|  |TAMS 0x0000000089900000| PB 0x0000000089900000| Untracked |  0
| 154|0x0000000089a00000, 0x0000000089a00000, 0x0000000089b00000|  0%| F|  |TAMS 0x0000000089a00000| PB 0x0000000089a00000| Untracked |  0
| 155|0x0000000089b00000, 0x0000000089b00000, 0x0000000089c00000|  0%| F|  |TAMS 0x0000000089b00000| PB 0x0000000089b00000| Untracked |  0
| 156|0x0000000089c00000, 0x0000000089c00000, 0x0000000089d00000|  0%| F|  |TAMS 0x0000000089c00000| PB 0x0000000089c00000| Untracked |  0
| 157|0x0000000089d00000, 0x0000000089d00000, 0x0000000089e00000|  0%| F|  |TAMS 0x0000000089d00000| PB 0x0000000089d00000| Untracked |  0
| 158|0x0000000089e00000, 0x0000000089e00000, 0x0000000089f00000|  0%| F|  |TAMS 0x0000000089e00000| PB 0x0000000089e00000| Untracked |  0
| 159|0x0000000089f00000, 0x0000000089f00000, 0x000000008a000000|  0%| F|  |TAMS 0x0000000089f00000| PB 0x0000000089f00000| Untracked |  0
| 160|0x000000008a000000, 0x000000008a000000, 0x000000008a100000|  0%| F|  |TAMS 0x000000008a000000| PB 0x000000008a000000| Untracked |  0
| 161|0x000000008a100000, 0x000000008a100000, 0x000000008a200000|  0%| F|  |TAMS 0x000000008a100000| PB 0x000000008a100000| Untracked |  0
| 162|0x000000008a200000, 0x000000008a200000, 0x000000008a300000|  0%| F|  |TAMS 0x000000008a200000| PB 0x000000008a200000| Untracked |  0
| 163|0x000000008a300000, 0x000000008a300000, 0x000000008a400000|  0%| F|  |TAMS 0x000000008a300000| PB 0x000000008a300000| Untracked |  0
| 164|0x000000008a400000, 0x000000008a400000, 0x000000008a500000|  0%| F|  |TAMS 0x000000008a400000| PB 0x000000008a400000| Untracked |  0
| 165|0x000000008a500000, 0x000000008a500000, 0x000000008a600000|  0%| F|  |TAMS 0x000000008a500000| PB 0x000000008a500000| Untracked |  0
| 166|0x000000008a600000, 0x000000008a600000, 0x000000008a700000|  0%| F|  |TAMS 0x000000008a600000| PB 0x000000008a600000| Untracked |  0
| 167|0x000000008a700000, 0x000000008a700000, 0x000000008a800000|  0%| F|  |TAMS 0x000000008a700000| PB 0x000000008a700000| Untracked |  0
| 168|0x000000008a800000, 0x000000008a800000, 0x000000008a900000|  0%| F|  |TAMS 0x000000008a800000| PB 0x000000008a800000| Untracked |  0
| 169|0x000000008a900000, 0x000000008a900000, 0x000000008aa00000|  0%| F|  |TAMS 0x000000008a900000| PB 0x000000008a900000| Untracked |  0
| 170|0x000000008aa00000, 0x000000008aa00000, 0x000000008ab00000|  0%| F|  |TAMS 0x000000008aa00000| PB 0x000000008aa00000| Untracked |  0
| 171|0x000000008ab00000, 0x000000008ab00000, 0x000000008ac00000|  0%| F|  |TAMS 0x000000008ab00000| PB 0x000000008ab00000| Untracked |  0
| 172|0x000000008ac00000, 0x000000008ac00000, 0x000000008ad00000|  0%| F|  |TAMS 0x000000008ac00000| PB 0x000000008ac00000| Untracked |  0
| 173|0x000000008ad00000, 0x000000008ad00000, 0x000000008ae00000|  0%| F|  |TAMS 0x000000008ad00000| PB 0x000000008ad00000| Untracked |  0
| 174|0x000000008ae00000, 0x000000008ae00000, 0x000000008af00000|  0%| F|  |TAMS 0x000000008ae00000| PB 0x000000008ae00000| Untracked |  0
| 175|0x000000008af00000, 0x000000008af00000, 0x000000008b000000|  0%| F|  |TAMS 0x000000008af00000| PB 0x000000008af00000| Untracked |  0
| 176|0x000000008b000000, 0x000000008b000000, 0x000000008b100000|  0%| F|  |TAMS 0x000000008b000000| PB 0x000000008b000000| Untracked |  0
| 177|0x000000008b100000, 0x000000008b100000, 0x000000008b200000|  0%| F|  |TAMS 0x000000008b100000| PB 0x000000008b100000| Untracked |  0
| 178|0x000000008b200000, 0x000000008b200000, 0x000000008b300000|  0%| F|  |TAMS 0x000000008b200000| PB 0x000000008b200000| Untracked |  0
| 179|0x000000008b300000, 0x000000008b300000, 0x000000008b400000|  0%| F|  |TAMS 0x000000008b300000| PB 0x000000008b300000| Untracked |  0
| 180|0x000000008b400000, 0x000000008b400000, 0x000000008b500000|  0%| F|  |TAMS 0x000000008b400000| PB 0x000000008b400000| Untracked |  0
| 181|0x000000008b500000, 0x000000008b500000, 0x000000008b600000|  0%| F|  |TAMS 0x000000008b500000| PB 0x000000008b500000| Untracked |  0
| 182|0x000000008b600000, 0x000000008b600000, 0x000000008b700000|  0%| F|  |TAMS 0x000000008b600000| PB 0x000000008b600000| Untracked |  0
| 183|0x000000008b700000, 0x000000008b700000, 0x000000008b800000|  0%| F|  |TAMS 0x000000008b700000| PB 0x000000008b700000| Untracked |  0
| 184|0x000000008b800000, 0x000000008b800000, 0x000000008b900000|  0%| F|  |TAMS 0x000000008b800000| PB 0x000000008b800000| Untracked |  0
| 185|0x000000008b900000, 0x000000008b900000, 0x000000008ba00000|  0%| F|  |TAMS 0x000000008b900000| PB 0x000000008b900000| Untracked |  0
| 186|0x000000008ba00000, 0x000000008ba00000, 0x000000008bb00000|  0%| F|  |TAMS 0x000000008ba00000| PB 0x000000008ba00000| Untracked |  0
| 187|0x000000008bb00000, 0x000000008bb00000, 0x000000008bc00000|  0%| F|  |TAMS 0x000000008bb00000| PB 0x000000008bb00000| Untracked |  0
| 188|0x000000008bc00000, 0x000000008bc00000, 0x000000008bd00000|  0%| F|  |TAMS 0x000000008bc00000| PB 0x000000008bc00000| Untracked |  0
| 189|0x000000008bd00000, 0x000000008bd00000, 0x000000008be00000|  0%| F|  |TAMS 0x000000008bd00000| PB 0x000000008bd00000| Untracked |  0
| 190|0x000000008be00000, 0x000000008be00000, 0x000000008bf00000|  0%| F|  |TAMS 0x000000008be00000| PB 0x000000008be00000| Untracked |  0
| 191|0x000000008bf00000, 0x000000008bf00000, 0x000000008c000000|  0%| F|  |TAMS 0x000000008bf00000| PB 0x000000008bf00000| Untracked |  0
| 192|0x000000008c000000, 0x000000008c000000, 0x000000008c100000|  0%| F|  |TAMS 0x000000008c000000| PB 0x000000008c000000| Untracked |  0
| 193|0x000000008c100000, 0x000000008c100000, 0x000000008c200000|  0%| F|  |TAMS 0x000000008c100000| PB 0x000000008c100000| Untracked |  0
| 194|0x000000008c200000, 0x000000008c200000, 0x000000008c300000|  0%| F|  |TAMS 0x000000008c200000| PB 0x000000008c200000| Untracked |  0
| 195|0x000000008c300000, 0x000000008c300000, 0x000000008c400000|  0%| F|  |TAMS 0x000000008c300000| PB 0x000000008c300000| Untracked |  0
| 196|0x000000008c400000, 0x000000008c400000, 0x000000008c500000|  0%| F|  |TAMS 0x000000008c400000| PB 0x000000008c400000| Untracked |  0
| 197|0x000000008c500000, 0x000000008c500000, 0x000000008c600000|  0%| F|  |TAMS 0x000000008c500000| PB 0x000000008c500000| Untracked |  0
| 198|0x000000008c600000, 0x000000008c600000, 0x000000008c700000|  0%| F|  |TAMS 0x000000008c600000| PB 0x000000008c600000| Untracked |  0
| 199|0x000000008c700000, 0x000000008c700000, 0x000000008c800000|  0%| F|  |TAMS 0x000000008c700000| PB 0x000000008c700000| Untracked |  0
| 200|0x000000008c800000, 0x000000008c800000, 0x000000008c900000|  0%| F|  |TAMS 0x000000008c800000| PB 0x000000008c800000| Untracked |  0
| 201|0x000000008c900000, 0x000000008c900000, 0x000000008ca00000|  0%| F|  |TAMS 0x000000008c900000| PB 0x000000008c900000| Untracked |  0
| 202|0x000000008ca00000, 0x000000008ca00000, 0x000000008cb00000|  0%| F|  |TAMS 0x000000008ca00000| PB 0x000000008ca00000| Untracked |  0
| 203|0x000000008cb00000, 0x000000008cb00000, 0x000000008cc00000|  0%| F|  |TAMS 0x000000008cb00000| PB 0x000000008cb00000| Untracked |  0
| 204|0x000000008cc00000, 0x000000008cc00000, 0x000000008cd00000|  0%| F|  |TAMS 0x000000008cc00000| PB 0x000000008cc00000| Untracked |  0
| 205|0x000000008cd00000, 0x000000008cd00000, 0x000000008ce00000|  0%| F|  |TAMS 0x000000008cd00000| PB 0x000000008cd00000| Untracked |  0
| 206|0x000000008ce00000, 0x000000008ce00000, 0x000000008cf00000|  0%| F|  |TAMS 0x000000008ce00000| PB 0x000000008ce00000| Untracked |  0
| 207|0x000000008cf00000, 0x000000008cf00000, 0x000000008d000000|  0%| F|  |TAMS 0x000000008cf00000| PB 0x000000008cf00000| Untracked |  0
| 208|0x000000008d000000, 0x000000008d000000, 0x000000008d100000|  0%| F|  |TAMS 0x000000008d000000| PB 0x000000008d000000| Untracked |  0
| 209|0x000000008d100000, 0x000000008d100000, 0x000000008d200000|  0%| F|  |TAMS 0x000000008d100000| PB 0x000000008d100000| Untracked |  0
| 210|0x000000008d200000, 0x000000008d200000, 0x000000008d300000|  0%| F|  |TAMS 0x000000008d200000| PB 0x000000008d200000| Untracked |  0
| 211|0x000000008d300000, 0x000000008d300000, 0x000000008d400000|  0%| F|  |TAMS 0x000000008d300000| PB 0x000000008d300000| Untracked |  0
| 212|0x000000008d400000, 0x000000008d400000, 0x000000008d500000|  0%| F|  |TAMS 0x000000008d400000| PB 0x000000008d400000| Untracked |  0
| 213|0x000000008d500000, 0x000000008d500000, 0x000000008d600000|  0%| F|  |TAMS 0x000000008d500000| PB 0x000000008d500000| Untracked |  0
| 214|0x000000008d600000, 0x000000008d600000, 0x000000008d700000|  0%| F|  |TAMS 0x000000008d600000| PB 0x000000008d600000| Untracked |  0
| 215|0x000000008d700000, 0x000000008d700000, 0x000000008d800000|  0%| F|  |TAMS 0x000000008d700000| PB 0x000000008d700000| Untracked |  0
| 216|0x000000008d800000, 0x000000008d800000, 0x000000008d900000|  0%| F|  |TAMS 0x000000008d800000| PB 0x000000008d800000| Untracked |  0
| 217|0x000000008d900000, 0x000000008d900000, 0x000000008da00000|  0%| F|  |TAMS 0x000000008d900000| PB 0x000000008d900000| Untracked |  0
| 218|0x000000008da00000, 0x000000008da00000, 0x000000008db00000|  0%| F|  |TAMS 0x000000008da00000| PB 0x000000008da00000| Untracked |  0
| 219|0x000000008db00000, 0x000000008db00000, 0x000000008dc00000|  0%| F|  |TAMS 0x000000008db00000| PB 0x000000008db00000| Untracked |  0
| 220|0x000000008dc00000, 0x000000008dc00000, 0x000000008dd00000|  0%| F|  |TAMS 0x000000008dc00000| PB 0x000000008dc00000| Untracked |  0
| 221|0x000000008dd00000, 0x000000008dd00000, 0x000000008de00000|  0%| F|  |TAMS 0x000000008dd00000| PB 0x000000008dd00000| Untracked |  0
| 222|0x000000008de00000, 0x000000008de00000, 0x000000008df00000|  0%| F|  |TAMS 0x000000008de00000| PB 0x000000008de00000| Untracked |  0
| 223|0x000000008df00000, 0x000000008df00000, 0x000000008e000000|  0%| F|  |TAMS 0x000000008df00000| PB 0x000000008df00000| Untracked |  0
| 224|0x000000008e000000, 0x000000008e000000, 0x000000008e100000|  0%| F|  |TAMS 0x000000008e000000| PB 0x000000008e000000| Untracked |  0
| 225|0x000000008e100000, 0x000000008e100000, 0x000000008e200000|  0%| F|  |TAMS 0x000000008e100000| PB 0x000000008e100000| Untracked |  0
| 226|0x000000008e200000, 0x000000008e200000, 0x000000008e300000|  0%| F|  |TAMS 0x000000008e200000| PB 0x000000008e200000| Untracked |  0
| 227|0x000000008e300000, 0x000000008e300000, 0x000000008e400000|  0%| F|  |TAMS 0x000000008e300000| PB 0x000000008e300000| Untracked |  0
| 228|0x000000008e400000, 0x000000008e400000, 0x000000008e500000|  0%| F|  |TAMS 0x000000008e400000| PB 0x000000008e400000| Untracked |  0
| 229|0x000000008e500000, 0x000000008e500000, 0x000000008e600000|  0%| F|  |TAMS 0x000000008e500000| PB 0x000000008e500000| Untracked |  0
| 230|0x000000008e600000, 0x000000008e600000, 0x000000008e700000|  0%| F|  |TAMS 0x000000008e600000| PB 0x000000008e600000| Untracked |  0
| 231|0x000000008e700000, 0x000000008e700000, 0x000000008e800000|  0%| F|  |TAMS 0x000000008e700000| PB 0x000000008e700000| Untracked |  0
| 232|0x000000008e800000, 0x000000008e800000, 0x000000008e900000|  0%| F|  |TAMS 0x000000008e800000| PB 0x000000008e800000| Untracked |  0
| 233|0x000000008e900000, 0x000000008e900000, 0x000000008ea00000|  0%| F|  |TAMS 0x000000008e900000| PB 0x000000008e900000| Untracked |  0
| 234|0x000000008ea00000, 0x000000008ea00000, 0x000000008eb00000|  0%| F|  |TAMS 0x000000008ea00000| PB 0x000000008ea00000| Untracked |  0
| 235|0x000000008eb00000, 0x000000008eb00000, 0x000000008ec00000|  0%| F|  |TAMS 0x000000008eb00000| PB 0x000000008eb00000| Untracked |  0
| 236|0x000000008ec00000, 0x000000008ec00000, 0x000000008ed00000|  0%| F|  |TAMS 0x000000008ec00000| PB 0x000000008ec00000| Untracked |  0
| 237|0x000000008ed00000, 0x000000008ed00000, 0x000000008ee00000|  0%| F|  |TAMS 0x000000008ed00000| PB 0x000000008ed00000| Untracked |  0
| 238|0x000000008ee00000, 0x000000008ee00000, 0x000000008ef00000|  0%| F|  |TAMS 0x000000008ee00000| PB 0x000000008ee00000| Untracked |  0
| 239|0x000000008ef00000, 0x000000008ef00000, 0x000000008f000000|  0%| F|  |TAMS 0x000000008ef00000| PB 0x000000008ef00000| Untracked |  0
| 240|0x000000008f000000, 0x000000008f000000, 0x000000008f100000|  0%| F|  |TAMS 0x000000008f000000| PB 0x000000008f000000| Untracked |  0
| 241|0x000000008f100000, 0x000000008f100000, 0x000000008f200000|  0%| F|  |TAMS 0x000000008f100000| PB 0x000000008f100000| Untracked |  0
| 242|0x000000008f200000, 0x000000008f200000, 0x000000008f300000|  0%| F|  |TAMS 0x000000008f200000| PB 0x000000008f200000| Untracked |  0
| 243|0x000000008f300000, 0x000000008f300000, 0x000000008f400000|  0%| F|  |TAMS 0x000000008f300000| PB 0x000000008f300000| Untracked |  0
| 244|0x000000008f400000, 0x000000008f400000, 0x000000008f500000|  0%| F|  |TAMS 0x000000008f400000| PB 0x000000008f400000| Untracked |  0
| 245|0x000000008f500000, 0x000000008f500000, 0x000000008f600000|  0%| F|  |TAMS 0x000000008f500000| PB 0x000000008f500000| Untracked |  0
| 246|0x000000008f600000, 0x000000008f600000, 0x000000008f700000|  0%| F|  |TAMS 0x000000008f600000| PB 0x000000008f600000| Untracked |  0
| 247|0x000000008f700000, 0x000000008f700000, 0x000000008f800000|  0%| F|  |TAMS 0x000000008f700000| PB 0x000000008f700000| Untracked |  0
| 248|0x000000008f800000, 0x000000008f800000, 0x000000008f900000|  0%| F|  |TAMS 0x000000008f800000| PB 0x000000008f800000| Untracked |  0
| 249|0x000000008f900000, 0x000000008f900000, 0x000000008fa00000|  0%| F|  |TAMS 0x000000008f900000| PB 0x000000008f900000| Untracked |  0
| 250|0x000000008fa00000, 0x000000008fa00000, 0x000000008fb00000|  0%| F|  |TAMS 0x000000008fa00000| PB 0x000000008fa00000| Untracked |  0
| 251|0x000000008fb00000, 0x000000008fb00000, 0x000000008fc00000|  0%| F|  |TAMS 0x000000008fb00000| PB 0x000000008fb00000| Untracked |  0
| 252|0x000000008fc00000, 0x000000008fc00000, 0x000000008fd00000|  0%| F|  |TAMS 0x000000008fc00000| PB 0x000000008fc00000| Untracked |  0
| 253|0x000000008fd00000, 0x000000008fd00000, 0x000000008fe00000|  0%| F|  |TAMS 0x000000008fd00000| PB 0x000000008fd00000| Untracked |  0
| 254|0x000000008fe00000, 0x000000008fe00000, 0x000000008ff00000|  0%| F|  |TAMS 0x000000008fe00000| PB 0x000000008fe00000| Untracked |  0
| 255|0x000000008ff00000, 0x000000008ff00000, 0x0000000090000000|  0%| F|  |TAMS 0x000000008ff00000| PB 0x000000008ff00000| Untracked |  0
| 256|0x0000000090000000, 0x0000000090000000, 0x0000000090100000|  0%| F|  |TAMS 0x0000000090000000| PB 0x0000000090000000| Untracked |  0
| 257|0x0000000090100000, 0x00000000901f6618, 0x0000000090200000| 96%| E|  |TAMS 0x0000000090100000| PB 0x0000000090100000| Complete |  1
| 258|0x0000000090200000, 0x0000000090300000, 0x0000000090300000|100%| E|CS|TAMS 0x0000000090200000| PB 0x0000000090200000| Complete |  0
| 259|0x0000000090300000, 0x0000000090400000, 0x0000000090400000|100%| E|CS|TAMS 0x0000000090300000| PB 0x0000000090300000| Complete |  0
| 260|0x0000000090400000, 0x0000000090500000, 0x0000000090500000|100%| E|CS|TAMS 0x0000000090400000| PB 0x0000000090400000| Complete |  0
| 261|0x0000000090500000, 0x0000000090600000, 0x0000000090600000|100%| E|CS|TAMS 0x0000000090500000| PB 0x0000000090500000| Complete |  0
| 262|0x0000000090600000, 0x0000000090700000, 0x0000000090700000|100%| E|CS|TAMS 0x0000000090600000| PB 0x0000000090600000| Complete |  0
| 263|0x0000000090700000, 0x0000000090800000, 0x0000000090800000|100%| E|CS|TAMS 0x0000000090700000| PB 0x0000000090700000| Complete |  0
| 264|0x0000000090800000, 0x0000000090900000, 0x0000000090900000|100%| E|CS|TAMS 0x0000000090800000| PB 0x0000000090800000| Complete |  0
| 265|0x0000000090900000, 0x0000000090a00000, 0x0000000090a00000|100%| E|CS|TAMS 0x0000000090900000| PB 0x0000000090900000| Complete |  0
| 266|0x0000000090a00000, 0x0000000090b00000, 0x0000000090b00000|100%| E|CS|TAMS 0x0000000090a00000| PB 0x0000000090a00000| Complete |  0
| 267|0x0000000090b00000, 0x0000000090c00000, 0x0000000090c00000|100%| E|CS|TAMS 0x0000000090b00000| PB 0x0000000090b00000| Complete |  0
| 268|0x0000000090c00000, 0x0000000090d00000, 0x0000000090d00000|100%| E|CS|TAMS 0x0000000090c00000| PB 0x0000000090c00000| Complete |  0
| 269|0x0000000090d00000, 0x0000000090e00000, 0x0000000090e00000|100%| E|CS|TAMS 0x0000000090d00000| PB 0x0000000090d00000| Complete |  0
| 270|0x0000000090e00000, 0x0000000090f00000, 0x0000000090f00000|100%| E|CS|TAMS 0x0000000090e00000| PB 0x0000000090e00000| Complete |  0
| 271|0x0000000090f00000, 0x0000000091000000, 0x0000000091000000|100%| E|CS|TAMS 0x0000000090f00000| PB 0x0000000090f00000| Complete |  0
| 272|0x0000000091000000, 0x0000000091100000, 0x0000000091100000|100%| E|CS|TAMS 0x0000000091000000| PB 0x0000000091000000| Complete |  0
| 273|0x0000000091100000, 0x0000000091200000, 0x0000000091200000|100%| E|CS|TAMS 0x0000000091100000| PB 0x0000000091100000| Complete |  0
| 274|0x0000000091200000, 0x0000000091300000, 0x0000000091300000|100%| E|CS|TAMS 0x0000000091200000| PB 0x0000000091200000| Complete |  0
| 275|0x0000000091300000, 0x0000000091400000, 0x0000000091400000|100%| E|CS|TAMS 0x0000000091300000| PB 0x0000000091300000| Complete |  0
| 276|0x0000000091400000, 0x0000000091500000, 0x0000000091500000|100%| E|CS|TAMS 0x0000000091400000| PB 0x0000000091400000| Complete |  0
| 277|0x0000000091500000, 0x0000000091600000, 0x0000000091600000|100%| E|CS|TAMS 0x0000000091500000| PB 0x0000000091500000| Complete |  0
| 278|0x0000000091600000, 0x0000000091700000, 0x0000000091700000|100%| E|CS|TAMS 0x0000000091600000| PB 0x0000000091600000| Complete |  0
| 279|0x0000000091700000, 0x0000000091800000, 0x0000000091800000|100%| E|CS|TAMS 0x0000000091700000| PB 0x0000000091700000| Complete |  0
| 280|0x0000000091800000, 0x0000000091900000, 0x0000000091900000|100%| E|CS|TAMS 0x0000000091800000| PB 0x0000000091800000| Complete |  0
| 281|0x0000000091900000, 0x0000000091a00000, 0x0000000091a00000|100%| E|CS|TAMS 0x0000000091900000| PB 0x0000000091900000| Complete |  0
| 282|0x0000000091a00000, 0x0000000091b00000, 0x0000000091b00000|100%| E|CS|TAMS 0x0000000091a00000| PB 0x0000000091a00000| Complete |  0
| 283|0x0000000091b00000, 0x0000000091c00000, 0x0000000091c00000|100%| E|CS|TAMS 0x0000000091b00000| PB 0x0000000091b00000| Complete |  0
| 284|0x0000000091c00000, 0x0000000091d00000, 0x0000000091d00000|100%| E|CS|TAMS 0x0000000091c00000| PB 0x0000000091c00000| Complete |  0
| 285|0x0000000091d00000, 0x0000000091e00000, 0x0000000091e00000|100%| E|CS|TAMS 0x0000000091d00000| PB 0x0000000091d00000| Complete |  0
| 286|0x0000000091e00000, 0x0000000091f00000, 0x0000000091f00000|100%| E|CS|TAMS 0x0000000091e00000| PB 0x0000000091e00000| Complete |  0
| 287|0x0000000091f00000, 0x0000000092000000, 0x0000000092000000|100%| E|CS|TAMS 0x0000000091f00000| PB 0x0000000091f00000| Complete |  1
| 288|0x0000000092000000, 0x0000000092100000, 0x0000000092100000|100%| E|CS|TAMS 0x0000000092000000| PB 0x0000000092000000| Complete |  0
| 289|0x0000000092100000, 0x0000000092200000, 0x0000000092200000|100%| E|CS|TAMS 0x0000000092100000| PB 0x0000000092100000| Complete |  0
| 290|0x0000000092200000, 0x0000000092300000, 0x0000000092300000|100%| E|CS|TAMS 0x0000000092200000| PB 0x0000000092200000| Complete |  0
| 291|0x0000000092300000, 0x0000000092400000, 0x0000000092400000|100%| E|CS|TAMS 0x0000000092300000| PB 0x0000000092300000| Complete |  0
| 292|0x0000000092400000, 0x0000000092500000, 0x0000000092500000|100%| E|CS|TAMS 0x0000000092400000| PB 0x0000000092400000| Complete |  0
| 293|0x0000000092500000, 0x0000000092600000, 0x0000000092600000|100%| E|CS|TAMS 0x0000000092500000| PB 0x0000000092500000| Complete |  0
| 294|0x0000000092600000, 0x0000000092700000, 0x0000000092700000|100%| E|CS|TAMS 0x0000000092600000| PB 0x0000000092600000| Complete |  0
| 295|0x0000000092700000, 0x0000000092800000, 0x0000000092800000|100%| E|CS|TAMS 0x0000000092700000| PB 0x0000000092700000| Complete |  0
| 296|0x0000000092800000, 0x0000000092900000, 0x0000000092900000|100%| E|CS|TAMS 0x0000000092800000| PB 0x0000000092800000| Complete |  0
| 297|0x0000000092900000, 0x0000000092a00000, 0x0000000092a00000|100%| E|CS|TAMS 0x0000000092900000| PB 0x0000000092900000| Complete |  0
| 298|0x0000000092a00000, 0x0000000092b00000, 0x0000000092b00000|100%| E|CS|TAMS 0x0000000092a00000| PB 0x0000000092a00000| Complete |  0
| 299|0x0000000092b00000, 0x0000000092c00000, 0x0000000092c00000|100%| E|CS|TAMS 0x0000000092b00000| PB 0x0000000092b00000| Complete |  0
| 300|0x0000000092c00000, 0x0000000092d00000, 0x0000000092d00000|100%| E|CS|TAMS 0x0000000092c00000| PB 0x0000000092c00000| Complete |  0
| 301|0x0000000092d00000, 0x0000000092e00000, 0x0000000092e00000|100%| E|CS|TAMS 0x0000000092d00000| PB 0x0000000092d00000| Complete |  0
| 302|0x0000000092e00000, 0x0000000092f00000, 0x0000000092f00000|100%| E|CS|TAMS 0x0000000092e00000| PB 0x0000000092e00000| Complete |  0
| 303|0x0000000092f00000, 0x0000000093000000, 0x0000000093000000|100%| E|CS|TAMS 0x0000000092f00000| PB 0x0000000092f00000| Complete |  0
|2019|0x00000000fe300000, 0x00000000fe400000, 0x00000000fe400000|100%| E|CS|TAMS 0x00000000fe300000| PB 0x00000000fe300000| Complete |  0
|2020|0x00000000fe400000, 0x00000000fe500000, 0x00000000fe500000|100%| E|CS|TAMS 0x00000000fe400000| PB 0x00000000fe400000| Complete |  0
|2021|0x00000000fe500000, 0x00000000fe600000, 0x00000000fe600000|100%| E|CS|TAMS 0x00000000fe500000| PB 0x00000000fe500000| Complete |  0
|2022|0x00000000fe600000, 0x00000000fe700000, 0x00000000fe700000|100%| E|CS|TAMS 0x00000000fe600000| PB 0x00000000fe600000| Complete |  0
|2023|0x00000000fe700000, 0x00000000fe800000, 0x00000000fe800000|100%| O|Cm|TAMS 0x00000000fe700000| PB 0x00000000fe700000| Complete |  0
|2024|0x00000000fe800000, 0x00000000fe900000, 0x00000000fe900000|100%| O|  |TAMS 0x00000000fe800000| PB 0x00000000fe800000| Untracked |  0
|2025|0x00000000fe900000, 0x00000000fea00000, 0x00000000fea00000|100%| O|  |TAMS 0x00000000fe900000| PB 0x00000000fe900000| Untracked |  0
|2026|0x00000000fea00000, 0x00000000feb00000, 0x00000000feb00000|100%| O|  |TAMS 0x00000000fea00000| PB 0x00000000fea00000| Untracked |  0
|2027|0x00000000feb00000, 0x00000000fec00000, 0x00000000fec00000|100%| O|  |TAMS 0x00000000feb00000| PB 0x00000000feb00000| Untracked |  0
|2028|0x00000000fec00000, 0x00000000fed00000, 0x00000000fed00000|100%| O|  |TAMS 0x00000000fec00000| PB 0x00000000fec00000| Untracked |  0
|2029|0x00000000fed00000, 0x00000000fee00000, 0x00000000fee00000|100%| O|  |TAMS 0x00000000fed00000| PB 0x00000000fed00000| Untracked |  0
|2030|0x00000000fee00000, 0x00000000fef00000, 0x00000000fef00000|100%| O|  |TAMS 0x00000000fee00000| PB 0x00000000fee00000| Untracked |  0
|2031|0x00000000fef00000, 0x00000000ff000000, 0x00000000ff000000|100%| O|  |TAMS 0x00000000fef00000| PB 0x00000000fef00000| Untracked |  0
|2032|0x00000000ff000000, 0x00000000ff100000, 0x00000000ff100000|100%| O|  |TAMS 0x00000000ff000000| PB 0x00000000ff000000| Untracked |  0
|2033|0x00000000ff100000, 0x00000000ff200000, 0x00000000ff200000|100%| O|Cm|TAMS 0x00000000ff100000| PB 0x00000000ff100000| Complete |  0
|2034|0x00000000ff200000, 0x00000000ff300000, 0x00000000ff300000|100%| O|Cm|TAMS 0x00000000ff200000| PB 0x00000000ff200000| Complete |  0
|2035|0x00000000ff300000, 0x00000000ff400000, 0x00000000ff400000|100%| O|Cm|TAMS 0x00000000ff300000| PB 0x00000000ff300000| Complete |  0
|2036|0x00000000ff400000, 0x00000000ff500000, 0x00000000ff500000|100%| O|  |TAMS 0x00000000ff400000| PB 0x00000000ff400000| Untracked |  0
|2037|0x00000000ff500000, 0x00000000ff600000, 0x00000000ff600000|100%| O|  |TAMS 0x00000000ff500000| PB 0x00000000ff500000| Untracked |  0
|2038|0x00000000ff600000, 0x00000000ff700000, 0x00000000ff700000|100%| O|  |TAMS 0x00000000ff600000| PB 0x00000000ff600000| Untracked |  0
|2039|0x00000000ff700000, 0x00000000ff800000, 0x00000000ff800000|100%| O|  |TAMS 0x00000000ff700000| PB 0x00000000ff700000| Untracked |  0
|2040|0x00000000ff800000, 0x00000000ff900000, 0x00000000ff900000|100%| O|  |TAMS 0x00000000ff800000| PB 0x00000000ff800000| Untracked |  0
|2041|0x00000000ff900000, 0x00000000ffa00000, 0x00000000ffa00000|100%| O|  |TAMS 0x00000000ff900000| PB 0x00000000ff900000| Untracked |  0
|2042|0x00000000ffa00000, 0x00000000ffb00000, 0x00000000ffb00000|100%| O|  |TAMS 0x00000000ffa00000| PB 0x00000000ffa00000| Untracked |  0
|2043|0x00000000ffb00000, 0x00000000ffc00000, 0x00000000ffc00000|100%| O|  |TAMS 0x00000000ffb00000| PB 0x00000000ffb00000| Untracked |  0
|2044|0x00000000ffc00000, 0x00000000ffd00000, 0x00000000ffd00000|100%| O|  |TAMS 0x00000000ffc00000| PB 0x00000000ffc00000| Untracked |  0
|2045|0x00000000ffd00000, 0x00000000ffe00000, 0x00000000ffe00000|100%| E|CS|TAMS 0x00000000ffd00000| PB 0x00000000ffd00000| Complete |  0
|2046|0x00000000ffe00000, 0x00000000fff00000, 0x00000000fff00000|100%| O|  |TAMS 0x00000000ffe00000| PB 0x00000000ffe00000| Untracked |  0
|2047|0x00000000fff00000, 0x0000000100000000, 0x0000000100000000|100%| O|  |TAMS 0x00000000fff00000| PB 0x00000000fff00000| Untracked |  0

Card table byte_map: [0x000002d3f47c0000,0x000002d3f4bc0000] _byte_map_base: 0x000002d3f43c0000

Marking Bits: (CMBitMap*) 0x000002d3e0900500
 Bits: [0x000002d3f4bc0000, 0x000002d3f6bc0000)

Polling page: 0x000002d3de8f0000

Metaspace:
Metaspace        used 103980K, committed 105920K, reserved 983040K
 class space     used 15242K, committed 16192K, reserved 851968K

Usage:
  Non-class:     86.66 MB used.
      Class:     14.89 MB used.
       Both:    101.54 MB used.

Virtual space:
  Non-class space:      128.00 MB reserved,      87.62 MB ( 68%) committed,  2 nodes.
      Class space:      832.00 MB reserved,      15.81 MB (  2%) committed,  1 nodes.
             Both:      960.00 MB reserved,     103.44 MB ( 11%) committed. 

Chunk freelists:
   Non-Class:  8.19 MB
       Class:  240.00 KB
        Both:  8.42 MB

MaxMetaspaceSize: 1.00 GB
CompressedClassSpaceSize: 832.00 MB
Initial GC threshold: 21.00 MB
Current GC threshold: 170.88 MB
CDS: off
 - commit_granule_bytes: 65536.
 - commit_granule_words: 8192.
 - virtual_space_node_default_size: 8388608.
 - enlarge_chunks_in_place: 1.
UseCompressedClassPointers 1, UseCompactObjectHeaders 0
Narrow klass pointer bits 32, Max shift 3
Narrow klass base: 0x0000000000000000, Narrow klass shift: 0
Encoding Range: [0x0000000000000000 - 0x0000000100000000), (4294967296 bytes)
Klass Range:    [0x0000000032000000 - 0x0000000066000000), (872415232 bytes)
Klass ID Range:  [838860800 - 1711276025) (872415225)
No protection zone.


Internal statistics:

num_allocs_failed_limit: 9.
num_arena_births: 3746.
num_arena_deaths: 0.
num_vsnodes_births: 3.
num_vsnodes_deaths: 0.
num_space_committed: 1655.
num_space_uncommitted: 0.
num_chunks_returned_to_freelist: 9.
num_chunks_taken_from_freelist: 7734.
num_chunk_merges: 6.
num_chunk_splits: 5073.
num_chunks_enlarged: 3259.
num_inconsistent_stats: 0.

CodeHeap 'non-profiled nmethods': size=128192Kb used=6451Kb max_used=6451Kb free=121740Kb
 bounds [0x000002d3ec030000, 0x000002d3ec680000, 0x000002d3f3d60000]
CodeHeap 'profiled nmethods': size=128192Kb used=16417Kb max_used=16417Kb free=111774Kb
 bounds [0x000002d3e3d60000, 0x000002d3e4d70000, 0x000002d3eba90000]
CodeHeap 'non-nmethods': size=5760Kb used=2081Kb max_used=2124Kb free=3679Kb
 bounds [0x000002d3eba90000, 0x000002d3ebd00000, 0x000002d3ec030000]
CodeCache: size=262144Kb, used=24949Kb, max_used=24992Kb, free=237193Kb
 total_blobs=12897, nmethods=11967, adapters=830, full_count=0
Compilation: enabled, stopped_count=0, restarted_count=0

Compilation events (20 events):
Event: 104.124 Thread 0x000002d3f9a59890 nmethod 14149 0x000002d3e4d39308 code [0x000002d3e4d39400, 0x000002d3e4d39710]
Event: 104.124 Thread 0x000002d3f9a59890 14150       3       org.gradle.internal.snapshot.DirectorySnapshot::lambda$accept$5 (10 bytes)
Event: 104.124 Thread 0x000002d3f9a59890 nmethod 14150 0x000002d3e4d39788 code [0x000002d3e4d39880, 0x000002d3e4d39a38]
Event: 104.124 Thread 0x000002d3f9a59890 14151       1       org.gradle.internal.fingerprint.impl.AbstractDirectorySensitiveFingerprintingStrategy::getDirectorySensitivity (5 bytes)
Event: 104.124 Thread 0x000002d3f9a59890 nmethod 14151 0x000002d3ec66fd88 code [0x000002d3ec66fe80, 0x000002d3ec66ff48]
Event: 104.124 Thread 0x000002d3f9a59890 14152       1       org.gradle.internal.fingerprint.DirectorySensitivity::lambda$static$0 (2 bytes)
Event: 104.124 Thread 0x000002d3f9a59890 nmethod 14152 0x000002d3ec670088 code [0x000002d3ec670180, 0x000002d3ec670228]
Event: 104.127 Thread 0x000002d3f9a59890 14153       1       org.gradle.internal.snapshot.AbstractListChildMap::isEmpty (2 bytes)
Event: 104.127 Thread 0x000002d3f9a59890 nmethod 14153 0x000002d3ec670388 code [0x000002d3ec670480, 0x000002d3ec670548]
Event: 104.133 Thread 0x000002d3f9a59890 14154       3       org.gradle.internal.snapshot.AbstractIncompleteFileSystemNode$$Lambda/0x0000000032743800::apply (8 bytes)
Event: 104.133 Thread 0x000002d3f9a59890 nmethod 14154 0x000002d3e4d39a88 code [0x000002d3e4d39b80, 0x000002d3e4d39d78]
Event: 104.134 Thread 0x000002d3f9a59890 14155       1       org.gradle.api.internal.tasks.properties.DefaultInputPropertySpec::getValue (5 bytes)
Event: 104.134 Thread 0x000002d3f9a59890 nmethod 14155 0x000002d3ec670688 code [0x000002d3ec670780, 0x000002d3ec670848]
Event: 104.135 Thread 0x000002d3f9a59890 14156       1       org.gradle.internal.properties.StaticValue::call (5 bytes)
Event: 104.135 Thread 0x000002d3f9a59890 nmethod 14156 0x000002d3ec670988 code [0x000002d3ec670a80, 0x000002d3ec670b48]
Event: 104.135 Thread 0x000002d3f9a59890 14158       3       org.gradle.api.internal.file.BaseDirFileResolver::doResolve (25 bytes)
Event: 104.136 Thread 0x000002d3f9a59890 nmethod 14158 0x000002d3e4d39d88 code [0x000002d3e4d39e80, 0x000002d3e4d3a178]
Event: 104.137 Thread 0x000002d3f9a59890 14159       3       org.gradle.api.internal.file.AbstractFileCollection::getFiles (23 bytes)
Event: 104.137 Thread 0x000002d3f9a59890 nmethod 14159 0x000002d3e4d3a188 code [0x000002d3e4d3a2a0, 0x000002d3e4d3a740]
Event: 104.137 Thread 0x000002d3f9a59890 14160       3       org.gradle.api.internal.file.AbstractFileCollection$1::<init> (15 bytes)

GC Heap Usage History (20 events):
Event: 10.379 {heap Before GC invocations=40 (full 0):
 garbage-first heap   total reserved 2097152K, committed 270336K, used 255740K [0x0000000080000000, 0x0000000100000000)
  region size 1024K, 155 young (158720K), 12 survivors (12288K)
}
Event: 10.386 {heap After GC invocations=41 (full 0):
 garbage-first heap   total reserved 2097152K, committed 272384K, used 110552K [0x0000000080000000, 0x0000000100000000)
  region size 1024K, 13 young (13312K), 13 survivors (13312K)
}
Event: 10.612 {heap Before GC invocations=41 (full 0):
 garbage-first heap   total reserved 2097152K, committed 272384K, used 256984K [0x0000000080000000, 0x0000000100000000)
  region size 1024K, 156 young (159744K), 13 survivors (13312K)
}
Event: 10.617 {heap After GC invocations=42 (full 0):
 garbage-first heap   total reserved 2097152K, committed 272384K, used 111926K [0x0000000080000000, 0x0000000100000000)
  region size 1024K, 12 young (12288K), 12 survivors (12288K)
}
Event: 10.854 {heap Before GC invocations=43 (full 0):
 garbage-first heap   total reserved 2097152K, committed 272384K, used 257334K [0x0000000080000000, 0x0000000100000000)
  region size 1024K, 154 young (157696K), 12 survivors (12288K)
}
Event: 10.859 {heap After GC invocations=44 (full 0):
 garbage-first heap   total reserved 2097152K, committed 272384K, used 113725K [0x0000000080000000, 0x0000000100000000)
  region size 1024K, 13 young (13312K), 13 survivors (13312K)
}
Event: 10.966 {heap Before GC invocations=44 (full 0):
 garbage-first heap   total reserved 2097152K, committed 272384K, used 257085K [0x0000000080000000, 0x0000000100000000)
  region size 1024K, 153 young (156672K), 13 survivors (13312K)
}
Event: 10.972 {heap After GC invocations=45 (full 0):
 garbage-first heap   total reserved 2097152K, committed 340992K, used 116155K [0x0000000080000000, 0x0000000100000000)
  region size 1024K, 13 young (13312K), 13 survivors (13312K)
}
Event: 11.144 {heap Before GC invocations=45 (full 0):
 garbage-first heap   total reserved 2097152K, committed 340992K, used 306619K [0x0000000080000000, 0x0000000100000000)
  region size 1024K, 199 young (203776K), 13 survivors (13312K)
}
Event: 11.150 {heap After GC invocations=46 (full 0):
 garbage-first heap   total reserved 2097152K, committed 340992K, used 118525K [0x0000000080000000, 0x0000000100000000)
  region size 1024K, 15 young (15360K), 15 survivors (15360K)
}
Event: 11.413 {heap Before GC invocations=46 (full 0):
 garbage-first heap   total reserved 2097152K, committed 340992K, used 306941K [0x0000000080000000, 0x0000000100000000)
  region size 1024K, 199 young (203776K), 15 survivors (15360K)
}
Event: 11.419 {heap After GC invocations=47 (full 0):
 garbage-first heap   total reserved 2097152K, committed 340992K, used 120686K [0x0000000080000000, 0x0000000100000000)
  region size 1024K, 16 young (16384K), 16 survivors (16384K)
}
Event: 11.613 {heap Before GC invocations=47 (full 0):
 garbage-first heap   total reserved 2097152K, committed 340992K, used 308078K [0x0000000080000000, 0x0000000100000000)
  region size 1024K, 199 young (203776K), 16 survivors (16384K)
}
Event: 11.620 {heap After GC invocations=48 (full 0):
 garbage-first heap   total reserved 2097152K, committed 340992K, used 117640K [0x0000000080000000, 0x0000000100000000)
  region size 1024K, 19 young (19456K), 19 survivors (19456K)
}
Event: 12.314 {heap Before GC invocations=49 (full 0):
 garbage-first heap   total reserved 2097152K, committed 340992K, used 300936K [0x0000000080000000, 0x0000000100000000)
  region size 1024K, 199 young (203776K), 19 survivors (19456K)
}
Event: 12.321 {heap After GC invocations=50 (full 0):
 garbage-first heap   total reserved 2097152K, committed 340992K, used 118690K [0x0000000080000000, 0x0000000100000000)
  region size 1024K, 16 young (16384K), 16 survivors (16384K)
}
Event: 12.971 {heap Before GC invocations=50 (full 0):
 garbage-first heap   total reserved 2097152K, committed 340992K, used 306082K [0x0000000080000000, 0x0000000100000000)
  region size 1024K, 199 young (203776K), 16 survivors (16384K)
}
Event: 12.976 {heap After GC invocations=51 (full 0):
 garbage-first heap   total reserved 2097152K, committed 340992K, used 111850K [0x0000000080000000, 0x0000000100000000)
  region size 1024K, 11 young (11264K), 11 survivors (11264K)
}
Event: 95.830 {heap Before GC invocations=51 (full 0):
 garbage-first heap   total reserved 2097152K, committed 340992K, used 303338K [0x0000000080000000, 0x0000000100000000)
  region size 1024K, 199 young (203776K), 11 survivors (11264K)
}
Event: 95.845 {heap After GC invocations=52 (full 0):
 garbage-first heap   total reserved 2097152K, committed 340992K, used 122810K [0x0000000080000000, 0x0000000100000000)
  region size 1024K, 21 young (21504K), 21 survivors (21504K)
}

Metaspace Usage History (20 events):
Event: 10.379 {metaspace Before GC invocations=40 (full 0):
 Metaspace       used 87470K, committed 89344K, reserved 983040K
  class space    used 12980K, committed 13888K, reserved 851968K
}
Event: 10.386 {metaspace After GC invocations=41 (full 0):
 Metaspace       used 87470K, committed 89344K, reserved 983040K
  class space    used 12980K, committed 13888K, reserved 851968K
}
Event: 10.612 {metaspace Before GC invocations=41 (full 0):
 Metaspace       used 87538K, committed 89408K, reserved 983040K
  class space    used 12981K, committed 13888K, reserved 851968K
}
Event: 10.617 {metaspace After GC invocations=42 (full 0):
 Metaspace       used 87538K, committed 89408K, reserved 983040K
  class space    used 12981K, committed 13888K, reserved 851968K
}
Event: 10.854 {metaspace Before GC invocations=43 (full 0):
 Metaspace       used 87544K, committed 89408K, reserved 983040K
  class space    used 12985K, committed 13888K, reserved 851968K
}
Event: 10.859 {metaspace After GC invocations=44 (full 0):
 Metaspace       used 87544K, committed 89408K, reserved 983040K
  class space    used 12985K, committed 13888K, reserved 851968K
}
Event: 10.966 {metaspace Before GC invocations=44 (full 0):
 Metaspace       used 87544K, committed 89408K, reserved 983040K
  class space    used 12985K, committed 13888K, reserved 851968K
}
Event: 10.972 {metaspace After GC invocations=45 (full 0):
 Metaspace       used 87544K, committed 89408K, reserved 983040K
  class space    used 12985K, committed 13888K, reserved 851968K
}
Event: 11.144 {metaspace Before GC invocations=45 (full 0):
 Metaspace       used 87552K, committed 89408K, reserved 983040K
  class space    used 12985K, committed 13888K, reserved 851968K
}
Event: 11.150 {metaspace After GC invocations=46 (full 0):
 Metaspace       used 87552K, committed 89408K, reserved 983040K
  class space    used 12985K, committed 13888K, reserved 851968K
}
Event: 11.413 {metaspace Before GC invocations=46 (full 0):
 Metaspace       used 87555K, committed 89408K, reserved 983040K
  class space    used 12985K, committed 13888K, reserved 851968K
}
Event: 11.419 {metaspace After GC invocations=47 (full 0):
 Metaspace       used 87555K, committed 89408K, reserved 983040K
  class space    used 12985K, committed 13888K, reserved 851968K
}
Event: 11.613 {metaspace Before GC invocations=47 (full 0):
 Metaspace       used 87625K, committed 89472K, reserved 983040K
  class space    used 12995K, committed 13888K, reserved 851968K
}
Event: 11.620 {metaspace After GC invocations=48 (full 0):
 Metaspace       used 87625K, committed 89472K, reserved 983040K
  class space    used 12995K, committed 13888K, reserved 851968K
}
Event: 12.314 {metaspace Before GC invocations=49 (full 0):
 Metaspace       used 87820K, committed 89728K, reserved 983040K
  class space    used 13037K, committed 13952K, reserved 851968K
}
Event: 12.321 {metaspace After GC invocations=50 (full 0):
 Metaspace       used 87820K, committed 89728K, reserved 983040K
  class space    used 13037K, committed 13952K, reserved 851968K
}
Event: 12.971 {metaspace Before GC invocations=50 (full 0):
 Metaspace       used 87823K, committed 89728K, reserved 983040K
  class space    used 13037K, committed 13952K, reserved 851968K
}
Event: 12.976 {metaspace After GC invocations=51 (full 0):
 Metaspace       used 87823K, committed 89728K, reserved 983040K
  class space    used 13037K, committed 13952K, reserved 851968K
}
Event: 95.830 {metaspace Before GC invocations=51 (full 0):
 Metaspace       used 102982K, committed 104960K, reserved 983040K
  class space    used 15123K, committed 16064K, reserved 851968K
}
Event: 95.845 {metaspace After GC invocations=52 (full 0):
 Metaspace       used 102982K, committed 104960K, reserved 983040K
  class space    used 15123K, committed 16064K, reserved 851968K
}

Dll operation events (3 events):
Event: 0.010 Loaded shared library C:\Program Files\Android\Android Studio\jbr\bin\java.dll
Event: 0.014 Loaded shared library C:\Program Files\Android\Android Studio\jbr\bin\zip.dll
Event: 0.546 Loaded shared library C:\Program Files\Android\Android Studio\jbr\bin\verify.dll

Deoptimization events (20 events):
Event: 96.201 Thread 0x000002d3836a9930 Uncommon trap: trap_request=0xffffffde fr.pc=0x000002d3ec1cbfdc relative=0x000000000000015c
Event: 96.201 Thread 0x000002d3836a9930 Uncommon trap: reason=class_check action=maybe_recompile pc=0x000002d3ec1cbfdc method=java.lang.reflect.Array.newInstance(Ljava/lang/Class;I)Ljava/lang/Object; @ 2 c2
Event: 96.201 Thread 0x000002d3836a9930 DEOPT PACKING pc=0x000002d3ec1cbfdc sp=0x000000dffcbfe520
Event: 96.201 Thread 0x000002d3836a9930 DEOPT UNPACKING pc=0x000002d3ebba7a02 sp=0x000000dffcbfe4b8 mode 2
Event: 100.530 Thread 0x000002d3fedb77f0 Uncommon trap: trap_request=0xffffffde fr.pc=0x000002d3ec1cbfdc relative=0x000000000000015c
Event: 100.530 Thread 0x000002d3fedb77f0 Uncommon trap: reason=class_check action=maybe_recompile pc=0x000002d3ec1cbfdc method=java.lang.reflect.Array.newInstance(Ljava/lang/Class;I)Ljava/lang/Object; @ 2 c2
Event: 100.530 Thread 0x000002d3fedb77f0 DEOPT PACKING pc=0x000002d3ec1cbfdc sp=0x000000dff68fea90
Event: 100.530 Thread 0x000002d3fedb77f0 DEOPT UNPACKING pc=0x000002d3ebba7a02 sp=0x000000dff68fea28 mode 2
Event: 104.111 Thread 0x000002d380504d30 Uncommon trap: trap_request=0xffffff6e fr.pc=0x000002d3ec5deeac relative=0x00000000000001ac
Event: 104.111 Thread 0x000002d380504d30 Uncommon trap: reason=predicate action=maybe_recompile pc=0x000002d3ec5deeac method=java.util.Collections.indexedBinarySearch(Ljava/util/List;Ljava/lang/Object;)I @ 13 c2
Event: 104.111 Thread 0x000002d380504d30 DEOPT PACKING pc=0x000002d3ec5deeac sp=0x000000dff94fe2c0
Event: 104.111 Thread 0x000002d380504d30 DEOPT UNPACKING pc=0x000002d3ebba7a02 sp=0x000000dff94fe240 mode 2
Event: 104.117 Thread 0x000002d380505cd0 Uncommon trap: trap_request=0xffffffbe fr.pc=0x000002d3ec13dac0 relative=0x00000000000002c0
Event: 104.117 Thread 0x000002d380505cd0 Uncommon trap: reason=profile_predicate action=maybe_recompile pc=0x000002d3ec13dac0 method=java.util.HashMap.keysToArray([Ljava/lang/Object;)[Ljava/lang/Object; @ 32 c2
Event: 104.117 Thread 0x000002d380505cd0 DEOPT PACKING pc=0x000002d3ec13dac0 sp=0x000000dff91fb6b0
Event: 104.117 Thread 0x000002d380505cd0 DEOPT UNPACKING pc=0x000002d3ebba7a02 sp=0x000000dff91fb660 mode 2
Event: 104.122 Thread 0x000002d380505cd0 Uncommon trap: trap_request=0xffffff45 fr.pc=0x000002d3ec44f084 relative=0x0000000000000084
Event: 104.122 Thread 0x000002d380505cd0 Uncommon trap: reason=unstable_if action=reinterpret pc=0x000002d3ec44f084 method=org.gradle.internal.fingerprint.impl.DefaultFileSystemLocationFingerprint.hashForType(Lorg/gradle/internal/file/FileType;Lorg/gradle/internal/hash/HashCode;)Lorg/gradle/inte
Event: 104.123 Thread 0x000002d380505cd0 DEOPT PACKING pc=0x000002d3ec44f084 sp=0x000000dff91fca30
Event: 104.123 Thread 0x000002d380505cd0 DEOPT UNPACKING pc=0x000002d3ebba7a02 sp=0x000000dff91fc9c0 mode 2

Classes loaded (20 events):
Event: 28.471 Loading class sun/reflect/misc/MethodUtil$1
Event: 28.471 Loading class sun/reflect/misc/MethodUtil$1 done
Event: 28.539 Loading class java/lang/Short$ShortCache
Event: 28.539 Loading class java/lang/Short$ShortCache done
Event: 28.540 Loading class java/util/AbstractList$ListItr
Event: 28.540 Loading class java/util/AbstractList$ListItr done
Event: 28.546 Loading class java/util/Collections$EmptyListIterator
Event: 28.546 Loading class java/util/Collections$EmptyListIterator done
Event: 28.599 Loading class java/net/UrlDeserializedState
Event: 28.599 Loading class java/net/UrlDeserializedState done
Event: 28.605 Loading class java/util/concurrent/CompletableFuture$AsyncRun
Event: 28.605 Loading class java/util/concurrent/CompletableFuture$AsyncRun done
Event: 45.956 Loading class java/util/logging/LogRecord
Event: 45.956 Loading class java/util/logging/LogRecord done
Event: 95.512 Loading class jdk/internal/math/FormattedFPDecimal
Event: 95.512 Loading class jdk/internal/math/FormattedFPDecimal done
Event: 95.845 Loading class sun/rmi/transport/DGCClient$EndpointEntry$CleanRequest
Event: 95.846 Loading class sun/rmi/transport/DGCClient$EndpointEntry$CleanRequest done
Event: 100.530 Loading class java/rmi/server/Unreferenced
Event: 100.531 Loading class java/rmi/server/Unreferenced done

Classes unloaded (0 events):
No events

Classes redefined (0 events):
No events

Internal exceptions (20 events):
Event: 104.117 Thread 0x000002d380505cd0 Exception <a 'sun/nio/fs/WindowsException'{0x0000000090513cd0}> (0x0000000090513cd0) 
thrown [s\src\hotspot\share\prims\jni.cpp, line 535]
Event: 104.117 Thread 0x000002d380505cd0 Exception <a 'sun/nio/fs/WindowsException'{0x0000000090514a60}> (0x0000000090514a60) 
thrown [s\src\hotspot\share\prims\jni.cpp, line 535]
Event: 104.118 Thread 0x000002d380505cd0 Exception <a 'sun/nio/fs/WindowsException'{0x00000000905183a8}> (0x00000000905183a8) 
thrown [s\src\hotspot\share\prims\jni.cpp, line 535]
Event: 104.121 Thread 0x000002d380505cd0 Exception <a 'sun/nio/fs/WindowsException'{0x0000000090527fb8}> (0x0000000090527fb8) 
thrown [s\src\hotspot\share\prims\jni.cpp, line 535]
Event: 104.121 Thread 0x000002d380505cd0 Exception <a 'sun/nio/fs/WindowsException'{0x0000000090528b10}> (0x0000000090528b10) 
thrown [s\src\hotspot\share\prims\jni.cpp, line 535]
Event: 104.121 Thread 0x000002d380505cd0 Exception <a 'sun/nio/fs/WindowsException'{0x000000009052cc78}> (0x000000009052cc78) 
thrown [s\src\hotspot\share\prims\jni.cpp, line 535]
Event: 104.122 Thread 0x000002d380505cd0 Exception <a 'sun/nio/fs/WindowsException'{0x0000000090531078}> (0x0000000090531078) 
thrown [s\src\hotspot\share\prims\jni.cpp, line 535]
Event: 104.124 Thread 0x000002d380505cd0 Exception <a 'sun/nio/fs/WindowsException'{0x00000000905538e8}> (0x00000000905538e8) 
thrown [s\src\hotspot\share\prims\jni.cpp, line 535]
Event: 104.124 Thread 0x000002d380505cd0 Exception <a 'sun/nio/fs/WindowsException'{0x0000000090554698}> (0x0000000090554698) 
thrown [s\src\hotspot\share\prims\jni.cpp, line 535]
Event: 104.125 Thread 0x000002d380505cd0 Exception <a 'sun/nio/fs/WindowsException'{0x0000000090556650}> (0x0000000090556650) 
thrown [s\src\hotspot\share\prims\jni.cpp, line 535]
Event: 104.126 Thread 0x000002d380505cd0 Exception <a 'sun/nio/fs/WindowsException'{0x00000000905582c0}> (0x00000000905582c0) 
thrown [s\src\hotspot\share\prims\jni.cpp, line 535]
Event: 104.126 Thread 0x000002d380505cd0 Exception <a 'sun/nio/fs/WindowsException'{0x000000009055a560}> (0x000000009055a560) 
thrown [s\src\hotspot\share\prims\jni.cpp, line 535]
Event: 104.127 Thread 0x000002d380505cd0 Exception <a 'sun/nio/fs/WindowsException'{0x000000009055bad0}> (0x000000009055bad0) 
thrown [s\src\hotspot\share\prims\jni.cpp, line 535]
Event: 104.128 Thread 0x000002d380505cd0 Exception <a 'sun/nio/fs/WindowsException'{0x000000009055d968}> (0x000000009055d968) 
thrown [s\src\hotspot\share\prims\jni.cpp, line 535]
Event: 104.132 Thread 0x000002d380505cd0 Exception <a 'sun/nio/fs/WindowsException'{0x0000000090571260}> (0x0000000090571260) 
thrown [s\src\hotspot\share\prims\jni.cpp, line 535]
Event: 104.134 Thread 0x000002d380505cd0 Exception <a 'sun/nio/fs/WindowsException'{0x0000000090577ad8}> (0x0000000090577ad8) 
thrown [s\src\hotspot\share\prims\jni.cpp, line 535]
Event: 104.134 Thread 0x000002d380505cd0 Exception <a 'sun/nio/fs/WindowsException'{0x0000000090578748}> (0x0000000090578748) 
thrown [s\src\hotspot\share\prims\jni.cpp, line 535]
Event: 104.134 Thread 0x000002d380505cd0 Exception <a 'sun/nio/fs/WindowsException'{0x0000000090579210}> (0x0000000090579210) 
thrown [s\src\hotspot\share\prims\jni.cpp, line 535]
Event: 104.136 Thread 0x000002d380505cd0 Exception <a 'sun/nio/fs/WindowsException'{0x0000000090582b88}> (0x0000000090582b88) 
thrown [s\src\hotspot\share\prims\jni.cpp, line 535]
Event: 104.136 Thread 0x000002d380505cd0 Exception <a 'sun/nio/fs/WindowsException'{0x0000000090583900}> (0x0000000090583900) 
thrown [s\src\hotspot\share\prims\jni.cpp, line 535]

VM Operations (20 events):
Event: 28.435 Executing non-safepoint VM operation: HandshakeAllThreads (Deoptimize)
Event: 28.436 Executing non-safepoint VM operation: HandshakeAllThreads (Deoptimize) done
Event: 28.446 Executing non-safepoint VM operation: HandshakeAllThreads (Deoptimize)
Event: 28.447 Executing non-safepoint VM operation: HandshakeAllThreads (Deoptimize) done
Event: 28.501 Executing non-safepoint VM operation: HandshakeAllThreads (Deoptimize)
Event: 28.501 Executing non-safepoint VM operation: HandshakeAllThreads (Deoptimize) done
Event: 28.504 Executing non-safepoint VM operation: HandshakeAllThreads (Deoptimize)
Event: 28.504 Executing non-safepoint VM operation: HandshakeAllThreads (Deoptimize) done
Event: 28.541 Executing non-safepoint VM operation: HandshakeAllThreads (Deoptimize)
Event: 28.541 Executing non-safepoint VM operation: HandshakeAllThreads (Deoptimize) done
Event: 60.228 Executing non-safepoint VM operation: HandshakeAllThreads (HandshakeForDeflation)
Event: 60.228 Executing non-safepoint VM operation: HandshakeAllThreads (HandshakeForDeflation) done
Event: 60.228 Executing non-safepoint VM operation: RendezvousGCThreads
Event: 60.228 Executing non-safepoint VM operation: RendezvousGCThreads done
Event: 95.830 Executing safepoint VM operation: G1CollectForAllocation (G1 Evacuation Pause)
Event: 95.845 Executing safepoint VM operation: G1CollectForAllocation (G1 Evacuation Pause) done
Event: 95.919 Executing safepoint VM operation: G1PauseRemark
Event: 95.924 Executing safepoint VM operation: G1PauseRemark done
Event: 95.948 Executing safepoint VM operation: G1PauseCleanup
Event: 95.948 Executing safepoint VM operation: G1PauseCleanup done

Memory protections (0 events):
No events

Nmethod flushes (20 events):
Event: 95.923 Thread 0x000002d3f8e2b6e0 flushing  nmethod 0x000002d3e4367b08
Event: 95.923 Thread 0x000002d3f8e2b6e0 flushing  nmethod 0x000002d3e443eb88
Event: 95.923 Thread 0x000002d3f8e2b6e0 flushing  nmethod 0x000002d3e44b8a08
Event: 95.923 Thread 0x000002d3f8e2b6e0 flushing  nmethod 0x000002d3e4565508
Event: 95.923 Thread 0x000002d3f8e2b6e0 flushing  nmethod 0x000002d3e46a6408
Event: 95.923 Thread 0x000002d3f8e2b6e0 flushing  nmethod 0x000002d3e46ab208
Event: 95.923 Thread 0x000002d3f8e2b6e0 flushing  nmethod 0x000002d3e483f288
Event: 95.923 Thread 0x000002d3f8e2b6e0 flushing  nmethod 0x000002d3e483fa08
Event: 95.923 Thread 0x000002d3f8e2b6e0 flushing  nmethod 0x000002d3e48f6708
Event: 95.923 Thread 0x000002d3f8e2b6e0 flushing  nmethod 0x000002d3e48fa208
Event: 95.923 Thread 0x000002d3f8e2b6e0 flushing  nmethod 0x000002d3e49a1b88
Event: 95.923 Thread 0x000002d3f8e2b6e0 flushing  nmethod 0x000002d3ec3ac308
Event: 95.923 Thread 0x000002d3f8e2b6e0 flushing  nmethod 0x000002d3e3e7f908
Event: 95.923 Thread 0x000002d3f8e2b6e0 flushing  nmethod 0x000002d3e3e81808
Event: 95.923 Thread 0x000002d3f8e2b6e0 flushing  nmethod 0x000002d3e40adf08
Event: 95.923 Thread 0x000002d3f8e2b6e0 flushing  nmethod 0x000002d3e40ae208
Event: 95.923 Thread 0x000002d3f8e2b6e0 flushing  nmethod 0x000002d3e415a208
Event: 95.923 Thread 0x000002d3f8e2b6e0 flushing  nmethod 0x000002d3e4437a08
Event: 95.923 Thread 0x000002d3f8e2b6e0 flushing  nmethod 0x000002d3e448c208
Event: 95.923 Thread 0x000002d3f8e2b6e0 flushing  nmethod 0x000002d3e464a908

Events (20 events):
Event: 96.079 Thread 0x000002d380505cd0 Thread added: 0x000002d3fe53f2f0
Event: 96.079 Thread 0x000002d380505cd0 Thread added: 0x000002d3fe5421d0
Event: 96.111 Thread 0x000002d380505cd0 Thread added: 0x000002d3fe5448e0
Event: 96.111 Thread 0x000002d380505cd0 Thread added: 0x000002d3fe5450b0
Event: 96.111 Thread 0x000002d380505cd0 Thread added: 0x000002d3fe541a00
Event: 96.111 Thread 0x000002d380505cd0 Thread added: 0x000002d3fe548760
Event: 96.111 Thread 0x000002d380505cd0 Thread added: 0x000002d3fe546ff0
Event: 96.111 Thread 0x000002d380505cd0 Thread added: 0x000002d3fefa3470
Event: 96.111 Thread 0x000002d380505cd0 Thread added: 0x000002d3fefa4410
Event: 96.111 Thread 0x000002d380505cd0 Thread added: 0x000002d3fefa4be0
Event: 96.111 Thread 0x000002d380505cd0 Thread added: 0x000002d3fefa2ca0
Event: 96.111 Thread 0x000002d380505cd0 Thread added: 0x000002d3fefa6b20
Event: 96.111 Thread 0x000002d380505cd0 Thread added: 0x000002d3fefa72f0
Event: 96.135 Thread 0x000002d380505cd0 Thread added: 0x000002d3fefa9230
Event: 96.135 Thread 0x000002d380505cd0 Thread added: 0x000002d3fefa7ac0
Event: 96.180 Thread 0x000002d380505cd0 Thread added: 0x000002d3fedb4910
Event: 96.188 Thread 0x000002d3fedb4910 Thread added: 0x000002d3fedb50e0
Event: 97.678 Thread 0x000002d3ff4bc960 Thread exited: 0x000002d3ff4bc960
Event: 100.525 Thread 0x000002d3fe549ed0 Thread added: 0x000002d3fedb77f0
Event: 104.118 Thread 0x000002d3f9a59890 Thread added: 0x000002d3fee8a320


Dynamic libraries:
0x00007ff7f7e60000 - 0x00007ff7f7e6a000 	C:\Program Files\Android\Android Studio\jbr\bin\java.exe
0x00007ff81d440000 - 0x00007ff81d6a7000 	C:\WINDOWS\SYSTEM32\ntdll.dll
0x00007ff81c740000 - 0x00007ff81c80b000 	C:\WINDOWS\System32\KERNEL32.DLL
0x00007ff81a920000 - 0x00007ff81ad22000 	C:\WINDOWS\System32\KERNELBASE.dll
0x00007ff816d80000 - 0x00007ff816e1f000 	C:\WINDOWS\SYSTEM32\apphelp.dll
0x00007ff81a700000 - 0x00007ff81a84c000 	C:\WINDOWS\System32\ucrtbase.dll
0x00007ff8100b0000 - 0x00007ff8100c6000 	C:\Program Files\Android\Android Studio\jbr\bin\jli.dll
0x00007ff813530000 - 0x00007ff81354b000 	C:\Program Files\Android\Android Studio\jbr\bin\VCRUNTIME140.dll
0x00007ff81b460000 - 0x00007ff81b62f000 	C:\WINDOWS\System32\USER32.dll
0x00007ff81ad30000 - 0x00007ff81ad57000 	C:\WINDOWS\System32\win32u.dll
0x00007ff81b820000 - 0x00007ff81b84b000 	C:\WINDOWS\System32\GDI32.dll
0x00007ff804600000 - 0x00007ff804890000 	C:\WINDOWS\WinSxS\amd64_microsoft.windows.common-controls_6595b64144ccf1df_6.0.26100.9278_none_3e0d1ba8e3303201\COMCTL32.dll
0x00007ff81ad60000 - 0x00007ff81ae89000 	C:\WINDOWS\System32\gdi32full.dll
0x00007ff81d350000 - 0x00007ff81d3f9000 	C:\WINDOWS\System32\msvcrt.dll
0x00007ff81ae90000 - 0x00007ff81af33000 	C:\WINDOWS\System32\msvcp_win.dll
0x00007ff81cfe0000 - 0x00007ff81d011000 	C:\WINDOWS\System32\IMM32.DLL
0x0000000069320000 - 0x000000006932d000 	C:\Program Files (x86)\360\Total Security\safemon\SafeWrapper.dll
0x00007ff81d280000 - 0x00007ff81d33c000 	C:\WINDOWS\System32\ADVAPI32.dll
0x00007ff81b3b0000 - 0x00007ff81b459000 	C:\WINDOWS\System32\sechost.dll
0x00007ff81b190000 - 0x00007ff81b2a8000 	C:\WINDOWS\System32\RPCRT4.dll
0x00007ff817d50000 - 0x00007ff817e55000 	C:\Program Files (x86)\360\Total Security\safemon\libzdtp64.dll
0x00007ff81b9d0000 - 0x00007ff81c168000 	C:\WINDOWS\System32\SHELL32.dll
0x00007ff81b2b0000 - 0x00007ff81b316000 	C:\WINDOWS\System32\SHLWAPI.dll
0x00007ff81a080000 - 0x00007ff81a08b000 	C:\WINDOWS\SYSTEM32\VERSION.dll
0x00007ff8132b0000 - 0x00007ff8132bc000 	C:\Program Files\Android\Android Studio\jbr\bin\vcruntime140_1.dll
0x00007fffea270000 - 0x00007fffea2fd000 	C:\Program Files\Android\Android Studio\jbr\bin\msvcp140.dll
0x00007fffad380000 - 0x00007fffae25d000 	C:\Program Files\Android\Android Studio\jbr\bin\server\jvm.dll
0x00007ff81b320000 - 0x00007ff81b3a0000 	C:\WINDOWS\System32\WS2_32.dll
0x00007ff81a4a0000 - 0x00007ff81a4fe000 	C:\WINDOWS\SYSTEM32\POWRPROF.dll
0x00007ff8088f0000 - 0x00007ff808926000 	C:\WINDOWS\SYSTEM32\WINMM.dll
0x00007ff81a480000 - 0x00007ff81a495000 	C:\WINDOWS\SYSTEM32\UMPDC.dll
0x00007ff819250000 - 0x00007ff81926b000 	C:\WINDOWS\SYSTEM32\kernel.appcore.dll
0x00007ff811710000 - 0x00007ff81171a000 	C:\Program Files\Android\Android Studio\jbr\bin\jimage.dll
0x00007ff817000000 - 0x00007ff81724c000 	C:\WINDOWS\SYSTEM32\DBGHELP.DLL
0x00007ff81cc50000 - 0x00007ff81cfd5000 	C:\WINDOWS\System32\combase.dll
0x00007ff81b8e0000 - 0x00007ff81b9b9000 	C:\WINDOWS\System32\OLEAUT32.dll
0x00007ff801d20000 - 0x00007ff801d5b000 	C:\WINDOWS\SYSTEM32\dbgcore.DLL
0x00007ff81a640000 - 0x00007ff81a6ec000 	C:\WINDOWS\System32\bcryptPrimitives.dll
0x00007ff813520000 - 0x00007ff81352e000 	C:\Program Files\Android\Android Studio\jbr\bin\instrument.dll
0x00007ff8116f0000 - 0x00007ff81170e000 	C:\Program Files\Android\Android Studio\jbr\bin\java.dll
0x00007ff81cab0000 - 0x00007ff81cc4a000 	C:\WINDOWS\System32\ole32.dll
0x00007ff810270000 - 0x00007ff810286000 	C:\Program Files\Android\Android Studio\jbr\bin\zip.dll
0x00007ff818000000 - 0x00007ff8188ae000 	C:\WINDOWS\SYSTEM32\windows.storage.dll
0x00007ff81d180000 - 0x00007ff81d27b000 	C:\WINDOWS\System32\SHCORE.dll
0x00007ff81a560000 - 0x00007ff81a589000 	C:\WINDOWS\SYSTEM32\profapi.dll
0x00007ff8116e0000 - 0x00007ff8116f0000 	C:\Program Files\Android\Android Studio\jbr\bin\net.dll
0x00007ff8197f0000 - 0x00007ff81985c000 	C:\WINDOWS\system32\mswsock.dll
0x00007ff810090000 - 0x00007ff8100a6000 	C:\Program Files\Android\Android Studio\jbr\bin\nio.dll
0x00007ffffc3b0000 - 0x00007ffffc3c0000 	C:\Program Files\Android\Android Studio\jbr\bin\verify.dll
0x00007fffee4f0000 - 0x00007fffee517000 	C:\Users\Mannona\.gradle\native\660c5614fbf4a5f2a75b1949f50a0caf5cd603558e7d8a26e50b933a0cfb79d1\windows-amd64\native-platform.dll
0x00007fffde150000 - 0x00007fffde1c7000 	C:\Users\Mannona\.gradle\native\0.2.8\x86_64-windows-gnu\gradle-fileevents.dll
0x00007ff80be00000 - 0x00007ff80be09000 	C:\Program Files\Android\Android Studio\jbr\bin\management.dll
0x00007ffffc8d0000 - 0x00007ffffc8db000 	C:\Program Files\Android\Android Studio\jbr\bin\management_ext.dll
0x00007ff81c670000 - 0x00007ff81c678000 	C:\WINDOWS\System32\PSAPI.DLL
0x00007ff818c00000 - 0x00007ff818c33000 	C:\WINDOWS\SYSTEM32\IPHLPAPI.DLL
0x00007ff81b160000 - 0x00007ff81b16a000 	C:\WINDOWS\System32\NSI.dll
0x00007ff80ff80000 - 0x00007ff80ff89000 	C:\Program Files\Android\Android Studio\jbr\bin\extnet.dll
0x00007ff819b90000 - 0x00007ff819bab000 	C:\WINDOWS\SYSTEM32\CRYPTSP.dll
0x00007ff8191b0000 - 0x00007ff8191e9000 	C:\WINDOWS\system32\rsaenh.dll
0x00007ff8198a0000 - 0x00007ff8198d4000 	C:\WINDOWS\SYSTEM32\USERENV.dll
0x00007ff81a530000 - 0x00007ff81a55a000 	C:\WINDOWS\SYSTEM32\bcrypt.dll
0x00007ff819a50000 - 0x00007ff819a5c000 	C:\WINDOWS\SYSTEM32\CRYPTBASE.dll
0x00007fff7f750000 - 0x00007fff7f758000 	C:\WINDOWS\system32\wshunix.dll
0x00007ff818c90000 - 0x00007ff818de8000 	C:\WINDOWS\SYSTEM32\DNSAPI.dll
0x00007ff819610000 - 0x00007ff81961d000 	C:\WINDOWS\SYSTEM32\DSPARSE.dll
0x00007ff810340000 - 0x00007ff81034b000 	C:\Windows\System32\rasadhlp.dll
0x00007ff811370000 - 0x00007ff8113f6000 	C:\WINDOWS\System32\fwpuclnt.dll
0x00007ff813380000 - 0x00007ff813387000 	C:\Program Files\Android\Android Studio\jbr\bin\rmi.dll

JVMTI agents:
C:\Users\Mannona\.gradle\wrapper\dists\gradle-9.3.1-all\9ot9r568e8zfvvd4mn8rbu1j0\gradle-9.3.1\lib\agents\gradle-instrumentation-agent-9.3.1.jar path:C:\Program Files\Android\Android Studio\jbr\bin\instrument.dll, loaded, initialized, instrumentlib options:none

dbghelp: loaded successfully - version: 4.0.5 - missing functions: none
symbol engine: initialized successfully - sym options: 0x614 - pdb path: .;C:\Program Files\Android\Android Studio\jbr\bin;C:\WINDOWS\SYSTEM32;C:\WINDOWS\WinSxS\amd64_microsoft.windows.common-controls_6595b64144ccf1df_6.0.26100.9278_none_3e0d1ba8e3303201;C:\Program Files (x86)\360\Total Security\safemon;C:\Program Files\Android\Android Studio\jbr\bin\server;C:\Users\Mannona\.gradle\native\660c5614fbf4a5f2a75b1949f50a0caf5cd603558e7d8a26e50b933a0cfb79d1\windows-amd64;C:\Users\Mannona\.gradle\native\0.2.8\x86_64-windows-gnu

VM Arguments:
jvm_args: --add-opens=java.base/java.lang=ALL-UNNAMED --add-opens=java.base/java.lang.invoke=ALL-UNNAMED --add-opens=java.base/java.util=ALL-UNNAMED --add-opens=java.prefs/java.util.prefs=ALL-UNNAMED --add-exports=jdk.compiler/com.sun.tools.javac.api=ALL-UNNAMED --add-exports=jdk.compiler/com.sun.tools.javac.util=ALL-UNNAMED --add-opens=java.base/java.util=ALL-UNNAMED --add-opens=java.prefs/java.util.prefs=ALL-UNNAMED --add-opens=java.base/java.nio.charset=ALL-UNNAMED --add-opens=java.base/java.net=ALL-UNNAMED --add-opens=java.base/java.util.concurrent=ALL-UNNAMED --add-opens=java.base/java.util.concurrent.atomic=ALL-UNNAMED --add-opens=java.xml/javax.xml.namespace=ALL-UNNAMED --add-opens=java.base/java.time=ALL-UNNAMED --enable-native-access=ALL-UNNAMED -XX:MaxMetaspaceSize=1G -XX:ReservedCodeCacheSize=256m -XX:+HeapDumpOnOutOfMemoryError -Xmx2G -Dfile.encoding=UTF-8 -Duser.country=US -Duser.language=en -Duser.variant -javaagent:C:\Users\Mannona\.gradle\wrapper\dists\gradle-9.3.1-all\9ot9r568e8zfvvd4mn8rbu1j0\gradle-9.3.1\lib\agents\gradle-instrumentation-agent-9.3.1.jar 
java_command: org.gradle.launcher.daemon.bootstrap.GradleDaemon 9.3.1
java_class_path (initial): C:\Users\Mannona\.gradle\wrapper\dists\gradle-9.3.1-all\9ot9r568e8zfvvd4mn8rbu1j0\gradle-9.3.1\lib\gradle-daemon-main-9.3.1.jar
Launcher Type: SUN_STANDARD

[Global flags]
     intx CICompilerCount                          = 4                                         {product} {ergonomic}
   size_t CompressedClassSpaceSize                 = 872415232                                 {product} {ergonomic}
     uint ConcGCThreads                            = 3                                         {product} {ergonomic}
     uint G1ConcRefinementThreads                  = 10                                        {product} {ergonomic}
   size_t G1HeapRegionSize                         = 1048576                                   {product} {ergonomic}
     bool HeapDumpOnOutOfMemoryError               = true                                   {manageable} {command line}
   size_t InitialHeapSize                          = 266338304                                 {product} {ergonomic}
   size_t MarkStackSize                            = 4194304                                   {product} {ergonomic}
   size_t MarkStackSizeMax                         = 536870912                                 {product} {ergonomic}
   size_t MaxHeapSize                              = 2147483648                                {product} {command line}
   size_t MaxMetaspaceSize                         = 1073741824                                {product} {command line}
   size_t MaxNewSize                               = 1287651328                                {product} {ergonomic}
   size_t MinHeapDeltaBytes                        = 1048576                                   {product} {ergonomic}
   size_t MinHeapSize                              = 8388608                                   {product} {ergonomic}
    uintx NonNMethodCodeHeapSize                   = 5898240                                {pd product} {ergonomic}
    uintx NonProfiledCodeHeapSize                  = 131268608                              {pd product} {ergonomic}
    uintx ProfiledCodeHeapSize                     = 131268608                              {pd product} {ergonomic}
    uintx ReservedCodeCacheSize                    = 268435456                              {pd product} {command line, ergonomic}
     bool SegmentedCodeCache                       = true                                      {product} {ergonomic}
   size_t SoftMaxHeapSize                          = 2147483648                             {manageable} {ergonomic}
     bool UseCompressedOops                        = true                           {product lp64_product} {ergonomic}
     bool UseG1GC                                  = true                                      {product} {ergonomic}
     bool UseLargePagesIndividualAllocation        = false                                  {pd product} {ergonomic}

Logging:
Log output configuration:
 #0: stdout all=warning uptime,level,tags foldmultilines=false
 #1: stderr all=off uptime,level,tags foldmultilines=false

Release file:
JAVA_VERSION="25.0.3" 
MODULES="java.base java.compiler java.datatransfer java.xml java.prefs java.desktop java.instrument java.logging java.management java.security.sasl java.naming java.rmi java.management.rmi java.net.http java.scripting java.security.jgss java.transaction.xa java.sql java.sql.rowset java.xml.crypto java.se java.smartcardio jdk.accessibility jdk.internal.jvmstat jdk.attach jdk.charsets jdk.internal.opt jdk.zipfs jdk.compiler jdk.crypto.cryptoki jdk.crypto.ec jdk.dynalink jdk.hotspot.agent jdk.httpserver jdk.internal.ed jdk.internal.le jdk.internal.md jdk.internal.vm.ci jdk.jartool jdk.javadoc jdk.jcmd jdk.jdeps jdk.jdwp.agent jdk.jdi jdk.jfr jdk.jlink jdk.localedata jdk.management jdk.management.agent jdk.management.jfr jdk.naming.dns jdk.naming.rmi jdk.net jdk.sctp jdk.security.auth jdk.security.jgss jdk.unsupported jdk.unsupported.desktop jdk.xml.dom" 
IMPLEMENTOR="JetBrains s.r.o." 
JAVA_RUNTIME_VERSION="25.0.3+-15898627-b508.16" 
LIBC="default" 
OS_ARCH="x86_64" 
OS_NAME="Windows" 
SOURCE=".:git:a8b1dba3234f" 

Environment Variables:
JAVA_HOME=C:\Program Files\Android\Android Studio\jbr
CLASSPATH=C:\Users\Mannona\Desktop\flutterprojects\android\\gradle\wrapper\gradle-wrapper.jar
PATH=C:\Program Files\Android\Android Studio\jbr\bin;C:\Program Files\Eclipse Adoptium\jre-8.0.462.8-hotspot\bin;C:\WINDOWS\system32;C:\WINDOWS;C:\WINDOWS\System32\Wbem;C:\WINDOWS\System32\WindowsPowerShell\v1.0\;C:\WINDOWS\System32\OpenSSH\;C:\Program Files (x86)\NVIDIA Corporation\PhysX\Common;C:\Program Files\NVIDIA Corporation\NVIDIA NvDLISR;C:\Program Files\Microsoft VS Code\bin;C:\Program Files\dotnet\;C:\Program Files\Docker\Docker\resources\bin;C:\Program Files\nodejs\;C:\Program Files\Git\cmd;c:\Users\Mannona\AppData\Roaming\Code\User\globalStorage\github.copilot-chat\debugCommand;c:\Users\Mannona\AppData\Roaming\Code\User\globalStorage\github.copilot-chat\copilotCli;C:\Users\Mannona\AppData\Local\Programs\Python\Python311\Scripts\;C:\Users\Mannona\AppData\Local\Programs\Python\Python311\;C:\Users\Mannona\AppData\Local\Microsoft\WindowsApps;C:\Users\Mannona\AppData\Roaming\npm;C:\Users\Mannona\AppData\Local\Kingsoft\WPS Office\12.1.0.27458\clitool;D:\IntelliJ IDEA 2026.2.2\bin;C:\src\flutter\bin;C:\src\flutter\bin\mingit\cmd
USERNAME=Mannona
OS=Windows_NT
PROCESSOR_IDENTIFIER=Intel64 Family 6 Model 158 Stepping 10, GenuineIntel
TMP=C:\Users\Mannona\AppData\Local\Temp
TEMP=C:\Users\Mannona\AppData\Local\Temp




Compilation memory statistics disabled.

Periodic native trim disabled

JNI global refs:
JNI global refs: 27, weak refs: 0

JNI global refs memory usage: 835, weak refs: 833

Process memory usage:
Resident Set Size: 607940K (3% of 16564264K total physical memory with 2186488K free physical memory)

OOME stack traces (most recent first):
Classloader memory used:
Loader org.gradle.internal.classloader.VisitableURLClassLoader                         : 44789 K
Loader bootstrap                                                                       : 32584 K
Loader org.gradle.initialization.MixInLegacyTypesClassLoader                           : 12297 K
Loader org.gradle.internal.classloader.VisitableURLClassLoader$InstrumentingVisitableURLClassLoader: 8681 K
Loader java.net.URLClassLoader                                                         : 5239 K
Loader jdk.internal.loader.ClassLoaders$AppClassLoader                                 : 226 K
Loader jdk.internal.loader.ClassLoaders$PlatformClassLoader                            : 111 K
Loader org.gradle.internal.classloader.VisitableURLClassLoader                         : 91560 B
Loader sun.reflect.misc.MethodUtil                                                     : 2968 B

Classes loaded by more than one classloader:
Class Program                                                                         : loaded 4 times (x 74B)
Class kotlin.text.StringsKt__StringsKt                                                : loaded 2 times (x 73B)
Class org.gradle.internal.classloader.FilteringClassLoader                            : loaded 2 times (x 106B)
Class kotlin.jvm.internal.CollectionToArray                                           : loaded 2 times (x 73B)
Class kotlin.io.FilesKt__FileTreeWalkKt                                               : loaded 2 times (x 73B)
Class kotlin.sequences.FilteringSequence$iterator$1                                   : loaded 2 times (x 81B)
Class kotlin.sequences.SequencesKt__SequenceBuilderKt                                 : loaded 2 times (x 73B)
Class kotlin.collections.CollectionsKt__ReversedViewsKt                               : loaded 2 times (x 73B)
Class org.gradle.internal.classloader.ClassLoaderHierarchy                            : loaded 2 times (x 72B)
Class org.gradle.api.internal.classpath.ManifestUtil                                  : loaded 2 times (x 73B)
Class org.gradle.internal.classloader.DefaultClassLoaderFactory                       : loaded 2 times (x 84B)
Class kotlin.sequences.SequencesKt___SequencesKt                                      : loaded 2 times (x 73B)
Class kotlin.collections.AbstractList$Companion                                       : loaded 2 times (x 73B)
Class org.gradle.internal.classloader.ClassLoaderVisitor                              : loaded 2 times (x 78B)
Class org.gradle.api.internal.classpath.EffectiveClassPath                            : loaded 2 times (x 92B)
Class kotlin.text.StringsKt__AppendableKt                                             : loaded 2 times (x 73B)
Class [Lkotlin.reflect.KCallable;                                                     : loaded 2 times (x 71B)
Class org.gradle.api.internal.DefaultClassPathProvider                                : loaded 2 times (x 78B)
Class kotlin.sequences.Sequence                                                       : loaded 2 times (x 72B)
Class kotlin.text.StringsKt__StringNumberConversionsJVMKt                             : loaded 2 times (x 73B)
Class [Lorg.gradle.api.internal.ClassPathProvider;                                    : loaded 2 times (x 71B)
Class org.gradle.api.internal.ClassPathProvider                                       : loaded 2 times (x 72B)
Class org.gradle.internal.service.UnknownServiceException                             : loaded 2 times (x 85B)
Class kotlin.collections.ArraysKt___ArraysJvmKt                                       : loaded 2 times (x 73B)
Class kotlin.collections.CollectionsKt__CollectionsKt                                 : loaded 2 times (x 73B)
Class kotlin.text.StringsKt__RegexExtensionsJVMKt                                     : loaded 2 times (x 73B)
Class kotlin._Assertions                                                              : loaded 2 times (x 73B)
Class org.gradle.internal.classpath.TransformedClassPath                              : loaded 2 times (x 98B)
Class org.gradle.internal.classloader.InstrumentingClassLoader                        : loaded 2 times (x 72B)
Class kotlin.jvm.internal.FunctionReference                                           : loaded 2 times (x 124B)
Class kotlin.jvm.internal.FunctionBase                                                : loaded 2 times (x 72B)
Class kotlin.enums.EnumEntriesList                                                    : loaded 2 times (x 225B)
Class kotlin.collections.CollectionsKt__IteratorsJVMKt                                : loaded 2 times (x 73B)
Class [Lorg.jetbrains.kotlin.com.intellij.openapi.diagnostic.LogLevel;                : loaded 2 times (x 71B)
Class org.jetbrains.kotlin.build.report.metrics.GradleBuildTime                       : loaded 2 times (x 90B)
Class org.gradle.internal.service.ServiceLocator                                      : loaded 2 times (x 72B)
Class kotlin.Pair                                                                     : loaded 2 times (x 74B)
Class [Lkotlin.Function;                                                              : loaded 2 times (x 71B)
Class kotlin.io.CloseableKt                                                           : loaded 2 times (x 73B)
Class kotlin.collections.CollectionsKt__MutableCollectionsKt                          : loaded 2 times (x 73B)
Class kotlin.reflect.KCallable                                                        : loaded 2 times (x 72B)
Class kotlin.io.TerminateException                                                    : loaded 2 times (x 84B)
Class kotlin.io.FilesKt__FilePathComponentsKt                                         : loaded 2 times (x 73B)
Class [Lorg.jetbrains.kotlin.build.report.metrics.BuildTime;                          : loaded 2 times (x 71B)
Class kotlin.collections.EmptyList                                                    : loaded 2 times (x 176B)
Class kotlin.collections.MapsKt__MapsJVMKt                                            : loaded 2 times (x 73B)
Class org.gradle.internal.classloader.ClasspathUtil$1                                 : loaded 2 times (x 78B)
Class org.gradle.api.internal.classpath.DefaultModuleRegistry$DefaultModule           : loaded 2 times (x 88B)
Class kotlin.collections.IndexingIterable                                             : loaded 2 times (x 81B)
Class kotlin.collections.ArraysKt__ArraysKt                                           : loaded 2 times (x 73B)
Class kotlin.collections.SetsKt__SetsJVMKt                                            : loaded 2 times (x 73B)
Class kotlin.Function                                                                 : loaded 2 times (x 72B)
Class org.gradle.api.internal.classpath.Module                                        : loaded 2 times (x 72B)
Class kotlin.internal.ProgressionUtilKt                                               : loaded 2 times (x 73B)
Class kotlin.io.FileAlreadyExistsException                                            : loaded 2 times (x 84B)
Class org.gradle.api.internal.classpath.UnknownModuleException                        : loaded 2 times (x 84B)
Class kotlin.collections.IndexingIterator                                             : loaded 2 times (x 81B)
Class org.jetbrains.kotlin.build.report.metrics.BuildMetricsReporter                  : loaded 2 times (x 72B)
Class [Lkotlin.reflect.KAnnotatedElement;                                             : loaded 2 times (x 71B)
Class org.gradle.api.internal.DefaultClassPathRegistry                                : loaded 2 times (x 78B)
Class org.gradle.api.internal.ClassPathRegistry                                       : loaded 2 times (x 72B)
Class org.gradle.internal.classpath.DefaultClassPath$ImmutableUniqueList              : loaded 2 times (x 201B)
Class kotlin.text.StringsKt__StringsJVMKt                                             : loaded 2 times (x 73B)
Class kotlin.collections.SetsKt                                                       : loaded 2 times (x 73B)
Class kotlin.text.StringsKt__IndentKt                                                 : loaded 2 times (x 73B)
Class kotlin.NotImplementedError                                                      : loaded 2 times (x 84B)
Class Settings_gradle$1                                                               : loaded 2 times (x 76B)
Class org.gradle.internal.classpath.ClassPath                                         : loaded 2 times (x 72B)
Class kotlin.reflect.KFunction                                                        : loaded 2 times (x 72B)
Class org.jetbrains.kotlin.com.intellij.openapi.diagnostic.Logger                     : loaded 2 times (x 101B)
Class kotlin.collections.MapsKt__MapsKt                                               : loaded 2 times (x 73B)
Class kotlin.UninitializedPropertyAccessException                                     : loaded 2 times (x 84B)
Class org.gradle.api.internal.classpath.ModuleRegistry                                : loaded 2 times (x 72B)
Class org.gradle.internal.installation.GradleInstallation$1                           : loaded 2 times (x 77B)
Class kotlin.io.FilesKt__UtilsKt                                                      : loaded 2 times (x 73B)
Class kotlin.collections.CollectionsKt__CollectionsJVMKt                              : loaded 2 times (x 73B)
Class org.gradle.api.internal.classpath.DefaultModuleRegistry                         : loaded 2 times (x 88B)
Class kotlin.collections.IndexedValue                                                 : loaded 2 times (x 74B)
Class kotlin.sequences.SequencesKt                                                    : loaded 2 times (x 73B)
Class kotlin.collections.CollectionsKt__IteratorsKt                                   : loaded 2 times (x 73B)
Class org.jetbrains.kotlin.build.report.metrics.GradleBuildTime$Companion             : loaded 2 times (x 73B)
Class org.jetbrains.kotlin.com.intellij.openapi.diagnostic.Logger$DefaultFactory      : loaded 2 times (x 76B)
Class kotlin.text.StringsKt                                                           : loaded 2 times (x 73B)
Class kotlin.LazyKt__LazyJVMKt                                                        : loaded 2 times (x 73B)
Class kotlin.io.FilesKt__FileReadWriteKt                                              : loaded 2 times (x 73B)
Class kotlin.text.StringsKt__StringNumberConversionsKt                                : loaded 2 times (x 73B)
Class org.gradle.internal.service.ServiceLookupException                              : loaded 2 times (x 84B)
Class org.jetbrains.kotlin.com.intellij.openapi.diagnostic.LogLevel                   : loaded 2 times (x 81B)
Class org.gradle.internal.classloader.ClassLoaderFactory                              : loaded 2 times (x 72B)
Class org.gradle.internal.service.CachingServiceLocator                               : loaded 2 times (x 84B)
Class kotlin.jvm.internal.CallableReference                                           : loaded 2 times (x 108B)
Class org.jetbrains.kotlin.build.report.metrics.BuildTime                             : loaded 2 times (x 72B)
Class kotlin.enums.EnumEntries                                                        : loaded 2 times (x 72B)
Class org.jetbrains.kotlin.build.report.metrics.DoNothingBuildMetricsReporter         : loaded 2 times (x 89B)
Class org.jetbrains.kotlin.com.intellij.openapi.diagnostic.Logger$Factory             : loaded 2 times (x 72B)
Class org.gradle.internal.classloader.ClasspathUtil                                   : loaded 2 times (x 73B)
Class kotlin.io.FileSystemException                                                   : loaded 2 times (x 84B)
Class kotlin.jvm.internal.DefaultConstructorMarker                                    : loaded 2 times (x 73B)
Class org.gradle.api.specs.Spec                                                       : loaded 2 times (x 72B)
Class kotlin.collections.EmptyIterator                                                : loaded 2 times (x 91B)
Class kotlin.SynchronizedLazyImpl                                                     : loaded 2 times (x 78B)
Class kotlin.text.StringsKt__RegexExtensionsKt                                        : loaded 2 times (x 73B)
Class kotlin.sequences.SequencesKt__SequencesJVMKt                                    : loaded 2 times (x 73B)
Class kotlin.collections.AbstractList                                                 : loaded 2 times (x 199B)
Class kotlin.collections.AbstractCollection                                           : loaded 2 times (x 119B)
Class kotlin.collections.ArrayAsCollection                                            : loaded 2 times (x 107B)
Class kotlin.LazyKt__LazyKt                                                           : loaded 2 times (x 73B)
Class kotlin.text.StringsKt__StringBuilderJVMKt                                       : loaded 2 times (x 73B)
Class kotlin.UNINITIALIZED_VALUE                                                      : loaded 2 times (x 73B)
Class org.gradle.internal.classloader.VisitableURLClassLoader$InstrumentingVisitableURLClassLoader: loaded 2 times (x 124B)
Class kotlin.ranges.RangesKt__RangesKt                                                : loaded 2 times (x 73B)
Class kotlin.collections.SetsKt___SetsKt                                              : loaded 2 times (x 73B)
Class kotlin.sequences.SequencesKt__SequencesKt                                       : loaded 2 times (x 73B)
Class org.gradle.internal.classloader.VisitableURLClassLoader$Spec                    : loaded 2 times (x 76B)
Class org.gradle.internal.classpath.DefaultClassPath                                  : loaded 2 times (x 92B)
Class kotlin.sequences.FilteringSequence                                              : loaded 2 times (x 77B)
Class [Lorg.jetbrains.kotlin.build.report.metrics.GradleBuildTime;                    : loaded 2 times (x 71B)
Class org.gradle.internal.classloader.ClassLoaderSpec                                 : loaded 2 times (x 73B)
Class kotlin.jvm.internal.FunctionReferenceImpl                                       : loaded 2 times (x 124B)
Class kotlin.collections.CollectionsKt___CollectionsJvmKt                             : loaded 2 times (x 73B)
Class kotlin.TuplesKt                                                                 : loaded 2 times (x 73B)
Class kotlin.Unit                                                                     : loaded 2 times (x 73B)
Class kotlin.sequences.SequencesKt___SequencesJvmKt                                   : loaded 2 times (x 73B)
Class Settings_gradle$1$1                                                             : loaded 2 times (x 76B)
Class kotlin.ranges.RangesKt                                                          : loaded 2 times (x 73B)
Class org.gradle.internal.classloader.VisitableURLClassLoader                         : loaded 2 times (x 118B)
Class kotlin.collections.ArraysUtilJVM                                                : loaded 2 times (x 73B)
Class kotlin.jvm.functions.Function0                                                  : loaded 2 times (x 72B)
Class Settings_gradle                                                                 : loaded 2 times (x 126B)
Class org.gradle.internal.Cast                                                        : loaded 2 times (x 73B)
Class org.gradle.api.Action                                                           : loaded 2 times (x 72B)
Class kotlin.jvm.functions.Function1                                                  : loaded 2 times (x 72B)
Class kotlin.jvm.functions.Function2                                                  : loaded 2 times (x 72B)
Class org.gradle.internal.classpath.DefaultClassPath$ImmutableUniqueList$Builder      : loaded 2 times (x 77B)
Class kotlin.jvm.functions.Function3                                                  : loaded 2 times (x 72B)
Class kotlin.collections.MapsKt___MapsJvmKt                                           : loaded 2 times (x 73B)
Class kotlin.collections.EmptySet                                                     : loaded 2 times (x 124B)
Class kotlin.collections.CollectionsKt___CollectionsKt                                : loaded 2 times (x 73B)
Class org.gradle.api.GradleException                                                  : loaded 2 times (x 84B)
Class kotlin.reflect.KDeclarationContainer                                            : loaded 2 times (x 72B)
Class kotlin.text.StringsKt___StringsJvmKt                                            : loaded 2 times (x 73B)
Class kotlin.collections.MapsKt___MapsKt                                              : loaded 2 times (x 73B)
Class kotlin.io.FilesKt                                                               : loaded 2 times (x 73B)
Class kotlin.collections.ArraysKt___ArraysKt                                          : loaded 2 times (x 73B)
Class kotlin.collections.MapsKt__MapWithDefaultKt                                     : loaded 2 times (x 73B)
Class kotlin.collections.CollectionsKt__MutableCollectionsJVMKt                       : loaded 2 times (x 73B)
Class kotlin.enums.EnumEntriesKt                                                      : loaded 2 times (x 73B)
Class kotlin.text.StringsKt___StringsKt                                               : loaded 2 times (x 73B)
Class org.gradle.internal.IoActions                                                   : loaded 2 times (x 73B)
Class org.gradle.internal.classloader.SystemClassLoaderSpec                           : loaded 2 times (x 73B)
Class kotlin.reflect.KAnnotatedElement                                                : loaded 2 times (x 72B)
Class kotlin.jvm.internal.Intrinsics                                                  : loaded 2 times (x 73B)
Class kotlin.collections.MapsKt                                                       : loaded 2 times (x 73B)
Class kotlin.collections.CollectionsKt__IterablesKt                                   : loaded 2 times (x 73B)
Class kotlin.KotlinNullPointerException                                               : loaded 2 times (x 84B)
Class kotlin.ranges.RangesKt___RangesKt                                               : loaded 2 times (x 73B)
Class org.jetbrains.kotlin.com.intellij.openapi.diagnostic.Attachment                 : loaded 2 times (x 74B)
Class kotlin.collections.ArraysKt                                                     : loaded 2 times (x 73B)
Class kotlin.collections.SetsKt__SetsKt                                               : loaded 2 times (x 73B)
Class kotlin.LazyKt                                                                   : loaded 2 times (x 73B)
Class kotlin.collections.ArraysKt__ArraysJVMKt                                        : loaded 2 times (x 73B)
Class kotlin.jvm.internal.CallableReference$NoReceiver                                : loaded 2 times (x 73B)
Class kotlin.text.StringsKt__StringBuilderKt                                          : loaded 2 times (x 73B)
Class org.gradle.api.internal.classpath.GlobalCacheRootsProvider                      : loaded 2 times (x 72B)
Class kotlin.Lazy                                                                     : loaded 2 times (x 72B)
Class kotlin.NoWhenBranchMatchedException                                             : loaded 2 times (x 84B)
Class [Lkotlin.jvm.functions.Function1;                                               : loaded 2 times (x 71B)
Class kotlin.sequences.ConstrainedOnceSequence                                        : loaded 2 times (x 77B)
Class kotlin.jvm.internal.markers.KMappedMarker                                       : loaded 2 times (x 72B)
Class Build_gradle                                                                    : loaded 2 times (x 128B)
Class org.gradle.internal.installation.CurrentGradleInstallationLocator               : loaded 2 times (x 73B)
Class org.gradle.internal.service.DefaultServiceLocator                               : loaded 2 times (x 85B)
Class org.gradle.internal.installation.CurrentGradleInstallation                      : loaded 2 times (x 75B)
Class org.gradle.util.internal.GUtil                                                  : loaded 2 times (x 73B)
Class kotlin.io.NoSuchFileException                                                   : loaded 2 times (x 84B)
Class kotlin.collections.CollectionsKt                                                : loaded 2 times (x 73B)
Class org.gradle.internal.installation.GradleInstallation                             : loaded 2 times (x 77B)
Class kotlin.jvm.KotlinReflectionNotSupportedError                                    : loaded 2 times (x 84B)
Class org.jetbrains.kotlin.com.intellij.openapi.diagnostic.DefaultLogger              : loaded 2 times (x 102B)

---------------  S Y S T E M  ---------------

OS:
 Windows 11 , 64 bit Build 26100 (10.0.26100.9444)
OS uptime: 5 days 23:40 hours
Hyper-V role detected

CPU: total 12 (initial active 12) (6 cores per cpu, 2 threads per core) family 6 model 158 stepping 10 microcode 0xf8, cx8, cmov, fxsr, ht, mmx, 3dnowpref, sse, sse2, sse3, ssse3, sse4.1, sse4.2, popcnt, lzcnt, tsc, tscinvbit, avx, avx2, aes, erms, clmul, bmi1, bmi2, rtm, adx, fma, vzeroupper, clflush, clflushopt, hv, rdtscp, f16c
Processor Information for the first 12 processors :
  Max Mhz: 2592, Current Mhz: 2592, Mhz Limit: 2592

Memory: 4k page, system-wide physical 16176M (2135M free)
TotalPageFile size 18224M (AvailPageFile size 7M)
current process WorkingSet (physical memory assigned to process): 595M, peak: 619M
current process commit charge ("private bytes"): 632M, peak: 666M

vm_info: OpenJDK 64-Bit Server VM (25.0.3+-15898627-b508.16) for windows-amd64 JRE (25.0.3+-15898627-b508.16), built on 2026-07-20T17:54:23Z with MS VC++ 16.10 / 16.11 (VS2019)

END.
